{"type":"FeatureCollection","crs":{"type":"name","properties":{"name":"urn:ogc:def:crs:OGC:1.3:CRS84"}},"features":[{"type":"Feature","geometry":{"type":"Polygon","coordinates":[[[-70.731802,-7.693571],[-70.72749,-7.697633],[-70.723453,-7.701967],[-70.720785,-7.705237],[-70.719165,-7.706928],[-70.718177,-7.707996],[-70.716437,-7.709934],[-70.712693,-7.714523],[-70.709257,-7.719346],[-70.706145,-7.724383],[-70.70337,-7.729612],[-70.700944,-7.735011],[-70.698876,-7.740557],[-70.697177,-7.746226],[-70.695853,-7.751993],[-70.69491,-7.757835],[-70.694352,-7.763725],[-70.694182,-7.76964],[-70.6944,-7.775552],[-70.695005,-7.781438],[-70.695995,-7.787272],[-70.697365,-7.793029],[-70.69911,-7.798684],[-70.701222,-7.804213],[-70.703692,-7.809592],[-70.70651,-7.814799],[-70.709664,-7.819811],[-70.713139,-7.824606],[-70.716922,-7.829164],[-70.720995,-7.833466],[-70.725342,-7.837493],[-70.727555,-7.839351],[-70.731205,-7.843739],[-70.735279,-7.84804],[-70.739626,-7.852067],[-70.744228,-7.855801],[-70.749066,-7.859227],[-70.754117,-7.862331],[-70.759362,-7.865098],[-70.764777,-7.867517],[-70.770141,-7.869512],[-70.773756,-7.870727],[-70.773953,-7.870793],[-70.779638,-7.872487],[-70.784037,-7.87349],[-70.786787,-7.876801],[-70.788112,-7.8782],[-70.788528,-7.879946],[-70.790275,-7.885601],[-70.792389,-7.891129],[-70.794861,-7.896507],[-70.797321,-7.901092],[-70.797636,-7.901851],[-70.799828,-7.90662],[-70.799856,-7.906785],[-70.801229,-7.912541],[-70.802976,-7.918195],[-70.80509,-7.923723],[-70.807563,-7.929102],[-70.810383,-7.934307],[-70.813539,-7.939318],[-70.817016,-7.944112],[-70.820801,-7.948668],[-70.824877,-7.952969],[-70.829226,-7.956994],[-70.833831,-7.960727],[-70.835756,-7.962089],[-70.837953,-7.965118],[-70.841739,-7.969675],[-70.844978,-7.973137],[-70.846928,-7.977297],[-70.849749,-7.982502],[-70.852906,-7.987512],[-70.856385,-7.992305],[-70.86017,-7.996861],[-70.864247,-8.001161],[-70.868597,-8.005186],[-70.873202,-8.008918],[-70.874976,-8.010173],[-70.875959,-8.012308],[-70.87878,-8.017513],[-70.881604,-8.022026],[-70.881941,-8.022531],[-70.884529,-8.026582],[-70.888009,-8.031375],[-70.891795,-8.035931],[-70.895873,-8.04023],[-70.900224,-8.044254],[-70.90483,-8.047986],[-70.906807,-8.049384],[-70.910104,-8.05335],[-70.912811,-8.056266],[-70.91638,-8.059997],[-70.920732,-8.064021],[-70.925338,-8.067753],[-70.925402,-8.067801],[-70.929902,-8.071441],[-70.934593,-8.074764],[-70.937752,-8.077286],[-70.938812,-8.078746],[-70.942599,-8.083301],[-70.946678,-8.0876],[-70.95103,-8.091623],[-70.955636,-8.095354],[-70.960478,-8.098777],[-70.965534,-8.101876],[-70.970783,-8.10464],[-70.976202,-8.107055],[-70.981768,-8.109112],[-70.987457,-8.110801],[-70.98881,-8.111125],[-70.989069,-8.111283],[-70.994318,-8.114046],[-70.999737,-8.116461],[-71.005303,-8.118518],[-71.010993,-8.120207],[-71.01678,-8.121522],[-71.020319,-8.122086],[-71.021617,-8.122381],[-71.027479,-8.123315],[-71.03339,-8.123865],[-71.036934,-8.12401],[-71.037759,-8.124027],[-71.040148,-8.124047],[-71.04608,-8.123823],[-71.051985,-8.123214],[-71.057837,-8.122221],[-71.060644,-8.121554],[-71.060967,-8.121666],[-71.06265,-8.122165],[-71.066077,-8.123968],[-71.071497,-8.126382],[-71.077063,-8.128437],[-71.080744,-8.12953],[-71.085522,-8.131657],[-71.086064,-8.131857],[-71.086181,-8.131929],[-71.088749,-8.133686],[-71.093806,-8.136783],[-71.099056,-8.139545],[-71.104476,-8.141958],[-71.110043,-8.144013],[-71.115732,-8.1457],[-71.12152,-8.147013],[-71.127383,-8.147946],[-71.128968,-8.14812],[-71.132333,-8.15018],[-71.137583,-8.152941],[-71.143003,-8.155354],[-71.14857,-8.157408],[-71.15426,-8.159095],[-71.160049,-8.160407],[-71.165911,-8.161339],[-71.171821,-8.161888],[-71.177756,-8.162049],[-71.183688,-8.161824],[-71.189592,-8.161212],[-71.195444,-8.160217],[-71.201217,-8.158842],[-71.206888,-8.157094],[-71.212432,-8.154981],[-71.217826,-8.15251],[-71.223045,-8.149693],[-71.225061,-8.148484],[-71.225282,-8.148372],[-71.226628,-8.14832],[-71.230256,-8.14819],[-71.230501,-8.148181],[-71.235812,-8.147976],[-71.238738,-8.147816],[-71.239438,-8.147764],[-71.241484,-8.147603],[-71.242606,-8.147549],[-71.245816,-8.147557],[-71.252479,-8.14733],[-71.258383,-8.146717],[-71.264234,-8.145721],[-71.265589,-8.145434],[-71.270319,-8.144394],[-71.270435,-8.144378],[-71.276286,-8.143381],[-71.282059,-8.142006],[-71.287729,-8.140257],[-71.293272,-8.138142],[-71.294747,-8.137508],[-71.296158,-8.136887],[-71.301774,-8.136295],[-71.307624,-8.135298],[-71.313397,-8.133922],[-71.316659,-8.132965],[-71.317558,-8.132683],[-71.319966,-8.131891],[-71.325509,-8.129776],[-71.330901,-8.127304],[-71.336119,-8.124486],[-71.336579,-8.124216],[-71.339968,-8.122874],[-71.34536,-8.120402],[-71.350578,-8.117583],[-71.35415,-8.115388],[-71.356502,-8.113867],[-71.359076,-8.112354],[-71.36244,-8.110278],[-71.366921,-8.107375],[-71.367715,-8.106855],[-71.371241,-8.104518],[-71.375059,-8.102018],[-71.378376,-8.099907],[-71.379437,-8.099221],[-71.382838,-8.09699],[-71.386331,-8.094734],[-71.386404,-8.094687],[-71.390201,-8.09223],[-71.391056,-8.091669],[-71.394094,-8.089655],[-71.396326,-8.088239],[-71.398443,-8.086853],[-71.398483,-8.086826],[-71.399487,-8.086148],[-71.401187,-8.085322],[-71.406404,-8.082503],[-71.411425,-8.079351],[-71.416228,-8.075878],[-71.420258,-8.072568],[-71.420954,-8.072113],[-71.423444,-8.07105],[-71.444398,-8.062638],[-71.450552,-8.060172],[-71.455066,-8.058376],[-71.455459,-8.058218],[-71.491838,-8.043547],[-71.496866,-8.04267],[-71.499465,-8.042178],[-71.505235,-8.0408],[-71.510902,-8.039049],[-71.516442,-8.036932],[-71.521831,-8.034458],[-71.527046,-8.031638],[-71.532064,-8.028484],[-71.536866,-8.02501],[-71.541428,-8.021231],[-71.545733,-8.017162],[-71.549762,-8.012821],[-71.553497,-8.008226],[-71.556922,-8.003398],[-71.560023,-7.998357],[-71.562787,-7.993125],[-71.563224,-7.992215],[-71.565552,-7.987295],[-71.56753,-7.982803],[-71.569585,-7.977255],[-71.571272,-7.971586],[-71.572583,-7.965819],[-71.573512,-7.959979],[-71.574057,-7.95409],[-71.574216,-7.948588],[-71.574214,-7.94765],[-71.5744,-7.947234],[-71.576455,-7.941687],[-71.578142,-7.936017],[-71.579453,-7.93025],[-71.580382,-7.92441],[-71.580927,-7.918522],[-71.581084,-7.91261],[-71.580854,-7.906702],[-71.580236,-7.90082],[-71.579233,-7.894992],[-71.579087,-7.894385],[-71.580107,-7.890957],[-71.581418,-7.88519],[-71.582348,-7.87935],[-71.582893,-7.873461],[-71.58305,-7.86755],[-71.582819,-7.861641],[-71.582202,-7.85576],[-71.5812,-7.849932],[-71.580851,-7.848316],[-71.580295,-7.845365],[-71.578913,-7.839615],[-71.577157,-7.833966],[-71.577078,-7.833741],[-71.576823,-7.832995],[-71.5747,-7.827474],[-71.573068,-7.823837],[-71.57073,-7.818921],[-71.569882,-7.817187],[-71.567055,-7.811988],[-71.563893,-7.806986],[-71.56041,-7.8022],[-71.559782,-7.80141],[-71.56009,-7.800373],[-71.561402,-7.794606],[-71.562332,-7.788766],[-71.562878,-7.782878],[-71.562986,-7.780568],[-71.563035,-7.779099],[-71.563016,-7.778086],[-71.563086,-7.775497],[-71.562856,-7.769588],[-71.562239,-7.763707],[-71.561238,-7.757878],[-71.560085,-7.752975],[-71.559761,-7.751751],[-71.559533,-7.750903],[-71.558058,-7.746116],[-71.557015,-7.741774],[-71.55526,-7.736125],[-71.553138,-7.730604],[-71.550659,-7.725232],[-71.547834,-7.720033],[-71.544673,-7.71503],[-71.541191,-7.710244],[-71.537403,-7.705695],[-71.536211,-7.704381],[-71.534362,-7.702384],[-71.531476,-7.699406],[-71.527126,-7.695389],[-71.522521,-7.691664],[-71.519313,-7.689346],[-71.517702,-7.687717],[-71.513351,-7.6837],[-71.508747,-7.679975],[-71.507106,-7.678817],[-71.505183,-7.676792],[-71.500833,-7.672775],[-71.496228,-7.66905],[-71.494301,-7.667689],[-71.492206,-7.664809],[-71.488419,-7.660259],[-71.484342,-7.655966],[-71.479992,-7.651948],[-71.475388,-7.648223],[-71.471171,-7.645245],[-71.468646,-7.641244],[-71.465166,-7.636457],[-71.461379,-7.631907],[-71.457302,-7.627614],[-71.452953,-7.623595],[-71.44835,-7.61987],[-71.443512,-7.616452],[-71.438461,-7.613358],[-71.433218,-7.610599],[-71.427805,-7.608189],[-71.422246,-7.606136],[-71.416565,-7.604451],[-71.410785,-7.603141],[-71.404931,-7.60221],[-71.399029,-7.601663],[-71.393104,-7.601502],[-71.387181,-7.601728],[-71.383135,-7.602106],[-71.340583,-7.607043],[-71.295662,-7.612249],[-71.205578,-7.622666],[-71.205575,-7.622667],[-71.160662,-7.627855],[-71.160659,-7.627856],[-71.070857,-7.63822],[-70.935679,-7.65378],[-70.935676,-7.65378],[-70.845595,-7.664129],[-70.800593,-7.66929],[-70.80058,-7.669291],[-70.783986,-7.671195],[-70.781542,-7.671474],[-70.779642,-7.671711],[-70.773795,-7.672699],[-70.768024,-7.674066],[-70.762356,-7.675807],[-70.756814,-7.677914],[-70.751422,-7.680378],[-70.746203,-7.683188],[-70.741179,-7.686333],[-70.736372,-7.689799],[-70.731802,-7.693571]],[[-71.396142,-7.707704],[-71.395583,-7.710031],[-71.395942,-7.709942],[-71.396867,-7.710949],[-71.400231,-7.709003],[-71.401132,-7.709087],[-71.401078,-7.70943],[-71.405736,-7.711463],[-71.405999,-7.711855],[-71.404805,-7.712407],[-71.405027,-7.712725],[-71.40334,-7.714432],[-71.403626,-7.716188],[-71.404973,-7.717157],[-71.405195,-7.716712],[-71.406039,-7.716778],[-71.408147,-7.717868],[-71.408514,-7.718325],[-71.408772,-7.719489],[-71.408466,-7.719775],[-71.408918,-7.724033],[-71.408626,-7.724181],[-71.40946,-7.724937],[-71.412501,-7.723857],[-71.413554,-7.724035],[-71.413532,-7.724085],[-71.413409,-7.72437],[-71.414647,-7.724331],[-71.417153,-7.726517],[-71.41707,-7.726855],[-71.418855,-7.725679],[-71.41768,-7.721744],[-71.418275,-7.720115],[-71.419879,-7.719888],[-71.42065,-7.720236],[-71.42034,-7.723672],[-71.420625,-7.723616],[-71.421163,-7.726745],[-71.420875,-7.728169],[-71.421294,-7.728169],[-71.421482,-7.730587],[-71.421283,-7.732251],[-71.421061,-7.732545],[-71.422112,-7.73409],[-71.425522,-7.733794],[-71.425337,-7.734094],[-71.425712,-7.734743],[-71.428614,-7.736703],[-71.428847,-7.736266],[-71.429959,-7.73643],[-71.431238,-7.736343],[-71.432337,-7.736693],[-71.433114,-7.737323],[-71.433332,-7.736957],[-71.436412,-7.738299],[-71.437139,-7.739369],[-71.437481,-7.739267],[-71.441493,-7.741065],[-71.441228,-7.741439],[-71.442718,-7.744229],[-71.441967,-7.746829],[-71.443706,-7.747505],[-71.443961,-7.748913],[-71.448225,-7.753047],[-71.453055,-7.751363],[-71.454013,-7.751992],[-71.452196,-7.755491],[-71.453442,-7.757211],[-71.458008,-7.758594],[-71.459682,-7.76098],[-71.463331,-7.762686],[-71.467789,-7.763682],[-71.469638,-7.76568],[-71.469265,-7.767438],[-71.469634,-7.767545],[-71.470628,-7.771858],[-71.47109,-7.771695],[-71.472154,-7.77481],[-71.472478,-7.776035],[-71.472428,-7.777504],[-71.468666,-7.777457],[-71.466668,-7.777432],[-71.465791,-7.778529],[-71.467012,-7.78187],[-71.466137,-7.78332],[-71.464443,-7.783612],[-71.463742,-7.784638],[-71.464996,-7.78752],[-71.464367,-7.788722],[-71.461187,-7.788775],[-71.461372,-7.790113],[-71.463742,-7.790734],[-71.463121,-7.793134],[-71.464781,-7.799185],[-71.462511,-7.803709],[-71.461134,-7.803858],[-71.45964,-7.80214],[-71.458403,-7.802147],[-71.458166,-7.803911],[-71.458995,-7.80676],[-71.461909,-7.80946],[-71.462354,-7.809407],[-71.465728,-7.812007],[-71.4664,-7.812837],[-71.467446,-7.813688],[-71.465764,-7.816059],[-71.466799,-7.81785],[-71.469385,-7.818998],[-71.470252,-7.822164],[-71.471746,-7.823917],[-71.46935,-7.828617],[-71.469589,-7.830996],[-71.470699,-7.832858],[-71.471568,-7.834839],[-71.475286,-7.8369],[-71.477922,-7.840514],[-71.477202,-7.849643],[-71.478892,-7.853018],[-71.4837,-7.855938],[-71.488299,-7.857592],[-71.488848,-7.857643],[-71.491186,-7.86256],[-71.490828,-7.862823],[-71.49152,-7.863531],[-71.490038,-7.866508],[-71.492424,-7.868098],[-71.49146,-7.868929],[-71.490938,-7.868949],[-71.490876,-7.871877],[-71.489901,-7.872583],[-71.487987,-7.872336],[-71.484317,-7.875853],[-71.483883,-7.876062],[-71.484406,-7.880654],[-71.484985,-7.881349],[-71.484502,-7.88317],[-71.482546,-7.884441],[-71.482863,-7.884595],[-71.483265,-7.886116],[-71.486381,-7.884427],[-71.4875,-7.884209],[-71.488073,-7.884842],[-71.487483,-7.887228],[-71.48677,-7.887727],[-71.486487,-7.887157],[-71.486375,-7.887596],[-71.482964,-7.888209],[-71.482423,-7.889762],[-71.483913,-7.889421],[-71.48457,-7.889968],[-71.484935,-7.891282],[-71.487698,-7.892083],[-71.487955,-7.892638],[-71.487946,-7.893142],[-71.487785,-7.893855],[-71.487426,-7.894649],[-71.486957,-7.894766],[-71.486702,-7.894585],[-71.486005,-7.894088],[-71.48542,-7.893672],[-71.485259,-7.893557],[-71.484717,-7.893171],[-71.484818,-7.893625],[-71.484021,-7.894348],[-71.485472,-7.897506],[-71.4848,-7.897694],[-71.488123,-7.899191],[-71.488463,-7.901288],[-71.487486,-7.902521],[-71.486632,-7.901463],[-71.485292,-7.90128],[-71.483833,-7.90426],[-71.481847,-7.90588],[-71.481745,-7.90708],[-71.484589,-7.907145],[-71.483589,-7.909222],[-71.483624,-7.910503],[-71.484829,-7.910769],[-71.486258,-7.909003],[-71.486403,-7.908824],[-71.487169,-7.908929],[-71.487075,-7.911519],[-71.490448,-7.913161],[-71.489799,-7.91431],[-71.486708,-7.914083],[-71.487104,-7.916262],[-71.484564,-7.91674],[-71.48461,-7.919848],[-71.481715,-7.920383],[-71.481916,-7.92199],[-71.484162,-7.922603],[-71.484552,-7.923828],[-71.483708,-7.924487],[-71.482911,-7.923783],[-71.481709,-7.923899],[-71.481445,-7.925509],[-71.483128,-7.929785],[-71.481801,-7.933932],[-71.481403,-7.934342],[-71.481616,-7.934451],[-71.482043,-7.938223],[-71.481498,-7.938573],[-71.481505,-7.939057],[-71.480493,-7.940017],[-71.481134,-7.942057],[-71.48027,-7.943807],[-71.480603,-7.944732],[-71.482547,-7.945102],[-71.483566,-7.946404],[-71.48357,-7.948731],[-71.48124,-7.953651],[-71.466746,-7.956179],[-71.421461,-7.974438],[-71.41684,-7.976276],[-71.410552,-7.978795],[-71.38865,-7.987586],[-71.384208,-7.989483],[-71.37938,-7.991476],[-71.375416,-7.993845],[-71.371562,-7.99632],[-71.36773,-7.998822],[-71.364049,-8.001394],[-71.362166,-8.002542],[-71.360609,-8.004498],[-71.356399,-8.006166],[-71.352586,-8.008682],[-71.35032,-8.010181],[-71.347628,-8.011998],[-71.344623,-8.013905],[-71.340823,-8.016425],[-71.337026,-8.018882],[-71.333253,-8.021318],[-71.329574,-8.023731],[-71.325766,-8.026154],[-71.321243,-8.029114],[-71.3175,-8.031595],[-71.313019,-8.034497],[-71.308769,-8.036994],[-71.304785,-8.03957],[-71.30349,-8.039712],[-71.300496,-8.04094],[-71.295176,-8.043124],[-71.291196,-8.045658],[-71.290328,-8.04647],[-71.289429,-8.046753],[-71.287163,-8.046402],[-71.284654,-8.046389],[-71.282401,-8.046705],[-71.280448,-8.047231],[-71.278267,-8.047818],[-71.273778,-8.049024],[-71.269789,-8.050209],[-71.264957,-8.051829],[-71.260816,-8.053635],[-71.258096,-8.054833],[-71.255618,-8.054702],[-71.250814,-8.056123],[-71.246046,-8.057171],[-71.240558,-8.057157],[-71.235756,-8.057385],[-71.232308,-8.057656],[-71.226999,-8.05786],[-71.223224,-8.057995],[-71.219209,-8.058152],[-71.214638,-8.058333],[-71.209896,-8.058503],[-71.205404,-8.058662],[-71.200962,-8.058919],[-71.196446,-8.060717],[-71.192723,-8.063017],[-71.188546,-8.065393],[-71.184281,-8.067746],[-71.17873,-8.070312],[-71.177269,-8.07166],[-71.17661,-8.070886],[-71.176877,-8.070731],[-71.175264,-8.066447],[-71.171882,-8.06371],[-71.171056,-8.066368],[-71.169542,-8.066774],[-71.168435,-8.064339],[-71.167136,-8.063829],[-71.16454,-8.062375],[-71.162883,-8.062821],[-71.161247,-8.06248],[-71.160849,-8.062278],[-71.160591,-8.061672],[-71.158525,-8.0606],[-71.157838,-8.059454],[-71.153194,-8.058738],[-71.151673,-8.057462],[-71.148676,-8.057102],[-71.146355,-8.054933],[-71.144809,-8.056651],[-71.143121,-8.05738],[-71.142021,-8.058214],[-71.141678,-8.058451],[-71.139157,-8.058077],[-71.13875,-8.058265],[-71.137939,-8.057399],[-71.136547,-8.05675],[-71.135531,-8.056012],[-71.135698,-8.055744],[-71.134947,-8.055167],[-71.134898,-8.05474],[-71.134375,-8.0543],[-71.133965,-8.054311],[-71.131988,-8.05394],[-71.132093,-8.05182],[-71.128946,-8.050672],[-71.126756,-8.05079],[-71.126187,-8.050695],[-71.12609,-8.050382],[-71.125312,-8.05024],[-71.125134,-8.049914],[-71.125214,-8.049292],[-71.124771,-8.048858],[-71.122424,-8.048212],[-71.120863,-8.047901],[-71.119799,-8.047966],[-71.119278,-8.046981],[-71.118787,-8.046921],[-71.118667,-8.046536],[-71.117993,-8.045654],[-71.118022,-8.044753],[-71.118167,-8.044378],[-71.117993,-8.043904],[-71.117521,-8.043381],[-71.117175,-8.043247],[-71.116533,-8.043541],[-71.115811,-8.044465],[-71.115581,-8.044598],[-71.115527,-8.044807],[-71.11465,-8.044943],[-71.113723,-8.044664],[-71.112913,-8.044023],[-71.11152,-8.044128],[-71.108637,-8.041507],[-71.108147,-8.041729],[-71.107786,-8.041682],[-71.106806,-8.042721],[-71.105777,-8.042691],[-71.104713,-8.041739],[-71.103373,-8.04075],[-71.102535,-8.040401],[-71.101776,-8.03868],[-71.102126,-8.037634],[-71.101383,-8.035682],[-71.101044,-8.035281],[-71.099641,-8.035026],[-71.098814,-8.037064],[-71.098392,-8.03753],[-71.097946,-8.037591],[-71.096924,-8.036545],[-71.093902,-8.036915],[-71.092889,-8.035551],[-71.091901,-8.035651],[-71.091422,-8.035092],[-71.089685,-8.03592],[-71.088674,-8.035554],[-71.08807,-8.034644],[-71.086635,-8.033273],[-71.085792,-8.033378],[-71.083534,-8.032559],[-71.082893,-8.031673],[-71.081393,-8.031258],[-71.081947,-8.030559],[-71.081465,-8.029647],[-71.081707,-8.028952],[-71.080164,-8.027556],[-71.079346,-8.027555],[-71.078126,-8.025849],[-71.078127,-8.025003],[-71.075997,-8.024999],[-71.075566,-8.024971],[-71.075178,-8.025611],[-71.074504,-8.025783],[-71.071965,-8.02313],[-71.07117,-8.022937],[-71.069832,-8.025556],[-71.06875,-8.026034],[-71.067141,-8.025867],[-71.066666,-8.027879],[-71.065987,-8.028666],[-71.065024,-8.029092],[-71.064699,-8.029236],[-71.064546,-8.02982],[-71.063321,-8.029075],[-71.063187,-8.027484],[-71.060539,-8.029309],[-71.059958,-8.029191],[-71.057753,-8.027995],[-71.056598,-8.030038],[-71.056611,-8.030654],[-71.055642,-8.030548],[-71.054915,-8.029825],[-71.053587,-8.029108],[-71.051795,-8.028894],[-71.051421,-8.029292],[-71.050002,-8.028364],[-71.049039,-8.028729],[-71.048359,-8.028731],[-71.047994,-8.029562],[-71.047027,-8.029587],[-71.046425,-8.029142],[-71.046454,-8.02833],[-71.045928,-8.027784],[-71.045148,-8.027755],[-71.045203,-8.028709],[-71.045209,-8.028799],[-71.044809,-8.029827],[-71.044768,-8.030145],[-71.044629,-8.03121],[-71.044006,-8.030965],[-71.043467,-8.030929],[-71.042693,-8.030367],[-71.042063,-8.030438],[-71.040435,-8.033028],[-71.039694,-8.033649],[-71.03887,-8.033632],[-71.038408,-8.033124],[-71.038576,-8.03271],[-71.035899,-8.032481],[-71.034909,-8.032865],[-71.034034,-8.032773],[-71.033677,-8.031446],[-71.031517,-8.030637],[-71.031363,-8.030061],[-71.030428,-8.02947],[-71.029524,-8.02927],[-71.029614,-8.028639],[-71.030183,-8.027725],[-71.028307,-8.026866],[-71.027339,-8.02598],[-71.027014,-8.025461],[-71.025617,-8.023563],[-71.025798,-8.022283],[-71.024179,-8.021857],[-71.023122,-8.021767],[-71.022451,-8.022194],[-71.021335,-8.022292],[-71.020549,-8.022456],[-71.020102,-8.023645],[-71.01958,-8.025033],[-71.018678,-8.025207],[-71.017074,-8.025048],[-71.016368,-8.024559],[-71.016,-8.023824],[-71.015638,-8.023831],[-71.014207,-8.022892],[-71.013185,-8.023452],[-71.011816,-8.023171],[-71.011598,-8.023544],[-71.010504,-8.023367],[-71.010526,-8.021814],[-71.011229,-8.020528],[-71.011299,-8.019746],[-71.011034,-8.019367],[-71.007775,-8.0155],[-71.007635,-8.013374],[-71.006421,-8.012432],[-71.005533,-8.013371],[-71.004497,-8.01314],[-71.004827,-8.012],[-71.004455,-8.011487],[-71.003296,-8.009251],[-71.001693,-8.009413],[-71.000903,-8.009849],[-70.99863,-8.010033],[-70.997658,-8.008893],[-70.99741,-8.007918],[-70.996605,-8.006517],[-70.993101,-8.005685],[-70.992888,-8.004701],[-70.99082,-8.001969],[-70.989194,-8.001898],[-70.988777,-8.00168],[-70.988121,-8.000912],[-70.986583,-8.00031],[-70.984772,-7.999457],[-70.982716,-7.996579],[-70.98109,-7.995993],[-70.980209,-7.995769],[-70.980365,-7.99509],[-70.97801,-7.993421],[-70.97725,-7.992314],[-70.977411,-7.991345],[-70.976301,-7.989752],[-70.97628,-7.989298],[-70.975619,-7.988731],[-70.975993,-7.987868],[-70.977307,-7.987329],[-70.977814,-7.986569],[-70.977813,-7.986566],[-70.977458,-7.985504],[-70.976572,-7.984926],[-70.975384,-7.983827],[-70.974536,-7.982015],[-70.974411,-7.980991],[-70.9738,-7.980364],[-70.973235,-7.980093],[-70.971506,-7.979704],[-70.969545,-7.979941],[-70.969211,-7.979786],[-70.968312,-7.978076],[-70.966416,-7.977631],[-70.964723,-7.977645],[-70.964348,-7.976877],[-70.963982,-7.976521],[-70.963906,-7.976052],[-70.96333,-7.975351],[-70.962381,-7.975148],[-70.961795,-7.9757],[-70.959703,-7.976005],[-70.959686,-7.975417],[-70.958692,-7.974314],[-70.957111,-7.971946],[-70.957797,-7.970683],[-70.956928,-7.969773],[-70.95696,-7.968957],[-70.957956,-7.966675],[-70.956954,-7.965315],[-70.957296,-7.964273],[-70.957283,-7.963792],[-70.95746,-7.96312],[-70.959512,-7.962299],[-70.958347,-7.960541],[-70.958075,-7.959123],[-70.957542,-7.958756],[-70.957267,-7.957994],[-70.957434,-7.957049],[-70.956656,-7.955734],[-70.95531,-7.954098],[-70.955093,-7.953978],[-70.954322,-7.954129],[-70.95269,-7.954169],[-70.952021,-7.953485],[-70.951353,-7.953288],[-70.950948,-7.952556],[-70.950228,-7.952448],[-70.949914,-7.951427],[-70.94913,-7.950558],[-70.948827,-7.948607],[-70.948121,-7.948492],[-70.947999,-7.948273],[-70.947593,-7.947576],[-70.946453,-7.946731],[-70.945481,-7.946293],[-70.944669,-7.946399],[-70.943458,-7.944304],[-70.939554,-7.944384],[-70.939051,-7.944507],[-70.938565,-7.943843],[-70.938966,-7.943094],[-70.93872,-7.942153],[-70.938806,-7.942002],[-70.938205,-7.94119],[-70.937206,-7.941066],[-70.934384,-7.939519],[-70.934491,-7.939342],[-70.934297,-7.939108],[-70.934117,-7.938996],[-70.932746,-7.938653],[-70.932195,-7.938212],[-70.931964,-7.938434],[-70.928079,-7.936941],[-70.928631,-7.932086],[-70.927394,-7.930396],[-70.924366,-7.927912],[-70.92472,-7.927181],[-70.925385,-7.925558],[-70.925244,-7.924784],[-70.924751,-7.924378],[-70.923579,-7.924123],[-70.92394,-7.922914],[-70.924388,-7.92251],[-70.925123,-7.921348],[-70.924121,-7.919124],[-70.923259,-7.918346],[-70.921504,-7.916338],[-70.91948,-7.915118],[-70.916423,-7.914768],[-70.915902,-7.914435],[-70.916224,-7.913304],[-70.916168,-7.912945],[-70.915739,-7.912409],[-70.912245,-7.912105],[-70.911743,-7.911668],[-70.911436,-7.911139],[-70.909647,-7.909758],[-70.909162,-7.908525],[-70.910788,-7.908641],[-70.911311,-7.908304],[-70.911362,-7.907944],[-70.911119,-7.906944],[-70.909621,-7.905318],[-70.909383,-7.903025],[-70.909164,-7.902628],[-70.9088,-7.902416],[-70.906766,-7.902742],[-70.906684,-7.901678],[-70.907053,-7.901119],[-70.908771,-7.900087],[-70.909091,-7.899337],[-70.908804,-7.898815],[-70.907113,-7.897873],[-70.902784,-7.891621],[-70.902879,-7.889992],[-70.901903,-7.889503],[-70.900026,-7.88952],[-70.899704,-7.889248],[-70.898674,-7.888381],[-70.896045,-7.88843],[-70.896007,-7.888614],[-70.895766,-7.888793],[-70.895067,-7.88931],[-70.894702,-7.88958],[-70.89348,-7.889787],[-70.892445,-7.889738],[-70.888711,-7.888755],[-70.889208,-7.888034],[-70.892077,-7.887278],[-70.891337,-7.886419],[-70.890154,-7.885777],[-70.888968,-7.88423],[-70.888878,-7.883572],[-70.889191,-7.883369],[-70.88988,-7.881703],[-70.887739,-7.879013],[-70.888428,-7.878102],[-70.889591,-7.877587],[-70.889576,-7.876924],[-70.888975,-7.876107],[-70.886896,-7.876352],[-70.886,-7.874588],[-70.885873,-7.873739],[-70.886385,-7.871023],[-70.885923,-7.869601],[-70.884632,-7.868179],[-70.884721,-7.86807],[-70.884229,-7.867512],[-70.881254,-7.866885],[-70.881979,-7.866131],[-70.882747,-7.866047],[-70.883944,-7.864902],[-70.883331,-7.863644],[-70.881,-7.861769],[-70.881433,-7.861414],[-70.880749,-7.858966],[-70.880325,-7.85849],[-70.876005,-7.856164],[-70.875583,-7.852922],[-70.877765,-7.850506],[-70.880524,-7.849312],[-70.880959,-7.848907],[-70.881158,-7.847768],[-70.880593,-7.847527],[-70.880164,-7.846858],[-70.878634,-7.845754],[-70.877207,-7.844133],[-70.875616,-7.843579],[-70.874271,-7.843756],[-70.874637,-7.841832],[-70.876336,-7.840359],[-70.876706,-7.839625],[-70.876641,-7.839167],[-70.874097,-7.836651],[-70.873533,-7.834501],[-70.873344,-7.83418],[-70.872943,-7.834027],[-70.872443,-7.834371],[-70.871375,-7.835107],[-70.870595,-7.834152],[-70.870458,-7.83283],[-70.870183,-7.832691],[-70.868981,-7.829838],[-70.868947,-7.829189],[-70.869226,-7.828137],[-70.869143,-7.82683],[-70.868937,-7.826517],[-70.868218,-7.826361],[-70.866951,-7.826598],[-70.867962,-7.825406],[-70.868586,-7.82467],[-70.868729,-7.82395],[-70.867998,-7.822991],[-70.867076,-7.823158],[-70.866463,-7.823269],[-70.864531,-7.821939],[-70.864186,-7.820266],[-70.86337,-7.819507],[-70.86228,-7.819358],[-70.862088,-7.818959],[-70.861597,-7.81794],[-70.860558,-7.817605],[-70.859226,-7.817737],[-70.858633,-7.817527],[-70.85701,-7.816451],[-70.856737,-7.81627],[-70.856067,-7.816145],[-70.855602,-7.816399],[-70.854693,-7.816895],[-70.853929,-7.815776],[-70.854182,-7.814676],[-70.852917,-7.812761],[-70.853378,-7.810585],[-70.855242,-7.80996],[-70.855573,-7.808451],[-70.854702,-7.80621],[-70.853989,-7.804451],[-70.85522,-7.804612],[-70.856119,-7.804432],[-70.856606,-7.802424],[-70.853293,-7.800468],[-70.851766,-7.797997],[-70.851093,-7.79742],[-70.849239,-7.798029],[-70.848702,-7.797692],[-70.849037,-7.795473],[-70.848836,-7.795122],[-70.842877,-7.796514],[-70.842168,-7.796738],[-70.839891,-7.797038],[-70.835202,-7.795395],[-70.833563,-7.795365],[-70.832162,-7.795058],[-70.831467,-7.792019],[-70.830506,-7.791664],[-70.830081,-7.79077],[-70.828352,-7.790905],[-70.826014,-7.788687],[-70.824978,-7.785999],[-70.825395,-7.784703],[-70.824282,-7.782296],[-70.823184,-7.783013],[-70.821657,-7.78596],[-70.820856,-7.78521],[-70.819903,-7.781032],[-70.819038,-7.780675],[-70.816698,-7.780304],[-70.816369,-7.780579],[-70.815077,-7.780597],[-70.813419,-7.78032],[-70.811905,-7.779289],[-70.810065,-7.778664],[-70.809651,-7.780219],[-70.809555,-7.783206],[-70.807958,-7.783721],[-70.806597,-7.782998],[-70.80599,-7.783125],[-70.80273,-7.785056],[-70.799117,-7.78384],[-70.799517,-7.781898],[-70.800764,-7.780847],[-70.800839,-7.779724],[-70.79944,-7.778872],[-70.799134,-7.778686],[-70.794891,-7.777047],[-70.794504,-7.774561],[-70.79225,-7.773861],[-70.791553,-7.773172],[-70.790698,-7.772327],[-70.788299,-7.771846],[-70.787248,-7.770836],[-70.784834,-7.769268],[-70.785821,-7.7682],[-70.786919,-7.767972],[-70.789676,-7.766294],[-70.789161,-7.765083],[-70.7902,-7.765051],[-70.790359,-7.764642],[-70.791299,-7.76465],[-70.79214,-7.76311],[-70.792407,-7.761889],[-70.791849,-7.761301],[-70.794319,-7.761019],[-70.810942,-7.759111],[-70.855956,-7.753947],[-70.901005,-7.748771],[-70.946056,-7.743591],[-70.991018,-7.738418],[-71.035994,-7.733238],[-71.081263,-7.72802],[-71.126031,-7.722853],[-71.171084,-7.717649],[-71.216005,-7.712456],[-71.261087,-7.707243],[-71.306109,-7.702031],[-71.351045,-7.696821],[-71.393608,-7.691879],[-71.389178,-7.696697],[-71.389742,-7.696733],[-71.393473,-7.69708],[-71.394249,-7.698052],[-71.390392,-7.70106],[-71.390667,-7.702341],[-71.394743,-7.704919],[-71.394368,-7.705214],[-71.395979,-7.706681],[-71.396142,-7.707704]]]},"properties":{"uc_nome":"Floresta Estadual do Rio Gregório","zona_codigo":"ZOA","zona_nome":"Zona de Amortecimento","cor":"#fbbf24","perimeter":258976.784141,"area":4432614490.4,"acres":1095322.89455,"hectares":443261.44904,"buff_dist":10000.0,"fid_perime":-1}},{"type":"Feature","geometry":{"type":"Polygon","coordinates":[[[-70.855956,-7.753947],[-70.882901,-7.773426],[-70.902801,-7.794068],[-70.907881,-7.801173],[-70.910528,-7.806464],[-70.912022,-7.810639],[-70.915795,-7.816388],[-70.922959,-7.830281],[-70.92489,-7.835871],[-70.926378,-7.844607],[-70.926466,-7.849233],[-70.926663,-7.849777],[-70.927725,-7.852113],[-70.932613,-7.85587],[-70.937731,-7.861389],[-70.937243,-7.85495],[-70.936242,-7.849787],[-70.938768,-7.84718],[-70.941134,-7.845955],[-70.942376,-7.842224],[-70.942624,-7.838822],[-70.946866,-7.836148],[-70.948902,-7.833734],[-70.95078,-7.831457],[-70.952035,-7.827526],[-70.954574,-7.825609],[-70.958388,-7.823912],[-70.961416,-7.824284],[-70.964338,-7.822569],[-70.969298,-7.825258],[-70.971209,-7.828354],[-70.972383,-7.832378],[-70.97599,-7.837835],[-70.978471,-7.839412],[-70.983429,-7.845156],[-70.990918,-7.854204],[-71.059191,-7.853573],[-71.055211,-7.841542],[-71.057505,-7.834594],[-71.058126,-7.82595],[-71.055063,-7.817294],[-71.052892,-7.814129],[-71.052157,-7.807727],[-71.046573,-7.805006],[-71.043517,-7.800686],[-71.043623,-7.782991],[-71.048585,-7.776206],[-71.050891,-7.77161],[-71.051792,-7.770769],[-71.059304,-7.759549],[-71.053735,-7.756577],[-71.04769,-7.752566],[-71.042456,-7.742994],[-71.03972,-7.737423],[-71.038117,-7.735329],[-71.037028,-7.733119],[-71.035994,-7.733238],[-70.991018,-7.738418],[-70.946056,-7.743591],[-70.901005,-7.748771],[-70.855956,-7.753947]]]},"properties":{"uc_nome":"Floresta Estadual do Rio Gregório","zona_codigo":"ZOC","zona_nome":"Zona de Conservação","cor":"#166534","perimeter":69395.6516345,"area":193741594.689,"acres":47874.5906616,"hectares":19374.1594689}},{"type":"Feature","geometry":{"type":"Polygon","coordinates":[[[-70.907881,-7.801173],[-70.902801,-7.794068],[-70.882901,-7.773426],[-70.855956,-7.753947],[-70.816782,-7.758441],[-70.82427,-7.767828],[-70.824273,-7.769745],[-70.82765,-7.773394],[-70.832254,-7.775416],[-70.835945,-7.777178],[-70.836522,-7.778183],[-70.839786,-7.77569],[-70.851411,-7.779122],[-70.859429,-7.771527],[-70.86459,-7.776194],[-70.865286,-7.776226],[-70.867926,-7.778923],[-70.869638,-7.780669],[-70.869636,-7.78067],[-70.869643,-7.780677],[-70.856681,-7.788291],[-70.870077,-7.80632],[-70.877421,-7.814084],[-70.877426,-7.814087],[-70.881104,-7.812668],[-70.884345,-7.814812],[-70.88103,-7.816471],[-70.888521,-7.821423],[-70.888522,-7.821429],[-70.890978,-7.820707],[-70.891845,-7.823283],[-70.889369,-7.823936],[-70.893414,-7.835915],[-70.893419,-7.835918],[-70.898727,-7.834549],[-70.898342,-7.838442],[-70.902203,-7.840421],[-70.904254,-7.84147],[-70.904253,-7.841472],[-70.904261,-7.841476],[-70.904242,-7.841498],[-70.902118,-7.846511],[-70.899883,-7.846568],[-70.896421,-7.850595],[-70.90562,-7.871634],[-70.907245,-7.870796],[-70.908171,-7.873229],[-70.909039,-7.877268],[-70.90826,-7.87767],[-70.909169,-7.879751],[-70.913402,-7.884203],[-70.911651,-7.885426],[-70.911655,-7.885435],[-70.921565,-7.902013],[-70.921571,-7.902018],[-70.923591,-7.901066],[-70.927883,-7.904225],[-70.925918,-7.905215],[-70.936169,-7.912755],[-70.937448,-7.918542],[-70.940619,-7.932895],[-70.940628,-7.9329],[-70.942126,-7.931956],[-70.946727,-7.936601],[-70.953417,-7.940236],[-70.97046,-7.95705],[-70.973612,-7.964785],[-70.980157,-7.96483],[-70.983047,-7.969028],[-70.984357,-7.967888],[-70.985048,-7.977047],[-70.98646,-7.982708],[-70.990319,-7.986475],[-70.991475,-7.985462],[-70.993641,-7.987321],[-70.99278,-7.988876],[-70.999415,-7.990302],[-71.000823,-7.98839],[-71.005537,-7.990081],[-71.008557,-7.992653],[-71.007675,-7.9938],[-71.011094,-7.996487],[-71.012193,-7.995054],[-71.015703,-7.998112],[-71.014711,-7.99933],[-71.017835,-8.006246],[-71.020123,-8.004441],[-71.022098,-8.007496],[-71.019494,-8.009919],[-71.024569,-8.010865],[-71.028275,-8.011557],[-71.030575,-8.007999],[-71.034211,-8.009627],[-71.060803,-8.00098],[-71.076147,-8.009159],[-71.103112,-8.022489],[-71.103392,-8.020917],[-71.109883,-8.025836],[-71.116577,-8.029145],[-71.132156,-8.022345],[-71.13627,-8.025732],[-71.140161,-8.028925],[-71.140137,-8.028916],[-71.140158,-8.028934],[-71.153938,-8.0374],[-71.160579,-8.042252],[-71.163937,-8.042917],[-71.168643,-8.048145],[-71.175522,-8.053171],[-71.175845,-8.053014],[-71.178365,-8.051704],[-71.182633,-8.049644],[-71.187124,-8.047476],[-71.192268,-8.044993],[-71.193695,-8.044304],[-71.195607,-8.043371],[-71.197006,-8.043269],[-71.196836,-8.042393],[-71.201764,-8.041468],[-71.202032,-8.042903],[-71.211668,-8.0422],[-71.211418,-8.04084],[-71.216174,-8.040493],[-71.221484,-8.040322],[-71.221597,-8.041476],[-71.226947,-8.041086],[-71.226936,-8.039595],[-71.230613,-8.039503],[-71.230736,-8.04081],[-71.236265,-8.040406],[-71.236306,-8.039053],[-71.240487,-8.038693],[-71.243736,-8.03828],[-71.243907,-8.039706],[-71.273087,-8.031732],[-71.267409,-8.026738],[-71.273682,-8.021651],[-71.275423,-8.031094],[-71.280276,-8.029767],[-71.275956,-8.018501],[-71.282292,-8.01998],[-71.282308,-8.026951],[-71.286396,-8.028094],[-71.286409,-8.028091],[-71.285798,-8.025852],[-71.289446,-8.024855],[-71.293646,-8.023707],[-71.296657,-8.022884],[-71.301989,-8.022706],[-71.300755,-8.019853],[-71.303925,-8.018162],[-71.306219,-8.015141],[-71.309148,-8.014623],[-71.312851,-8.012627],[-71.31689,-8.010451],[-71.320355,-8.007778],[-71.323823,-8.005103],[-71.32662,-8.008023],[-71.330315,-8.005627],[-71.32766,-8.002898],[-71.331288,-8.000546],[-71.333984,-8.003247],[-71.343308,-7.9972],[-71.342093,-7.995166],[-71.348061,-7.991772],[-71.348585,-7.993778],[-71.352335,-7.991346],[-71.351216,-7.987267],[-71.354467,-7.985157],[-71.355732,-7.989143],[-71.363269,-7.984254],[-71.362151,-7.980602],[-71.365863,-7.978193],[-71.367007,-7.98183],[-71.371003,-7.979842],[-71.375074,-7.9776],[-71.378359,-7.97579],[-71.376791,-7.972121],[-71.38006,-7.97032],[-71.38183,-7.973878],[-71.392264,-7.970442],[-71.388602,-7.963079],[-71.391754,-7.962042],[-71.39285,-7.964071],[-71.396511,-7.962356],[-71.397618,-7.964405],[-71.402021,-7.962956],[-71.403959,-7.96659],[-71.41583,-7.962869],[-71.444972,-7.948031],[-71.444769,-7.940183],[-71.458385,-7.937632],[-71.458505,-7.928013],[-71.4654,-7.927163],[-71.470124,-7.916101],[-71.472505,-7.898571],[-71.470859,-7.880928],[-71.463578,-7.878738],[-71.466405,-7.875624],[-71.465187,-7.870481],[-71.469112,-7.869871],[-71.468111,-7.864864],[-71.454219,-7.850476],[-71.453624,-7.848089],[-71.453291,-7.842806],[-71.453288,-7.842798],[-71.453287,-7.842798],[-71.453199,-7.842583],[-71.449175,-7.832787],[-71.447206,-7.816074],[-71.446108,-7.814184],[-71.445012,-7.812303],[-71.445015,-7.812302],[-71.44501,-7.812294],[-71.4445,-7.810869],[-71.444907,-7.804162],[-71.449123,-7.793513],[-71.45299,-7.783748],[-71.456458,-7.778253],[-71.451917,-7.769645],[-71.440539,-7.762898],[-71.430965,-7.754887],[-71.43058,-7.754497],[-71.426605,-7.753012],[-71.428002,-7.751885],[-71.423521,-7.747344],[-71.415929,-7.741555],[-71.411882,-7.746958],[-71.407493,-7.743444],[-71.412115,-7.738647],[-71.410667,-7.737543],[-71.410737,-7.732832],[-71.403556,-7.731883],[-71.399844,-7.728138],[-71.396997,-7.725277],[-71.394611,-7.722878],[-71.392355,-7.720612],[-71.390385,-7.718633],[-71.389603,-7.717847],[-71.3895,-7.717704],[-71.389459,-7.717663],[-71.384047,-7.710167],[-71.376787,-7.715581],[-71.37395,-7.712012],[-71.382266,-7.7077],[-71.381078,-7.706055],[-71.371475,-7.69445],[-71.351045,-7.696821],[-71.33214,-7.699013],[-71.336614,-7.706299],[-71.363727,-7.742163],[-71.365902,-7.744172],[-71.368205,-7.746036],[-71.36951,-7.746978],[-71.369519,-7.746995],[-71.371099,-7.749498],[-71.372839,-7.751892],[-71.374733,-7.754167],[-71.376771,-7.756314],[-71.378149,-7.757617],[-71.378983,-7.758373],[-71.37978,-7.759079],[-71.37978,-7.759079],[-71.382083,-7.760943],[-71.384502,-7.762652],[-71.387029,-7.764199],[-71.389637,-7.765571],[-71.390258,-7.766224],[-71.392433,-7.768233],[-71.394735,-7.770096],[-71.397155,-7.771805],[-71.399682,-7.773352],[-71.402305,-7.774731],[-71.405012,-7.775937],[-71.407793,-7.776962],[-71.408378,-7.777136],[-71.410114,-7.778964],[-71.410199,-7.779047],[-71.412108,-7.781049],[-71.41238,-7.781315],[-71.41607,-7.784892],[-71.415959,-7.78608],[-71.41595,-7.786427],[-71.415415,-7.787869],[-71.41457,-7.790704],[-71.413914,-7.793587],[-71.413495,-7.79614],[-71.413258,-7.797904],[-71.41321,-7.798271],[-71.412936,-7.801216],[-71.412856,-7.804171],[-71.41297,-7.807126],[-71.413278,-7.810067],[-71.413778,-7.812982],[-71.414467,-7.815858],[-71.41465,-7.816505],[-71.415479,-7.819354],[-71.416174,-7.821533],[-71.417234,-7.824294],[-71.418473,-7.82698],[-71.419886,-7.82958],[-71.421466,-7.832082],[-71.423208,-7.834476],[-71.424575,-7.836119],[-71.424699,-7.837155],[-71.425199,-7.840069],[-71.425889,-7.842945],[-71.426766,-7.84577],[-71.427827,-7.848531],[-71.429066,-7.851218],[-71.430313,-7.853533],[-71.431045,-7.855062],[-71.432458,-7.857661],[-71.432673,-7.858024],[-71.43281,-7.858718],[-71.4335,-7.861594],[-71.434378,-7.864419],[-71.435438,-7.86718],[-71.436658,-7.869827],[-71.438348,-7.873202],[-71.438368,-7.873242],[-71.438563,-7.873602],[-71.438048,-7.875887],[-71.437582,-7.878807],[-71.437309,-7.881751],[-71.437229,-7.884707],[-71.43728,-7.886043],[-71.437185,-7.887072],[-71.437105,-7.890028],[-71.43722,-7.892983],[-71.437528,-7.895924],[-71.437587,-7.896269],[-71.437346,-7.897326],[-71.43688,-7.900246],[-71.436689,-7.902055],[-71.436587,-7.903255],[-71.436504,-7.904391],[-71.436425,-7.907347],[-71.436539,-7.910302],[-71.436847,-7.913243],[-71.43692,-7.913665],[-71.436747,-7.91475],[-71.436473,-7.917694],[-71.43642,-7.919664],[-71.404567,-7.932505],[-71.400045,-7.934304],[-71.399938,-7.934346],[-71.393651,-7.936865],[-71.393622,-7.936877],[-71.371721,-7.945667],[-71.371061,-7.945937],[-71.370801,-7.946047],[-71.366612,-7.947836],[-71.362037,-7.949724],[-71.361793,-7.949826],[-71.359098,-7.951062],[-71.35649,-7.952471],[-71.356077,-7.952714],[-71.352113,-7.955083],[-71.350858,-7.95586],[-71.347005,-7.958336],[-71.346729,-7.958514],[-71.342897,-7.961016],[-71.34233,-7.961392],[-71.34171,-7.961818],[-71.339187,-7.963581],[-71.33851,-7.963993],[-71.336766,-7.965112],[-71.335178,-7.966233],[-71.333509,-7.96716],[-71.331379,-7.968482],[-71.327565,-7.970998],[-71.32752,-7.971028],[-71.325254,-7.972527],[-71.32492,-7.97275],[-71.3249,-7.972763],[-71.322743,-7.974219],[-71.320283,-7.97578],[-71.319514,-7.976278],[-71.315926,-7.978657],[-71.312363,-7.980963],[-71.308608,-7.983387],[-71.308328,-7.983569],[-71.304914,-7.985809],[-71.301372,-7.988062],[-71.300884,-7.988377],[-71.296361,-7.991337],[-71.296144,-7.99148],[-71.292598,-7.993829],[-71.289146,-7.996065],[-71.285748,-7.998061],[-71.285425,-7.998253],[-71.283245,-7.999147],[-71.28323,-7.999153],[-71.27791,-8.001337],[-71.277593,-8.001469],[-71.276735,-8.001862],[-71.276097,-8.001951],[-71.273309,-8.00243],[-71.270569,-8.003078],[-71.266454,-8.004187],[-71.261984,-8.005387],[-71.261801,-8.005436],[-71.260829,-8.005713],[-71.256841,-8.006898],[-71.255333,-8.007375],[-71.250501,-8.008995],[-71.250146,-8.009115],[-71.247375,-8.010172],[-71.246993,-8.010335],[-71.246529,-8.010427],[-71.243643,-8.011114],[-71.242727,-8.011374],[-71.240733,-8.011964],[-71.240676,-8.011964],[-71.240311,-8.011964],[-71.238399,-8.012015],[-71.233598,-8.012243],[-71.232544,-8.012305],[-71.232195,-8.012331],[-71.229652,-8.012531],[-71.225312,-8.012698],[-71.221599,-8.01283],[-71.221451,-8.012836],[-71.217436,-8.012992],[-71.217414,-8.012993],[-71.212926,-8.01317],[-71.208274,-8.013337],[-71.20379,-8.013496],[-71.202777,-8.013544],[-71.198335,-8.0138],[-71.197754,-8.013838],[-71.194803,-8.014143],[-71.191878,-8.014641],[-71.188992,-8.015328],[-71.186157,-8.016201],[-71.184145,-8.016948],[-71.179629,-8.018745],[-71.17887,-8.019055],[-71.178842,-8.019068],[-71.177875,-8.018911],[-71.177677,-8.018814],[-71.174968,-8.017608],[-71.172186,-8.016581],[-71.169342,-8.015737],[-71.168705,-8.015576],[-71.168503,-8.015495],[-71.166196,-8.014293],[-71.163487,-8.013086],[-71.160705,-8.012059],[-71.157861,-8.011216],[-71.154968,-8.010559],[-71.152038,-8.010093],[-71.149083,-8.009818],[-71.148802,-8.00981],[-71.14768,-8.009378],[-71.147178,-8.009194],[-71.144938,-8.007381],[-71.142517,-8.005671],[-71.139989,-8.004123],[-71.137365,-8.002742],[-71.134656,-8.001535],[-71.133943,-8.001252],[-71.133597,-8.001118],[-71.131528,-8.000374],[-71.128816,-7.999569],[-71.128462,-7.999282],[-71.126041,-7.997572],[-71.123513,-7.996023],[-71.12089,-7.994643],[-71.118181,-7.993436],[-71.115398,-7.992408],[-71.112555,-7.991564],[-71.109662,-7.990907],[-71.109176,-7.990816],[-71.107773,-7.990561],[-71.107398,-7.990504],[-71.105547,-7.989005],[-71.103127,-7.987295],[-71.100599,-7.985746],[-71.097975,-7.984365],[-71.095266,-7.983158],[-71.092484,-7.98213],[-71.089641,-7.981286],[-71.088253,-7.980971],[-71.086323,-7.980257],[-71.083479,-7.979413],[-71.08268,-7.979212],[-71.081886,-7.979019],[-71.079791,-7.978563],[-71.076862,-7.978096],[-71.073908,-7.977821],[-71.070942,-7.977739],[-71.067977,-7.977851],[-71.065026,-7.978156],[-71.062101,-7.978652],[-71.059214,-7.979338],[-71.05638,-7.980211],[-71.053608,-7.981266],[-71.050911,-7.9825],[-71.050312,-7.98282],[-71.048668,-7.982667],[-71.047638,-7.982617],[-71.047483,-7.982611],[-71.045651,-7.981647],[-71.042943,-7.980439],[-71.040161,-7.979411],[-71.037379,-7.978583],[-71.036309,-7.978301],[-71.035201,-7.977133],[-71.033025,-7.975122],[-71.030723,-7.973257],[-71.028302,-7.971546],[-71.025775,-7.969996],[-71.023152,-7.968615],[-71.020443,-7.967407],[-71.019675,-7.967102],[-71.018377,-7.966078],[-71.018027,-7.965317],[-71.016615,-7.962715],[-71.015036,-7.960211],[-71.013486,-7.95806],[-71.01199,-7.955697],[-71.01025,-7.953302],[-71.008357,-7.951024],[-71.006899,-7.949459],[-71.006287,-7.948833],[-71.005706,-7.948249],[-71.003531,-7.946238],[-71.001229,-7.944372],[-71.001079,-7.944267],[-71.000567,-7.943116],[-71.000298,-7.942315],[-70.99924,-7.939552],[-70.998002,-7.936864],[-70.996591,-7.934262],[-70.996486,-7.934083],[-70.995708,-7.932768],[-70.994234,-7.930443],[-70.992494,-7.928047],[-70.991708,-7.927063],[-70.990361,-7.925427],[-70.989255,-7.924133],[-70.987216,-7.921984],[-70.985041,-7.919972],[-70.982739,-7.918107],[-70.981382,-7.917147],[-70.980734,-7.916494],[-70.978559,-7.914482],[-70.977327,-7.913452],[-70.977325,-7.913451],[-70.975023,-7.911585],[-70.974628,-7.911289],[-70.973526,-7.910473],[-70.97319,-7.910179],[-70.970888,-7.908314],[-70.968468,-7.906602],[-70.967829,-7.90621],[-70.966927,-7.903855],[-70.96648,-7.902829],[-70.965478,-7.900606],[-70.964688,-7.898943],[-70.963277,-7.896341],[-70.961699,-7.893836],[-70.95996,-7.89144],[-70.958067,-7.889162],[-70.956029,-7.887013],[-70.955881,-7.886868],[-70.955686,-7.886644],[-70.95545,-7.886376],[-70.953412,-7.884227],[-70.951237,-7.882215],[-70.950944,-7.881978],[-70.950894,-7.881846],[-70.949657,-7.879157],[-70.948866,-7.877648],[-70.94858,-7.877126],[-70.94796,-7.876033],[-70.946382,-7.873528],[-70.944643,-7.871132],[-70.943249,-7.869426],[-70.942063,-7.867263],[-70.937731,-7.861389],[-70.932613,-7.85587],[-70.928733,-7.852887],[-70.927725,-7.852113],[-70.926663,-7.849777],[-70.926466,-7.849233],[-70.926378,-7.844607],[-70.92489,-7.835871],[-70.922959,-7.830281],[-70.917766,-7.820211],[-70.915795,-7.816388],[-70.913441,-7.812802],[-70.912022,-7.810639],[-70.910528,-7.806464],[-70.907881,-7.801173]]]},"properties":{"uc_nome":"Floresta Estadual do Rio Gregório","zona_codigo":"ZEX","zona_nome":"Zona de Extrativismo","cor":"#15803d","zona":"ZEX","descrição":"Extrativismo Vegetal e Caça - 5 km da BR e dos Ri*","perimeter":272141.233529,"area":379675451.057,"acres":93819.8471671,"hectares":37967.5451057}},{"type":"Feature","geometry":{"type":"Polygon","coordinates":[[[-71.382266,-7.7077],[-71.37395,-7.712012],[-71.376787,-7.715581],[-71.384047,-7.710167],[-71.389459,-7.717663],[-71.3895,-7.717704],[-71.389603,-7.717847],[-71.390385,-7.718633],[-71.392355,-7.720612],[-71.394611,-7.722878],[-71.396997,-7.725277],[-71.399844,-7.728138],[-71.403556,-7.731883],[-71.410737,-7.732832],[-71.410667,-7.737543],[-71.412115,-7.738647],[-71.407493,-7.743444],[-71.411882,-7.746958],[-71.415929,-7.741555],[-71.423521,-7.747344],[-71.428002,-7.751885],[-71.426605,-7.753012],[-71.43058,-7.754497],[-71.430965,-7.754887],[-71.440539,-7.762898],[-71.451917,-7.769645],[-71.456458,-7.778253],[-71.45299,-7.783748],[-71.449123,-7.793513],[-71.444907,-7.804162],[-71.4445,-7.810869],[-71.44501,-7.812294],[-71.445015,-7.812302],[-71.445012,-7.812303],[-71.446108,-7.814184],[-71.447206,-7.816074],[-71.449175,-7.832787],[-71.453199,-7.842583],[-71.453287,-7.842798],[-71.453288,-7.842798],[-71.453291,-7.842806],[-71.453624,-7.848089],[-71.454219,-7.850476],[-71.468111,-7.864864],[-71.469112,-7.869871],[-71.465187,-7.870481],[-71.466405,-7.875624],[-71.463578,-7.878738],[-71.470859,-7.880928],[-71.472505,-7.898571],[-71.470124,-7.916101],[-71.4654,-7.927163],[-71.458505,-7.928013],[-71.458385,-7.937632],[-71.444769,-7.940183],[-71.444972,-7.948031],[-71.41583,-7.962869],[-71.403959,-7.96659],[-71.402021,-7.962956],[-71.397618,-7.964405],[-71.396511,-7.962356],[-71.39285,-7.964071],[-71.391754,-7.962042],[-71.388602,-7.963079],[-71.392264,-7.970442],[-71.38183,-7.973878],[-71.38006,-7.97032],[-71.376791,-7.972121],[-71.378359,-7.97579],[-71.375074,-7.9776],[-71.371003,-7.979842],[-71.367007,-7.98183],[-71.365863,-7.978193],[-71.362151,-7.980602],[-71.363269,-7.984254],[-71.355732,-7.989143],[-71.354467,-7.985157],[-71.351216,-7.987267],[-71.352335,-7.991346],[-71.348585,-7.993778],[-71.348061,-7.991772],[-71.342093,-7.995166],[-71.343308,-7.9972],[-71.333984,-8.003247],[-71.331288,-8.000546],[-71.32766,-8.002898],[-71.330315,-8.005627],[-71.32662,-8.008023],[-71.323823,-8.005103],[-71.320355,-8.007778],[-71.31689,-8.010451],[-71.312851,-8.012627],[-71.309148,-8.014623],[-71.306219,-8.015141],[-71.303925,-8.018162],[-71.300755,-8.019853],[-71.301989,-8.022706],[-71.296657,-8.022884],[-71.293646,-8.023707],[-71.289446,-8.024855],[-71.285798,-8.025852],[-71.286409,-8.028091],[-71.286396,-8.028094],[-71.282308,-8.026951],[-71.282292,-8.01998],[-71.275956,-8.018501],[-71.280276,-8.029767],[-71.275423,-8.031094],[-71.273682,-8.021651],[-71.267409,-8.026738],[-71.273087,-8.031732],[-71.243907,-8.039706],[-71.243736,-8.03828],[-71.240487,-8.038693],[-71.236306,-8.039053],[-71.236265,-8.040406],[-71.230736,-8.04081],[-71.230613,-8.039503],[-71.226936,-8.039595],[-71.226947,-8.041086],[-71.221597,-8.041476],[-71.221484,-8.040322],[-71.216174,-8.040493],[-71.211418,-8.04084],[-71.211668,-8.0422],[-71.202032,-8.042903],[-71.201764,-8.041468],[-71.196836,-8.042393],[-71.197006,-8.043269],[-71.195607,-8.043371],[-71.193695,-8.044304],[-71.192268,-8.044993],[-71.187124,-8.047476],[-71.182633,-8.049644],[-71.178365,-8.051704],[-71.175845,-8.053014],[-71.175522,-8.053171],[-71.168643,-8.048145],[-71.163937,-8.042917],[-71.160579,-8.042252],[-71.153938,-8.0374],[-71.140158,-8.028934],[-71.140137,-8.028916],[-71.140161,-8.028925],[-71.13627,-8.025732],[-71.132156,-8.022345],[-71.116577,-8.029145],[-71.109883,-8.025836],[-71.103392,-8.020917],[-71.103112,-8.022489],[-71.076147,-8.009159],[-71.060803,-8.00098],[-71.034211,-8.009627],[-71.030575,-8.007999],[-71.028275,-8.011557],[-71.024569,-8.010865],[-71.019494,-8.009919],[-71.022098,-8.007496],[-71.020123,-8.004441],[-71.017835,-8.006246],[-71.014711,-7.99933],[-71.015703,-7.998112],[-71.012193,-7.995054],[-71.011091,-7.996492],[-71.007673,-7.993802],[-71.008557,-7.992653],[-71.005537,-7.990081],[-71.000823,-7.98839],[-70.999412,-7.990305],[-70.99278,-7.988876],[-70.993641,-7.987321],[-70.991475,-7.985462],[-70.990319,-7.986475],[-70.98646,-7.982708],[-70.985048,-7.977047],[-70.984357,-7.967888],[-70.983047,-7.969028],[-70.980157,-7.96483],[-70.973612,-7.964785],[-70.97046,-7.95705],[-70.953417,-7.940236],[-70.946727,-7.936601],[-70.942126,-7.931956],[-70.940628,-7.9329],[-70.940619,-7.932895],[-70.937448,-7.918542],[-70.936169,-7.912755],[-70.925918,-7.905215],[-70.927883,-7.904225],[-70.923591,-7.901066],[-70.921571,-7.902018],[-70.921565,-7.902013],[-70.911655,-7.885435],[-70.911651,-7.885426],[-70.913402,-7.884203],[-70.909169,-7.879751],[-70.90826,-7.87767],[-70.909039,-7.877268],[-70.908171,-7.873229],[-70.907245,-7.870796],[-70.90562,-7.871634],[-70.896421,-7.850595],[-70.899883,-7.846568],[-70.902118,-7.846511],[-70.904242,-7.841498],[-70.904261,-7.841476],[-70.904253,-7.841472],[-70.904254,-7.84147],[-70.902203,-7.840421],[-70.898342,-7.838442],[-70.898727,-7.834549],[-70.893419,-7.835918],[-70.893414,-7.835915],[-70.889369,-7.823936],[-70.891845,-7.823283],[-70.890978,-7.820707],[-70.888522,-7.821429],[-70.888521,-7.821423],[-70.88103,-7.816471],[-70.884345,-7.814812],[-70.881104,-7.812668],[-70.877426,-7.814087],[-70.877421,-7.814084],[-70.870077,-7.80632],[-70.856681,-7.788291],[-70.869643,-7.780677],[-70.869636,-7.78067],[-70.869638,-7.780669],[-70.867926,-7.778923],[-70.865286,-7.776226],[-70.86459,-7.776194],[-70.859429,-7.771527],[-70.851411,-7.779122],[-70.839786,-7.77569],[-70.836522,-7.778183],[-70.835945,-7.777178],[-70.832254,-7.775416],[-70.82765,-7.773394],[-70.824273,-7.769745],[-70.82427,-7.767828],[-70.816782,-7.758441],[-70.791849,-7.761301],[-70.792407,-7.761889],[-70.79214,-7.76311],[-70.791299,-7.76465],[-70.790359,-7.764642],[-70.7902,-7.765051],[-70.789161,-7.765083],[-70.789676,-7.766294],[-70.786919,-7.767972],[-70.785821,-7.7682],[-70.784834,-7.769268],[-70.787248,-7.770836],[-70.788299,-7.771846],[-70.790698,-7.772327],[-70.791553,-7.773172],[-70.79225,-7.773861],[-70.794504,-7.774561],[-70.794891,-7.777047],[-70.799134,-7.778686],[-70.79944,-7.778872],[-70.800839,-7.779724],[-70.800764,-7.780847],[-70.799517,-7.781898],[-70.799117,-7.78384],[-70.80273,-7.785056],[-70.80599,-7.783125],[-70.806597,-7.782998],[-70.807958,-7.783721],[-70.809555,-7.783206],[-70.809651,-7.780219],[-70.810065,-7.778664],[-70.811905,-7.779289],[-70.813419,-7.78032],[-70.815077,-7.780597],[-70.816369,-7.780579],[-70.816698,-7.780304],[-70.819038,-7.780675],[-70.819903,-7.781032],[-70.820856,-7.78521],[-70.821657,-7.78596],[-70.823184,-7.783013],[-70.824282,-7.782296],[-70.825395,-7.784703],[-70.824978,-7.785999],[-70.826014,-7.788687],[-70.828352,-7.790905],[-70.830081,-7.79077],[-70.830506,-7.791664],[-70.831467,-7.792019],[-70.832162,-7.795058],[-70.833563,-7.795365],[-70.835202,-7.795395],[-70.839891,-7.797038],[-70.842168,-7.796738],[-70.842877,-7.796514],[-70.848836,-7.795122],[-70.849037,-7.795473],[-70.848702,-7.797692],[-70.849239,-7.798029],[-70.851093,-7.79742],[-70.851766,-7.797997],[-70.853293,-7.800468],[-70.856606,-7.802424],[-70.856119,-7.804432],[-70.85522,-7.804612],[-70.853989,-7.804451],[-70.854702,-7.80621],[-70.855573,-7.808451],[-70.855242,-7.80996],[-70.853378,-7.810585],[-70.852917,-7.812761],[-70.854182,-7.814676],[-70.853929,-7.815776],[-70.854693,-7.816895],[-70.855602,-7.816399],[-70.856067,-7.816145],[-70.856737,-7.81627],[-70.85701,-7.816451],[-70.858633,-7.817527],[-70.859226,-7.817737],[-70.860558,-7.817605],[-70.861597,-7.81794],[-70.862088,-7.818959],[-70.86228,-7.819358],[-70.86337,-7.819507],[-70.864186,-7.820266],[-70.864531,-7.821939],[-70.866463,-7.823269],[-70.867076,-7.823158],[-70.867998,-7.822991],[-70.868729,-7.82395],[-70.868586,-7.82467],[-70.867962,-7.825406],[-70.866951,-7.826598],[-70.868218,-7.826361],[-70.868937,-7.826517],[-70.869143,-7.82683],[-70.869226,-7.828137],[-70.868947,-7.829189],[-70.868981,-7.829838],[-70.870183,-7.832691],[-70.870458,-7.83283],[-70.870595,-7.834152],[-70.871375,-7.835107],[-70.872443,-7.834371],[-70.872943,-7.834027],[-70.873344,-7.83418],[-70.873533,-7.834501],[-70.874097,-7.836651],[-70.876641,-7.839167],[-70.876706,-7.839625],[-70.876336,-7.840359],[-70.874637,-7.841832],[-70.874271,-7.843756],[-70.875616,-7.843579],[-70.877207,-7.844133],[-70.878634,-7.845754],[-70.880164,-7.846858],[-70.880593,-7.847527],[-70.881158,-7.847768],[-70.880959,-7.848907],[-70.880524,-7.849312],[-70.877765,-7.850506],[-70.875583,-7.852922],[-70.876005,-7.856164],[-70.880325,-7.85849],[-70.880749,-7.858966],[-70.881433,-7.861414],[-70.881,-7.861769],[-70.883331,-7.863644],[-70.883944,-7.864902],[-70.882747,-7.866047],[-70.881979,-7.866131],[-70.881254,-7.866885],[-70.884229,-7.867512],[-70.884721,-7.86807],[-70.884632,-7.868179],[-70.885923,-7.869601],[-70.886385,-7.871023],[-70.885873,-7.873739],[-70.886,-7.874588],[-70.886896,-7.876352],[-70.888975,-7.876107],[-70.889576,-7.876924],[-70.889591,-7.877587],[-70.888428,-7.878102],[-70.887739,-7.879013],[-70.88988,-7.881703],[-70.889191,-7.883369],[-70.888878,-7.883572],[-70.888968,-7.88423],[-70.890154,-7.885777],[-70.891337,-7.886419],[-70.892077,-7.887278],[-70.889208,-7.888034],[-70.888711,-7.888755],[-70.892445,-7.889738],[-70.89348,-7.889787],[-70.894702,-7.88958],[-70.895067,-7.88931],[-70.895766,-7.888793],[-70.896007,-7.888614],[-70.896045,-7.88843],[-70.898674,-7.888381],[-70.899704,-7.889248],[-70.900026,-7.88952],[-70.901903,-7.889503],[-70.902879,-7.889992],[-70.902784,-7.891621],[-70.907113,-7.897873],[-70.908804,-7.898815],[-70.909091,-7.899337],[-70.908771,-7.900087],[-70.907053,-7.901119],[-70.906684,-7.901678],[-70.906766,-7.902742],[-70.9088,-7.902416],[-70.909164,-7.902628],[-70.909383,-7.903025],[-70.909621,-7.905318],[-70.911119,-7.906944],[-70.911362,-7.907944],[-70.911311,-7.908304],[-70.910788,-7.908641],[-70.909162,-7.908525],[-70.909647,-7.909758],[-70.911436,-7.911139],[-70.911743,-7.911668],[-70.912245,-7.912105],[-70.915739,-7.912409],[-70.916168,-7.912945],[-70.916224,-7.913304],[-70.915902,-7.914435],[-70.916423,-7.914768],[-70.91948,-7.915118],[-70.921504,-7.916338],[-70.923259,-7.918346],[-70.924121,-7.919124],[-70.925123,-7.921348],[-70.924388,-7.92251],[-70.92394,-7.922914],[-70.923579,-7.924123],[-70.924751,-7.924378],[-70.925244,-7.924784],[-70.925385,-7.925558],[-70.92472,-7.927181],[-70.924366,-7.927912],[-70.927394,-7.930396],[-70.928631,-7.932086],[-70.928079,-7.936941],[-70.931964,-7.938434],[-70.932195,-7.938212],[-70.932746,-7.938653],[-70.934117,-7.938996],[-70.934297,-7.939108],[-70.93449,-7.939342],[-70.934384,-7.939519],[-70.937206,-7.941066],[-70.938205,-7.94119],[-70.938806,-7.942002],[-70.93872,-7.942153],[-70.938966,-7.943094],[-70.938565,-7.943843],[-70.939051,-7.944507],[-70.939554,-7.944384],[-70.943458,-7.944304],[-70.944669,-7.946399],[-70.945481,-7.946293],[-70.946453,-7.946731],[-70.947593,-7.947576],[-70.947999,-7.948273],[-70.948121,-7.948492],[-70.948827,-7.948607],[-70.94913,-7.950558],[-70.949914,-7.951427],[-70.950228,-7.952448],[-70.950948,-7.952556],[-70.951353,-7.953288],[-70.952021,-7.953485],[-70.95269,-7.954169],[-70.954322,-7.954129],[-70.955093,-7.953978],[-70.95531,-7.954098],[-70.956656,-7.955734],[-70.957434,-7.957049],[-70.957267,-7.957994],[-70.957542,-7.958756],[-70.958075,-7.959123],[-70.958347,-7.960541],[-70.959512,-7.962299],[-70.95746,-7.96312],[-70.957283,-7.963792],[-70.957296,-7.964273],[-70.956954,-7.965315],[-70.957956,-7.966675],[-70.95696,-7.968957],[-70.956928,-7.969773],[-70.957797,-7.970683],[-70.957111,-7.971946],[-70.958692,-7.974314],[-70.959686,-7.975417],[-70.959703,-7.976005],[-70.961795,-7.9757],[-70.962381,-7.975148],[-70.96333,-7.975351],[-70.963906,-7.976052],[-70.963982,-7.976521],[-70.964348,-7.976877],[-70.964723,-7.977645],[-70.966416,-7.977631],[-70.968312,-7.978076],[-70.969211,-7.979786],[-70.969545,-7.979941],[-70.971506,-7.979704],[-70.973235,-7.980093],[-70.9738,-7.980364],[-70.974411,-7.980991],[-70.974536,-7.982015],[-70.975384,-7.983827],[-70.976572,-7.984926],[-70.977458,-7.985504],[-70.977813,-7.986566],[-70.977814,-7.986569],[-70.977307,-7.987329],[-70.975993,-7.987868],[-70.975619,-7.988731],[-70.97628,-7.989298],[-70.976301,-7.989752],[-70.977411,-7.991345],[-70.97725,-7.992314],[-70.97801,-7.993421],[-70.980365,-7.99509],[-70.980209,-7.995769],[-70.98109,-7.995993],[-70.982716,-7.996579],[-70.984772,-7.999457],[-70.986583,-8.00031],[-70.988121,-8.000912],[-70.988777,-8.00168],[-70.989194,-8.001898],[-70.99082,-8.001969],[-70.992888,-8.004701],[-70.993101,-8.005685],[-70.996605,-8.006517],[-70.99741,-8.007918],[-70.997658,-8.008893],[-70.99863,-8.010033],[-71.000903,-8.009849],[-71.001693,-8.009413],[-71.003296,-8.009251],[-71.004455,-8.011487],[-71.004827,-8.012],[-71.004497,-8.01314],[-71.005533,-8.013371],[-71.006421,-8.012432],[-71.007635,-8.013374],[-71.007775,-8.0155],[-71.011034,-8.019367],[-71.011299,-8.019746],[-71.011229,-8.020528],[-71.010526,-8.021814],[-71.010504,-8.023367],[-71.011598,-8.023544],[-71.011816,-8.023171],[-71.013185,-8.023452],[-71.014207,-8.022892],[-71.015638,-8.023831],[-71.016,-8.023824],[-71.016368,-8.024559],[-71.017074,-8.025048],[-71.018678,-8.025207],[-71.01958,-8.025033],[-71.020102,-8.023645],[-71.020549,-8.022456],[-71.021335,-8.022292],[-71.022451,-8.022194],[-71.023122,-8.021767],[-71.024179,-8.021857],[-71.025798,-8.022283],[-71.025617,-8.023563],[-71.027014,-8.025461],[-71.027339,-8.02598],[-71.028307,-8.026866],[-71.030183,-8.027725],[-71.029614,-8.028639],[-71.029524,-8.02927],[-71.030428,-8.02947],[-71.031363,-8.030061],[-71.031517,-8.030637],[-71.033677,-8.031446],[-71.034034,-8.032773],[-71.034909,-8.032865],[-71.035899,-8.032481],[-71.038576,-8.03271],[-71.038408,-8.033124],[-71.03887,-8.033632],[-71.039694,-8.033649],[-71.040435,-8.033028],[-71.042063,-8.030438],[-71.042693,-8.030367],[-71.043467,-8.030929],[-71.044006,-8.030965],[-71.044629,-8.03121],[-71.044768,-8.030145],[-71.044809,-8.029827],[-71.045209,-8.028799],[-71.045203,-8.028709],[-71.045148,-8.027755],[-71.045928,-8.027784],[-71.046454,-8.02833],[-71.046425,-8.029142],[-71.047027,-8.029587],[-71.047994,-8.029562],[-71.048359,-8.028731],[-71.049039,-8.028729],[-71.050002,-8.028364],[-71.051421,-8.029292],[-71.051795,-8.028894],[-71.053587,-8.029108],[-71.054915,-8.029825],[-71.055642,-8.030548],[-71.056611,-8.030654],[-71.056598,-8.030038],[-71.057753,-8.027995],[-71.059958,-8.029191],[-71.060539,-8.029309],[-71.063187,-8.027484],[-71.063321,-8.029075],[-71.064546,-8.02982],[-71.064699,-8.029236],[-71.065024,-8.029092],[-71.065987,-8.028666],[-71.066666,-8.027879],[-71.067141,-8.025867],[-71.06875,-8.026034],[-71.069832,-8.025556],[-71.07117,-8.022937],[-71.071965,-8.02313],[-71.074504,-8.025783],[-71.075178,-8.025611],[-71.075566,-8.024971],[-71.075997,-8.024999],[-71.078127,-8.025003],[-71.078126,-8.025849],[-71.079346,-8.027555],[-71.080164,-8.027556],[-71.081707,-8.028952],[-71.081465,-8.029647],[-71.081947,-8.030559],[-71.081393,-8.031258],[-71.082893,-8.031673],[-71.083534,-8.032559],[-71.085792,-8.033378],[-71.086635,-8.033273],[-71.08807,-8.034644],[-71.088674,-8.035554],[-71.089685,-8.03592],[-71.091422,-8.035092],[-71.091901,-8.035651],[-71.092889,-8.035551],[-71.093902,-8.036915],[-71.096924,-8.036545],[-71.097946,-8.037591],[-71.098392,-8.03753],[-71.098814,-8.037064],[-71.099641,-8.035026],[-71.101044,-8.035281],[-71.101383,-8.035682],[-71.102126,-8.037634],[-71.101776,-8.03868],[-71.102535,-8.040401],[-71.103373,-8.04075],[-71.104713,-8.041739],[-71.105777,-8.042691],[-71.106806,-8.042721],[-71.107786,-8.041682],[-71.108147,-8.041729],[-71.108637,-8.041507],[-71.11152,-8.044128],[-71.112913,-8.044023],[-71.113723,-8.044664],[-71.11465,-8.044943],[-71.115527,-8.044807],[-71.115581,-8.044598],[-71.115811,-8.044465],[-71.116533,-8.043541],[-71.117175,-8.043247],[-71.117521,-8.043381],[-71.117993,-8.043904],[-71.118167,-8.044378],[-71.118022,-8.044753],[-71.117993,-8.045654],[-71.118667,-8.046536],[-71.118787,-8.046921],[-71.119278,-8.046981],[-71.119799,-8.047966],[-71.120863,-8.047901],[-71.122424,-8.048212],[-71.124771,-8.048858],[-71.125214,-8.049292],[-71.125134,-8.049914],[-71.125312,-8.05024],[-71.12609,-8.050382],[-71.126187,-8.050695],[-71.126756,-8.05079],[-71.128946,-8.050672],[-71.132093,-8.05182],[-71.131988,-8.05394],[-71.133965,-8.054311],[-71.134375,-8.0543],[-71.134898,-8.05474],[-71.134947,-8.055167],[-71.135698,-8.055744],[-71.135531,-8.056012],[-71.136547,-8.05675],[-71.137939,-8.057399],[-71.13875,-8.058265],[-71.139157,-8.058077],[-71.141678,-8.058451],[-71.142021,-8.058214],[-71.143121,-8.05738],[-71.144809,-8.056651],[-71.146355,-8.054933],[-71.148676,-8.057102],[-71.151673,-8.057462],[-71.153194,-8.058738],[-71.157838,-8.059454],[-71.158525,-8.0606],[-71.160591,-8.061672],[-71.160849,-8.062278],[-71.161247,-8.06248],[-71.162883,-8.062821],[-71.16454,-8.062375],[-71.167136,-8.063829],[-71.168435,-8.064339],[-71.169542,-8.066774],[-71.171056,-8.066368],[-71.171882,-8.06371],[-71.175264,-8.066447],[-71.176877,-8.070731],[-71.17661,-8.070886],[-71.177269,-8.07166],[-71.17873,-8.070312],[-71.184281,-8.067746],[-71.188546,-8.065393],[-71.192723,-8.063017],[-71.196446,-8.060717],[-71.200962,-8.058919],[-71.205404,-8.058662],[-71.209896,-8.058503],[-71.214638,-8.058333],[-71.216483,-8.05826],[-71.219209,-8.058152],[-71.223224,-8.057995],[-71.226999,-8.05786],[-71.232308,-8.057656],[-71.235756,-8.057385],[-71.240558,-8.057157],[-71.246046,-8.057171],[-71.250814,-8.056123],[-71.255618,-8.054702],[-71.258096,-8.054833],[-71.260816,-8.053635],[-71.264957,-8.051829],[-71.269789,-8.050209],[-71.273778,-8.049024],[-71.278267,-8.047818],[-71.279545,-8.047474],[-71.280448,-8.047231],[-71.282401,-8.046705],[-71.284654,-8.046389],[-71.287163,-8.046402],[-71.287695,-8.046485],[-71.289429,-8.046753],[-71.289802,-8.046636],[-71.290328,-8.04647],[-71.291196,-8.045658],[-71.295176,-8.043124],[-71.300496,-8.04094],[-71.30349,-8.039712],[-71.304785,-8.03957],[-71.308769,-8.036994],[-71.310926,-8.035727],[-71.313019,-8.034497],[-71.3175,-8.031595],[-71.321243,-8.029114],[-71.325766,-8.026154],[-71.329574,-8.023731],[-71.333253,-8.021318],[-71.333964,-8.020858],[-71.337026,-8.018882],[-71.340823,-8.016425],[-71.344623,-8.013905],[-71.347628,-8.011998],[-71.35032,-8.010181],[-71.352302,-8.00887],[-71.352586,-8.008682],[-71.356399,-8.006166],[-71.360609,-8.004498],[-71.362166,-8.002542],[-71.364049,-8.001394],[-71.36773,-7.998822],[-71.371562,-7.99632],[-71.375416,-7.993845],[-71.37938,-7.991476],[-71.384208,-7.989483],[-71.38865,-7.987586],[-71.393711,-7.985555],[-71.398772,-7.983523],[-71.402542,-7.98201],[-71.406311,-7.980497],[-71.410552,-7.978795],[-71.41684,-7.976276],[-71.421461,-7.974438],[-71.466746,-7.956179],[-71.48124,-7.953651],[-71.48357,-7.948731],[-71.483566,-7.946404],[-71.482547,-7.945102],[-71.480603,-7.944732],[-71.48027,-7.943807],[-71.481134,-7.942057],[-71.480493,-7.940017],[-71.481505,-7.939057],[-71.481498,-7.938573],[-71.482043,-7.938223],[-71.481616,-7.934451],[-71.481403,-7.934342],[-71.481801,-7.933932],[-71.483128,-7.929785],[-71.481445,-7.925509],[-71.481709,-7.923899],[-71.482911,-7.923783],[-71.483708,-7.924487],[-71.484552,-7.923828],[-71.484162,-7.922603],[-71.481916,-7.92199],[-71.481715,-7.920383],[-71.48461,-7.919848],[-71.484564,-7.91674],[-71.487104,-7.916262],[-71.486708,-7.914083],[-71.489799,-7.91431],[-71.490448,-7.913161],[-71.487075,-7.911519],[-71.487169,-7.908929],[-71.486403,-7.908824],[-71.486258,-7.909003],[-71.484829,-7.910769],[-71.483624,-7.910503],[-71.483589,-7.909222],[-71.484589,-7.907145],[-71.481745,-7.90708],[-71.481847,-7.90588],[-71.483833,-7.90426],[-71.485292,-7.90128],[-71.486632,-7.901463],[-71.487486,-7.902521],[-71.488463,-7.901288],[-71.488123,-7.899191],[-71.4848,-7.897694],[-71.485472,-7.897506],[-71.484021,-7.894348],[-71.484818,-7.893625],[-71.484717,-7.893171],[-71.485259,-7.893557],[-71.48542,-7.893672],[-71.486005,-7.894088],[-71.486702,-7.894585],[-71.486957,-7.894766],[-71.487426,-7.894649],[-71.487785,-7.893855],[-71.487946,-7.893142],[-71.487955,-7.892638],[-71.487698,-7.892083],[-71.484935,-7.891282],[-71.48457,-7.889968],[-71.483913,-7.889421],[-71.482423,-7.889762],[-71.482964,-7.888209],[-71.486375,-7.887596],[-71.486487,-7.887157],[-71.48677,-7.887727],[-71.487483,-7.887228],[-71.488073,-7.884842],[-71.4875,-7.884209],[-71.486381,-7.884427],[-71.483265,-7.886116],[-71.482863,-7.884595],[-71.482546,-7.884441],[-71.484502,-7.88317],[-71.484985,-7.881349],[-71.484406,-7.880654],[-71.483883,-7.876062],[-71.484317,-7.875853],[-71.487987,-7.872336],[-71.489901,-7.872583],[-71.490876,-7.871877],[-71.490938,-7.868949],[-71.49146,-7.868929],[-71.492424,-7.868098],[-71.490038,-7.866508],[-71.49152,-7.863531],[-71.490828,-7.862823],[-71.491186,-7.86256],[-71.488848,-7.857643],[-71.488299,-7.857592],[-71.4837,-7.855938],[-71.478892,-7.853018],[-71.477202,-7.849643],[-71.477922,-7.840514],[-71.475286,-7.8369],[-71.471568,-7.834839],[-71.470699,-7.832858],[-71.469589,-7.830996],[-71.46935,-7.828617],[-71.471746,-7.823917],[-71.470252,-7.822164],[-71.469385,-7.818998],[-71.466799,-7.81785],[-71.465764,-7.816059],[-71.467446,-7.813688],[-71.4664,-7.812837],[-71.465728,-7.812007],[-71.462354,-7.809407],[-71.461909,-7.80946],[-71.458995,-7.80676],[-71.458166,-7.803911],[-71.458403,-7.802147],[-71.45964,-7.80214],[-71.461134,-7.803858],[-71.462511,-7.803709],[-71.464781,-7.799185],[-71.463121,-7.793134],[-71.463742,-7.790734],[-71.461372,-7.790113],[-71.461187,-7.788775],[-71.464367,-7.788722],[-71.464996,-7.78752],[-71.463742,-7.784638],[-71.464443,-7.783612],[-71.466137,-7.78332],[-71.467012,-7.78187],[-71.465791,-7.778529],[-71.466668,-7.777432],[-71.468666,-7.777457],[-71.472428,-7.777504],[-71.472478,-7.776035],[-71.472154,-7.77481],[-71.47109,-7.771695],[-71.469634,-7.767545],[-71.469265,-7.767438],[-71.469638,-7.76568],[-71.467789,-7.763682],[-71.463331,-7.762686],[-71.459682,-7.76098],[-71.458008,-7.758594],[-71.453442,-7.757211],[-71.452196,-7.755491],[-71.454013,-7.751992],[-71.453055,-7.751363],[-71.448225,-7.753047],[-71.443961,-7.748913],[-71.443706,-7.747505],[-71.441967,-7.746829],[-71.442718,-7.744229],[-71.441228,-7.741439],[-71.441493,-7.741065],[-71.437481,-7.739267],[-71.437139,-7.739369],[-71.436412,-7.738299],[-71.433332,-7.736957],[-71.433114,-7.737323],[-71.432337,-7.736693],[-71.431238,-7.736343],[-71.429959,-7.73643],[-71.428847,-7.736266],[-71.428614,-7.736703],[-71.425712,-7.734743],[-71.425522,-7.733794],[-71.422112,-7.73409],[-71.421061,-7.732545],[-71.421283,-7.732251],[-71.421482,-7.730587],[-71.421294,-7.728169],[-71.420875,-7.728169],[-71.421163,-7.726745],[-71.420625,-7.723616],[-71.42034,-7.723672],[-71.42065,-7.720236],[-71.419879,-7.719888],[-71.418275,-7.720115],[-71.41768,-7.721744],[-71.418855,-7.725679],[-71.41707,-7.726855],[-71.417153,-7.726517],[-71.414647,-7.724331],[-71.413409,-7.72437],[-71.413532,-7.724085],[-71.413554,-7.724035],[-71.412501,-7.723857],[-71.40946,-7.724937],[-71.408626,-7.724181],[-71.408918,-7.724033],[-71.408466,-7.719775],[-71.408772,-7.719489],[-71.408514,-7.718325],[-71.408147,-7.717868],[-71.406039,-7.716778],[-71.405195,-7.716712],[-71.404973,-7.717157],[-71.403626,-7.716188],[-71.40334,-7.714432],[-71.405027,-7.712725],[-71.404805,-7.712407],[-71.405999,-7.711855],[-71.405736,-7.711463],[-71.401078,-7.70943],[-71.401132,-7.709087],[-71.400231,-7.709003],[-71.396867,-7.710949],[-71.395942,-7.709942],[-71.395583,-7.710031],[-71.396142,-7.707704],[-71.395979,-7.706681],[-71.394368,-7.705214],[-71.394743,-7.704919],[-71.393576,-7.70418],[-71.390667,-7.702341],[-71.390392,-7.70106],[-71.390815,-7.700745],[-71.394249,-7.698052],[-71.393473,-7.69708],[-71.389742,-7.696733],[-71.389178,-7.696697],[-71.393608,-7.691879],[-71.371475,-7.69445],[-71.381078,-7.706055],[-71.382266,-7.7077]]]},"properties":{"uc_nome":"Floresta Estadual do Rio Gregório","zona_codigo":"ZPO","zona_nome":"Zona Populacional","cor":"#7c3aed","zona":"AES-2","descrição":"Ocupação pela População Tradicional","perimeter":327335.743624,"area":236538326.97,"acres":58449.8935175,"hectares":23653.832697}},{"type":"Feature","geometry":{"type":"Polygon","coordinates":[[[-70.937731,-7.861389],[-70.942063,-7.867263],[-70.943249,-7.869426],[-70.944643,-7.871132],[-70.946382,-7.873528],[-70.94796,-7.876033],[-70.94858,-7.877126],[-70.948866,-7.877648],[-70.949657,-7.879157],[-70.950894,-7.881846],[-70.950944,-7.881978],[-70.951237,-7.882215],[-70.953412,-7.884227],[-70.95545,-7.886376],[-70.955686,-7.886644],[-70.955881,-7.886868],[-70.956029,-7.887013],[-70.958067,-7.889162],[-70.95996,-7.89144],[-70.961699,-7.893836],[-70.963277,-7.896341],[-70.964688,-7.898943],[-70.965478,-7.900606],[-70.96648,-7.902829],[-70.966927,-7.903855],[-70.967829,-7.90621],[-70.968468,-7.906602],[-70.970888,-7.908314],[-70.97319,-7.910179],[-70.973526,-7.910473],[-70.974628,-7.911289],[-70.975023,-7.911585],[-70.977325,-7.913451],[-70.977327,-7.913452],[-70.978559,-7.914482],[-70.980734,-7.916494],[-70.981382,-7.917147],[-70.982739,-7.918107],[-70.985041,-7.919972],[-70.987216,-7.921984],[-70.989255,-7.924133],[-70.990361,-7.925427],[-70.991708,-7.927063],[-70.992494,-7.928047],[-70.994234,-7.930443],[-70.995708,-7.932768],[-70.996486,-7.934083],[-70.996591,-7.934262],[-70.998002,-7.936864],[-70.99924,-7.939552],[-71.000298,-7.942315],[-71.000567,-7.943116],[-71.001079,-7.944267],[-71.001229,-7.944372],[-71.003531,-7.946238],[-71.005706,-7.948249],[-71.006287,-7.948833],[-71.006899,-7.949459],[-71.008357,-7.951024],[-71.01025,-7.953302],[-71.01199,-7.955697],[-71.013486,-7.95806],[-71.015036,-7.960211],[-71.016615,-7.962715],[-71.018027,-7.965317],[-71.018377,-7.966078],[-71.019675,-7.967102],[-71.020443,-7.967407],[-71.023152,-7.968615],[-71.025775,-7.969996],[-71.028302,-7.971546],[-71.030723,-7.973257],[-71.033025,-7.975122],[-71.035201,-7.977133],[-71.036309,-7.978301],[-71.037379,-7.978583],[-71.040161,-7.979411],[-71.042943,-7.980439],[-71.045651,-7.981647],[-71.047483,-7.982611],[-71.047638,-7.982617],[-71.048668,-7.982667],[-71.050312,-7.98282],[-71.050911,-7.9825],[-71.053608,-7.981266],[-71.05638,-7.980211],[-71.059214,-7.979338],[-71.062101,-7.978652],[-71.065026,-7.978156],[-71.067977,-7.977851],[-71.070942,-7.977739],[-71.073908,-7.977821],[-71.076862,-7.978096],[-71.079791,-7.978563],[-71.081886,-7.979019],[-71.08268,-7.979212],[-71.083479,-7.979413],[-71.086323,-7.980257],[-71.088253,-7.980971],[-71.089641,-7.981286],[-71.092484,-7.98213],[-71.095266,-7.983158],[-71.097975,-7.984365],[-71.100599,-7.985746],[-71.103127,-7.987295],[-71.105547,-7.989005],[-71.107398,-7.990504],[-71.107773,-7.990561],[-71.109176,-7.990816],[-71.109662,-7.990907],[-71.112555,-7.991564],[-71.115398,-7.992408],[-71.118181,-7.993436],[-71.12089,-7.994643],[-71.123513,-7.996023],[-71.126041,-7.997572],[-71.128462,-7.999282],[-71.128816,-7.999569],[-71.131528,-8.000374],[-71.133597,-8.001118],[-71.133943,-8.001252],[-71.134656,-8.001535],[-71.137365,-8.002742],[-71.139989,-8.004123],[-71.142517,-8.005671],[-71.144938,-8.007381],[-71.147178,-8.009194],[-71.14768,-8.009378],[-71.148802,-8.00981],[-71.149083,-8.009818],[-71.152038,-8.010093],[-71.154968,-8.010559],[-71.157861,-8.011216],[-71.160705,-8.012059],[-71.163487,-8.013086],[-71.166196,-8.014293],[-71.168503,-8.015495],[-71.168705,-8.015576],[-71.169342,-8.015737],[-71.172186,-8.016581],[-71.174968,-8.017608],[-71.177677,-8.018814],[-71.177875,-8.018911],[-71.178842,-8.019068],[-71.17887,-8.019055],[-71.179629,-8.018745],[-71.184145,-8.016948],[-71.186157,-8.016201],[-71.188992,-8.015328],[-71.191878,-8.014641],[-71.194803,-8.014143],[-71.197754,-8.013838],[-71.198335,-8.0138],[-71.202777,-8.013544],[-71.20379,-8.013496],[-71.208274,-8.013337],[-71.212926,-8.01317],[-71.217414,-8.012993],[-71.217436,-8.012992],[-71.221451,-8.012836],[-71.221599,-8.01283],[-71.225312,-8.012698],[-71.229652,-8.012531],[-71.232195,-8.012331],[-71.232544,-8.012305],[-71.233598,-8.012243],[-71.238399,-8.012015],[-71.240311,-8.011964],[-71.240676,-8.011964],[-71.240733,-8.011964],[-71.242727,-8.011374],[-71.243643,-8.011114],[-71.246529,-8.010427],[-71.246993,-8.010335],[-71.247375,-8.010172],[-71.250146,-8.009115],[-71.250501,-8.008995],[-71.255333,-8.007375],[-71.256841,-8.006898],[-71.260829,-8.005713],[-71.261801,-8.005436],[-71.261984,-8.005387],[-71.266454,-8.004187],[-71.270569,-8.003078],[-71.273309,-8.00243],[-71.276097,-8.001951],[-71.276735,-8.001862],[-71.277593,-8.001469],[-71.27791,-8.001337],[-71.28323,-7.999153],[-71.283245,-7.999147],[-71.285425,-7.998253],[-71.285748,-7.998061],[-71.289146,-7.996065],[-71.292598,-7.993829],[-71.296144,-7.99148],[-71.296361,-7.991337],[-71.300884,-7.988377],[-71.301372,-7.988062],[-71.304914,-7.985809],[-71.308328,-7.983569],[-71.308608,-7.983387],[-71.312363,-7.980963],[-71.315926,-7.978657],[-71.319514,-7.976278],[-71.320283,-7.97578],[-71.322743,-7.974219],[-71.3249,-7.972763],[-71.32492,-7.97275],[-71.325254,-7.972527],[-71.32752,-7.971028],[-71.327565,-7.970998],[-71.331379,-7.968482],[-71.333509,-7.96716],[-71.335178,-7.966233],[-71.336766,-7.965112],[-71.33851,-7.963993],[-71.339187,-7.963581],[-71.34171,-7.961818],[-71.34233,-7.961392],[-71.342897,-7.961016],[-71.346729,-7.958514],[-71.347005,-7.958336],[-71.350858,-7.95586],[-71.352113,-7.955083],[-71.356077,-7.952714],[-71.35649,-7.952471],[-71.359098,-7.951062],[-71.361793,-7.949826],[-71.362037,-7.949724],[-71.366612,-7.947836],[-71.370801,-7.946047],[-71.371061,-7.945937],[-71.371721,-7.945667],[-71.393622,-7.936877],[-71.393651,-7.936865],[-71.399938,-7.934346],[-71.400045,-7.934304],[-71.404567,-7.932505],[-71.43642,-7.919664],[-71.436473,-7.917694],[-71.436747,-7.91475],[-71.43692,-7.913665],[-71.436847,-7.913243],[-71.436539,-7.910302],[-71.436425,-7.907347],[-71.436504,-7.904391],[-71.436587,-7.903255],[-71.436689,-7.902055],[-71.43688,-7.900246],[-71.437346,-7.897326],[-71.437587,-7.896269],[-71.437528,-7.895924],[-71.43722,-7.892983],[-71.437105,-7.890028],[-71.437185,-7.887072],[-71.43728,-7.886043],[-71.437229,-7.884707],[-71.437309,-7.881751],[-71.437582,-7.878807],[-71.438048,-7.875887],[-71.438563,-7.873602],[-71.438368,-7.873242],[-71.438348,-7.873202],[-71.436658,-7.869827],[-71.435438,-7.86718],[-71.434378,-7.864419],[-71.4335,-7.861594],[-71.43281,-7.858718],[-71.432673,-7.858024],[-71.432458,-7.857661],[-71.431045,-7.855062],[-71.430313,-7.853533],[-71.429066,-7.851218],[-71.427827,-7.848531],[-71.426766,-7.84577],[-71.425889,-7.842945],[-71.425199,-7.840069],[-71.424699,-7.837155],[-71.424575,-7.836119],[-71.423208,-7.834476],[-71.421466,-7.832082],[-71.419886,-7.82958],[-71.418473,-7.82698],[-71.417234,-7.824294],[-71.416174,-7.821533],[-71.415479,-7.819354],[-71.41465,-7.816505],[-71.414467,-7.815858],[-71.413778,-7.812982],[-71.413278,-7.810067],[-71.41297,-7.807126],[-71.412856,-7.804171],[-71.412936,-7.801216],[-71.41321,-7.798271],[-71.413258,-7.797904],[-71.413495,-7.79614],[-71.413914,-7.793587],[-71.41457,-7.790704],[-71.415415,-7.787869],[-71.41595,-7.786427],[-71.415959,-7.78608],[-71.41607,-7.784892],[-71.41238,-7.781315],[-71.412108,-7.781049],[-71.410199,-7.779047],[-71.410114,-7.778964],[-71.408378,-7.777136],[-71.407793,-7.776962],[-71.405012,-7.775937],[-71.402305,-7.774731],[-71.399682,-7.773352],[-71.397155,-7.771805],[-71.394735,-7.770096],[-71.392433,-7.768233],[-71.390258,-7.766224],[-71.389637,-7.765571],[-71.387029,-7.764199],[-71.384502,-7.762652],[-71.382083,-7.760943],[-71.37978,-7.759079],[-71.37978,-7.759079],[-71.378983,-7.758373],[-71.378149,-7.757617],[-71.376771,-7.756314],[-71.374733,-7.754167],[-71.372839,-7.751892],[-71.371099,-7.749498],[-71.369519,-7.746995],[-71.36951,-7.746978],[-71.368205,-7.746036],[-71.365902,-7.744172],[-71.363727,-7.742163],[-71.336614,-7.706299],[-71.33214,-7.699013],[-71.306109,-7.702031],[-71.261087,-7.707243],[-71.216005,-7.712456],[-71.171084,-7.717649],[-71.126031,-7.722853],[-71.081263,-7.72802],[-71.037028,-7.733119],[-71.038117,-7.735329],[-71.03972,-7.737423],[-71.042456,-7.742994],[-71.04769,-7.752566],[-71.053735,-7.756577],[-71.059304,-7.759549],[-71.051792,-7.770769],[-71.050891,-7.77161],[-71.048585,-7.776206],[-71.043623,-7.782991],[-71.043517,-7.800686],[-71.046573,-7.805006],[-71.052157,-7.807727],[-71.052892,-7.814129],[-71.055063,-7.817294],[-71.058126,-7.82595],[-71.057505,-7.834594],[-71.055211,-7.841542],[-71.059191,-7.853573],[-70.990918,-7.854204],[-70.983429,-7.845156],[-70.978471,-7.839412],[-70.97599,-7.837835],[-70.972383,-7.832378],[-70.971209,-7.828354],[-70.969298,-7.825258],[-70.964338,-7.822569],[-70.961416,-7.824284],[-70.958388,-7.823912],[-70.954574,-7.825609],[-70.952035,-7.827526],[-70.95078,-7.831457],[-70.948902,-7.833734],[-70.946866,-7.836148],[-70.942624,-7.838822],[-70.942376,-7.842224],[-70.941134,-7.845955],[-70.938768,-7.84718],[-70.936242,-7.849787],[-70.937243,-7.85495],[-70.937731,-7.861389]]]},"properties":{"uc_nome":"Floresta Estadual do Rio Gregório","zona_codigo":"ZPR","zona_nome":"Zona de Produção","cor":"#0891b2","zona":"ZPR","descrição":"Área potencial para produção florestal","perimeter":162669.265134,"area":1313883416.86,"acres":324667.662926,"hectares":131388.341686}},{"type":"Feature","geometry":{"type":"Polygon","coordinates":[[[-72.094058,-7.713237],[-72.093822,-7.707331],[-72.093198,-7.701453],[-72.092191,-7.695628],[-72.090803,-7.689882],[-72.089043,-7.684238],[-72.086916,-7.678721],[-72.084431,-7.673355],[-72.081601,-7.668162],[-72.080237,-7.666008],[-72.080212,-7.665396],[-72.079589,-7.659518],[-72.078582,-7.653693],[-72.077196,-7.647946],[-72.075435,-7.642302],[-72.073309,-7.636785],[-72.070825,-7.631419],[-72.067995,-7.626226],[-72.064831,-7.621228],[-72.061346,-7.616448],[-72.057556,-7.611906],[-72.055914,-7.610113],[-72.05582,-7.609971],[-72.055146,-7.608965],[-72.051661,-7.604185],[-72.051085,-7.603454],[-72.050634,-7.602785],[-72.04715,-7.598005],[-72.04715,-7.598005],[-72.045495,-7.595947],[-72.044754,-7.595052],[-72.042618,-7.592567],[-72.038632,-7.588373],[-72.037508,-7.587089],[-72.033428,-7.582803],[-72.029077,-7.578792],[-72.024471,-7.575074],[-72.019632,-7.571665],[-72.01458,-7.568578],[-72.009502,-7.565908],[-72.000355,-7.561463],[-72.00019,-7.561382],[-71.994777,-7.55898],[-71.989219,-7.556936],[-71.983538,-7.555258],[-71.97776,-7.553955],[-71.971909,-7.553032],[-71.966009,-7.552493],[-71.960087,-7.55234],[-71.954168,-7.552573],[-71.948276,-7.553193],[-71.942438,-7.554195],[-71.938516,-7.555092],[-71.936458,-7.555611],[-71.935949,-7.5553],[-71.930706,-7.552549],[-71.925293,-7.550145],[-71.919735,-7.5481],[-71.914054,-7.546422],[-71.908276,-7.545118],[-71.902425,-7.544194],[-71.896525,-7.543653],[-71.890603,-7.543499],[-71.884683,-7.543732],[-71.880647,-7.544113],[-71.384493,-7.601949],[-71.382636,-7.602184],[-71.376793,-7.603179],[-71.371028,-7.604554],[-71.365365,-7.606302],[-71.359829,-7.608415],[-71.354443,-7.610885],[-71.34923,-7.613702],[-71.344213,-7.616852],[-71.339414,-7.620323],[-71.334852,-7.6241],[-71.330547,-7.628166],[-71.328149,-7.63068],[-71.327187,-7.631635],[-71.323158,-7.635974],[-71.319422,-7.640566],[-71.315995,-7.645392],[-71.315758,-7.645753],[-71.315235,-7.64655],[-71.312369,-7.651229],[-71.309603,-7.65646],[-71.307185,-7.66186],[-71.305126,-7.667407],[-71.303436,-7.673076],[-71.302121,-7.678843],[-71.301186,-7.684684],[-71.300785,-7.688506],[-71.300701,-7.689519],[-71.300552,-7.691586],[-71.30039,-7.697498],[-71.300602,-7.703202],[-71.300603,-7.703239],[-71.300605,-7.70339],[-71.300623,-7.704261],[-71.300832,-7.708842],[-71.301445,-7.714725],[-71.302442,-7.720555],[-71.30382,-7.726308],[-71.305572,-7.731958],[-71.307691,-7.737483],[-71.310167,-7.742857],[-71.311002,-7.744482],[-71.311366,-7.745172],[-71.313354,-7.748747],[-71.316513,-7.753753],[-71.319993,-7.758542],[-71.32378,-7.763093],[-71.327858,-7.767388],[-71.328779,-7.768283],[-71.329518,-7.769125],[-71.331321,-7.771094],[-71.332187,-7.772012],[-71.334249,-7.77412],[-71.334699,-7.774833],[-71.338179,-7.779621],[-71.341967,-7.784173],[-71.343824,-7.786199],[-71.34448,-7.786892],[-71.3467,-7.78916],[-71.351051,-7.793179],[-71.355656,-7.796906],[-71.360495,-7.800324],[-71.365549,-7.803419],[-71.366669,-7.804008],[-71.367463,-7.80465],[-71.367469,-7.804654],[-71.367577,-7.807843],[-71.367791,-7.812592],[-71.368405,-7.818475],[-71.369404,-7.824305],[-71.370286,-7.828166],[-71.370486,-7.828962],[-71.370984,-7.830853],[-71.372737,-7.836502],[-71.374858,-7.842026],[-71.377336,-7.847399],[-71.378839,-7.850266],[-71.379185,-7.850898],[-71.380508,-7.853232],[-71.383668,-7.858236],[-71.384808,-7.859877],[-71.384907,-7.860163],[-71.386706,-7.864914],[-71.387457,-7.869059],[-71.388837,-7.874811],[-71.390482,-7.880109],[-71.390597,-7.883097],[-71.39072,-7.884629],[-71.390802,-7.885559],[-71.391295,-7.889909],[-71.392294,-7.895739],[-71.392644,-7.897196],[-71.392383,-7.900005],[-71.392223,-7.905917],[-71.392451,-7.911826],[-71.392513,-7.912423],[-71.391953,-7.915933],[-71.391406,-7.921822],[-71.391338,-7.9231],[-71.391136,-7.924113],[-71.390203,-7.929954],[-71.389656,-7.935843],[-71.389496,-7.941755],[-71.389724,-7.947665],[-71.39034,-7.953547],[-71.39134,-7.959376],[-71.392439,-7.964081],[-71.392648,-7.965702],[-71.393648,-7.971532],[-71.395029,-7.977284],[-71.395029,-7.977284],[-71.396784,-7.982933],[-71.398906,-7.988456],[-71.401386,-7.993829],[-71.404213,-7.999028],[-71.407376,-8.004032],[-71.41086,-8.008819],[-71.414651,-8.013368],[-71.418732,-8.017661],[-71.423086,-8.021678],[-71.427695,-8.025403],[-71.432538,-8.028819],[-71.437595,-8.031912],[-71.442845,-8.034669],[-71.448264,-8.037077],[-71.453829,-8.039127],[-71.453829,-8.039127],[-71.459517,-8.04081],[-71.465304,-8.042118],[-71.471163,-8.043047],[-71.477072,-8.043591],[-71.483003,-8.043748],[-71.488932,-8.043519],[-71.494833,-8.042903],[-71.494833,-8.042903],[-71.498014,-8.042409],[-71.50081,-8.041923],[-71.500903,-8.041907],[-71.503697,-8.041419],[-71.503861,-8.041396],[-71.504008,-8.041376],[-71.509856,-8.040377],[-71.510447,-8.040254],[-71.5123,-8.039862],[-71.514797,-8.039466],[-71.515905,-8.039283],[-71.520314,-8.038527],[-71.523181,-8.037988],[-71.524166,-8.037781],[-71.527371,-8.03727],[-71.532496,-8.036359],[-71.537777,-8.035427],[-71.540876,-8.034885],[-71.544196,-8.034321],[-71.544703,-8.034233],[-71.549234,-8.033436],[-71.549377,-8.033411],[-71.55535,-8.03235],[-71.560872,-8.031379],[-71.562409,-8.031095],[-71.565998,-8.0304],[-71.566951,-8.030211],[-71.57272,-8.028832],[-71.578386,-8.02708],[-71.583925,-8.024962],[-71.589313,-8.022488],[-71.59169,-8.021256],[-71.595384,-8.019273],[-71.595549,-8.019185],[-71.599742,-8.016923],[-71.600889,-8.016293],[-71.60533,-8.013814],[-71.606855,-8.012943],[-71.611243,-8.01021],[-71.614626,-8.007967],[-71.615256,-8.007545],[-71.620056,-8.00407],[-71.622393,-8.002196],[-71.624436,-8.000502],[-71.626438,-7.998902],[-71.629953,-7.995946],[-71.631403,-7.994633],[-71.63531,-7.991352],[-71.638057,-7.990119],[-71.638339,-7.989992],[-71.641294,-7.988653],[-71.642999,-7.987925],[-71.646233,-7.986902],[-71.651604,-7.985345],[-71.654288,-7.984589],[-71.655561,-7.98424],[-71.657739,-7.983779],[-71.662663,-7.982748],[-71.662748,-7.98273],[-71.666982,-7.981839],[-71.669536,-7.981263],[-71.670766,-7.980967],[-71.671798,-7.980778],[-71.672949,-7.980558],[-71.676212,-7.979915],[-71.676873,-7.979782],[-71.680407,-7.979058],[-71.680421,-7.979055],[-71.680991,-7.978937],[-71.682361,-7.978647],[-71.684317,-7.978324],[-71.687805,-7.97768],[-71.691725,-7.976785],[-71.69403,-7.976205],[-71.698925,-7.97534],[-71.703094,-7.974382],[-71.704011,-7.974149],[-71.705192,-7.973902],[-71.708226,-7.973301],[-71.708826,-7.97318],[-71.709682,-7.973],[-71.71299,-7.972289],[-71.716244,-7.971607],[-71.718463,-7.971113],[-71.71958,-7.97085],[-71.722536,-7.970101],[-71.724758,-7.969497],[-71.724981,-7.969437],[-71.729537,-7.968058],[-71.733041,-7.966897],[-71.734149,-7.966522],[-71.734398,-7.966435],[-71.737928,-7.965203],[-71.740397,-7.964382],[-71.740857,-7.964228],[-71.743119,-7.963462],[-71.745307,-7.962785],[-71.748144,-7.961856],[-71.749219,-7.961477],[-71.752032,-7.960464],[-71.753591,-7.959954],[-71.755043,-7.959466],[-71.757162,-7.958703],[-71.757728,-7.958492],[-71.758655,-7.95821],[-71.761254,-7.957375],[-71.764693,-7.956214],[-71.765321,-7.955999],[-71.766966,-7.955413],[-71.769682,-7.954414],[-71.769992,-7.954307],[-71.771109,-7.953982],[-71.774518,-7.952919],[-71.778036,-7.951745],[-71.778219,-7.951684],[-71.781805,-7.950479],[-71.782569,-7.950219],[-71.7832,-7.949998],[-71.786175,-7.948944],[-71.7887,-7.948078],[-71.791578,-7.947129],[-71.792842,-7.946703],[-71.797133,-7.945096],[-71.798125,-7.944818],[-71.802151,-7.943589],[-71.805423,-7.942507],[-71.80564,-7.942435],[-71.810216,-7.940908],[-71.81146,-7.94057],[-71.811625,-7.940525],[-71.811919,-7.940443],[-71.814637,-7.939688],[-71.816723,-7.939588],[-71.818929,-7.939456],[-71.822793,-7.939094],[-71.826389,-7.938679],[-71.826945,-7.938614],[-71.830016,-7.938241],[-71.831723,-7.93805],[-71.836564,-7.937517],[-71.839065,-7.937207],[-71.844909,-7.936204],[-71.850674,-7.934822],[-71.853725,-7.933926],[-71.856381,-7.93324],[-71.858058,-7.932763],[-71.860713,-7.931979],[-71.864305,-7.930986],[-71.866761,-7.93027],[-71.871804,-7.928722],[-71.873035,-7.928335],[-71.876411,-7.927246],[-71.87787,-7.926762],[-71.879064,-7.926443],[-71.881047,-7.925874],[-71.884074,-7.924969],[-71.884184,-7.924935],[-71.884821,-7.924744],[-71.885691,-7.924565],[-71.88617,-7.924465],[-71.888183,-7.924038],[-71.888449,-7.923981],[-71.891448,-7.923336],[-71.893789,-7.922874],[-71.89705,-7.922267],[-71.897752,-7.922134],[-71.901571,-7.921392],[-71.902543,-7.921198],[-71.908308,-7.919815],[-71.908746,-7.919694],[-71.908754,-7.919691],[-71.908801,-7.919684],[-71.912759,-7.918961],[-71.915771,-7.918288],[-71.918733,-7.917574],[-71.92163,-7.916917],[-71.92538,-7.916103],[-71.927383,-7.915688],[-71.929769,-7.915213],[-71.930346,-7.915096],[-71.932131,-7.914711],[-71.934784,-7.914109],[-71.937649,-7.913512],[-71.941763,-7.912554],[-71.944999,-7.911949],[-71.94563,-7.911817],[-71.948764,-7.911149],[-71.951387,-7.910593],[-71.954934,-7.909849],[-71.955601,-7.909706],[-71.959275,-7.908906],[-71.967529,-7.907193],[-71.968079,-7.907077],[-71.97133,-7.906381],[-71.974439,-7.90575],[-71.974615,-7.905714],[-71.978077,-7.905004],[-71.978133,-7.904992],[-71.982584,-7.903959],[-71.98427,-7.903629],[-71.986165,-7.903218],[-71.98852,-7.90268],[-71.9921,-7.901971],[-71.99276,-7.901838],[-71.998524,-7.900454],[-72.003681,-7.898871],[-72.004115,-7.898723],[-72.004619,-7.89855],[-72.010152,-7.896428],[-72.015534,-7.89395],[-72.020743,-7.891125],[-72.025754,-7.887968],[-72.030548,-7.88449],[-72.035103,-7.880707],[-72.0394,-7.876635],[-72.043421,-7.872291],[-72.047148,-7.867695],[-72.050566,-7.862865],[-72.053386,-7.8583],[-72.055398,-7.854936],[-72.058155,-7.849703],[-72.060469,-7.844527],[-72.0609,-7.843476],[-72.060993,-7.84325],[-72.06304,-7.837703],[-72.064719,-7.832034],[-72.065395,-7.829045],[-72.068059,-7.826167],[-72.071785,-7.821571],[-72.075202,-7.816741],[-72.078295,-7.811699],[-72.079953,-7.808653],[-72.080601,-7.807404],[-72.0817,-7.805217],[-72.084106,-7.799815],[-72.086153,-7.794268],[-72.087832,-7.788599],[-72.089136,-7.782833],[-72.090059,-7.776995],[-72.090596,-7.771108],[-72.090747,-7.765199],[-72.090576,-7.760268],[-72.090396,-7.757373],[-72.09033,-7.756398],[-72.090023,-7.753058],[-72.089871,-7.742542],[-72.089745,-7.741357],[-72.091143,-7.736637],[-72.092447,-7.730871],[-72.092447,-7.730871],[-72.09337,-7.725032],[-72.093908,-7.719146],[-72.094058,-7.713237]]]},"properties":{"uc_nome":"Floresta Estadual do Mogno","zona_codigo":"ZOA","zona_nome":"Zona de Amortecimento","cor":"#fbbf24","perimeter":236759.620508,"area":3504775725.73,"acres":866048.942664,"hectares":350477.572573}},{"type":"Feature","geometry":{"type":"Polygon","coordinates":[[[-71.616142,-7.787373],[-71.61602,-7.786939],[-71.621426,-7.782535],[-71.626877,-7.774271],[-71.633517,-7.767762],[-71.636822,-7.762058],[-71.633666,-7.760118],[-71.633061,-7.757574],[-71.632645,-7.753853],[-71.632037,-7.750917],[-71.627905,-7.749963],[-71.624964,-7.750961],[-71.62163,-7.751961],[-71.617315,-7.75336],[-71.616326,-7.75219],[-71.612601,-7.753585],[-71.610447,-7.754774],[-71.607288,-7.756374],[-71.607084,-7.755105],[-71.605806,-7.753287],[-71.604811,-7.751749],[-71.601417,-7.749382],[-71.598157,-7.746031],[-71.59884,-7.742515],[-71.599526,-7.739562],[-71.601207,-7.738147],[-71.60301,-7.733782],[-71.603556,-7.73083],[-71.602683,-7.726341],[-71.602111,-7.72494],[-71.59999,-7.723408],[-71.597018,-7.720898],[-71.59672,-7.718231],[-71.595427,-7.714025],[-71.586843,-7.714779],[-71.582616,-7.714384],[-71.579248,-7.71623],[-71.57349,-7.718652],[-71.568009,-7.720371],[-71.561734,-7.730521],[-71.553702,-7.729445],[-71.551171,-7.730022],[-71.546683,-7.733139],[-71.542908,-7.737656],[-71.528391,-7.735355],[-71.514084,-7.74485],[-71.511061,-7.747728],[-71.517305,-7.76075],[-71.519326,-7.767749],[-71.520134,-7.773604],[-71.520169,-7.779515],[-71.520204,-7.782686],[-71.519923,-7.783852],[-71.518775,-7.788263],[-71.516903,-7.793871],[-71.514314,-7.799187],[-71.512947,-7.801371],[-71.513723,-7.804475],[-71.514023,-7.805672],[-71.515926,-7.808038],[-71.521182,-7.808435],[-71.525635,-7.808882],[-71.538122,-7.807901],[-71.540333,-7.806072],[-71.541397,-7.805224],[-71.542241,-7.801333],[-71.544598,-7.801348],[-71.54725,-7.80339],[-71.54983,-7.806808],[-71.549623,-7.808966],[-71.550629,-7.811244],[-71.55218,-7.812238],[-71.55906,-7.806826],[-71.567195,-7.805998],[-71.566735,-7.804429],[-71.566724,-7.802665],[-71.568479,-7.800498],[-71.572184,-7.795772],[-71.577309,-7.798289],[-71.582626,-7.80002],[-71.586376,-7.802741],[-71.58855,-7.804688],[-71.59287,-7.804269],[-71.595419,-7.803274],[-71.597573,-7.802085],[-71.601694,-7.801079],[-71.61576,-7.787666],[-71.616142,-7.787373]]]},"properties":{"uc_nome":"Floresta Estadual do Mogno","zona_codigo":"ZOC","zona_nome":"Zona de Conservação","cor":"#166534","zona":"Zona de Conservação","sigla":"ZOC","perimeter":45908.535438,"area":92999154.1543,"acres":22980.5914634,"hectares":9299.91541543}},{"type":"Feature","geometry":{"type":"Polygon","coordinates":[[[-71.511061,-7.747728],[-71.509953,-7.745936],[-71.508378,-7.742868],[-71.507151,-7.740635],[-71.505571,-7.738133],[-71.50383,-7.73574],[-71.501936,-7.733465],[-71.499897,-7.731319],[-71.497722,-7.72931],[-71.495419,-7.727448],[-71.493103,-7.725813],[-71.480353,-7.709475],[-71.467341,-7.69611],[-71.456152,-7.684616],[-71.416452,-7.689228],[-71.417187,-7.69506],[-71.41885,-7.698857],[-71.422953,-7.704339],[-71.428071,-7.707531],[-71.434203,-7.711669],[-71.452283,-7.730254],[-71.455581,-7.733887],[-71.465847,-7.747828],[-71.48227,-7.760911],[-71.489767,-7.770219],[-71.498528,-7.773169],[-71.500868,-7.777043],[-71.497842,-7.781895],[-71.490673,-7.787306],[-71.487038,-7.790049],[-71.485804,-7.795205],[-71.487433,-7.803392],[-71.491905,-7.810514],[-71.491399,-7.836426],[-71.515306,-7.86141],[-71.526442,-7.871392],[-71.529845,-7.872634],[-71.5362,-7.873091],[-71.542559,-7.869144],[-71.53913,-7.876021],[-71.542247,-7.877158],[-71.54319,-7.874099],[-71.548015,-7.876866],[-71.548202,-7.877459],[-71.549399,-7.881259],[-71.553387,-7.883546],[-71.554143,-7.88128],[-71.559182,-7.885023],[-71.559359,-7.884634],[-71.559371,-7.884607],[-71.564855,-7.887751],[-71.563493,-7.889341],[-71.563485,-7.889377],[-71.581011,-7.896489],[-71.608881,-7.885055],[-71.620483,-7.882391],[-71.624728,-7.877987],[-71.624731,-7.878033],[-71.624864,-7.878579],[-71.63123,-7.871241],[-71.63177,-7.874374],[-71.638367,-7.87286],[-71.639195,-7.876305],[-71.643183,-7.874645],[-71.646491,-7.871415],[-71.649289,-7.868237],[-71.653479,-7.870471],[-71.656386,-7.867279],[-71.660595,-7.869032],[-71.663995,-7.868412],[-71.667464,-7.866188],[-71.67066,-7.864764],[-71.674053,-7.866603],[-71.676897,-7.861945],[-71.682266,-7.868285],[-71.685622,-7.867516],[-71.68449,-7.86318],[-71.687762,-7.862429],[-71.685526,-7.854868],[-71.691732,-7.853773],[-71.692149,-7.855575],[-71.700437,-7.854361],[-71.696849,-7.858933],[-71.706175,-7.858987],[-71.708495,-7.853781],[-71.713513,-7.857188],[-71.716354,-7.854092],[-71.717334,-7.857877],[-71.720184,-7.856947],[-71.718766,-7.852194],[-71.722241,-7.851022],[-71.723694,-7.855802],[-71.72708,-7.854697],[-71.726135,-7.851218],[-71.729972,-7.850082],[-71.730854,-7.853466],[-71.734382,-7.852315],[-71.733026,-7.847529],[-71.736566,-7.84646],[-71.740866,-7.847226],[-71.740234,-7.84457],[-71.743987,-7.84538],[-71.747857,-7.844284],[-71.75105,-7.841306],[-71.75523,-7.842409],[-71.757757,-7.837588],[-71.761,-7.838261],[-71.764549,-7.837081],[-71.767589,-7.836091],[-71.770686,-7.83413],[-71.774987,-7.835322],[-71.778093,-7.832786],[-71.781512,-7.831845],[-71.780753,-7.828842],[-71.783304,-7.828011],[-71.786692,-7.828398],[-71.78767,-7.831454],[-71.791557,-7.830308],[-71.790305,-7.826249],[-71.793551,-7.825144],[-71.793845,-7.826138],[-71.79796,-7.825531],[-71.799328,-7.832245],[-71.802856,-7.831532],[-71.802293,-7.829597],[-71.80641,-7.828866],[-71.80927,-7.825314],[-71.816762,-7.824703],[-71.821195,-7.820461],[-71.824646,-7.8248],[-71.829031,-7.823749],[-71.829765,-7.826065],[-71.829788,-7.826078],[-71.856115,-7.820658],[-71.854787,-7.816157],[-71.855166,-7.816074],[-71.858392,-7.815366],[-71.858405,-7.815357],[-71.85972,-7.819867],[-71.879234,-7.815584],[-71.877302,-7.808987],[-71.880174,-7.808357],[-71.880208,-7.808355],[-71.88103,-7.81116],[-71.885405,-7.810266],[-71.890072,-7.811386],[-71.892951,-7.80676],[-71.8941,-7.812315],[-71.897806,-7.811499],[-71.901254,-7.81074],[-71.897744,-7.801162],[-71.901528,-7.800802],[-71.903435,-7.801963],[-71.90601,-7.803106],[-71.914987,-7.807718],[-71.914102,-7.803994],[-71.921238,-7.802495],[-71.920204,-7.798049],[-71.926145,-7.797044],[-71.927896,-7.797405],[-71.929566,-7.800741],[-71.935189,-7.803276],[-71.93915,-7.802405],[-71.937879,-7.799053],[-71.941307,-7.798121],[-71.942664,-7.801633],[-71.949643,-7.800099],[-71.948259,-7.796232],[-71.951732,-7.795288],[-71.94876,-7.786774],[-71.951506,-7.786151],[-71.954545,-7.795322],[-71.958005,-7.794435],[-71.958225,-7.793916],[-71.960025,-7.789669],[-71.959045,-7.786137],[-71.960948,-7.785748],[-71.960978,-7.785604],[-71.96479,-7.766995],[-71.971484,-7.760389],[-71.97955,-7.758244],[-71.974158,-7.73363],[-71.976691,-7.718114],[-71.967538,-7.721182],[-71.967424,-7.713065],[-71.976834,-7.717234],[-71.977215,-7.714905],[-71.974065,-7.708725],[-71.972425,-7.708987],[-71.970107,-7.705126],[-71.96884,-7.699919],[-71.969357,-7.699794],[-71.965528,-7.691966],[-71.963938,-7.692031],[-71.96285,-7.689148],[-71.964004,-7.688973],[-71.963806,-7.685811],[-71.962624,-7.686083],[-71.9626,-7.682086],[-71.96346,-7.681877],[-71.963557,-7.681854],[-71.962554,-7.665839],[-71.962525,-7.665814],[-71.962177,-7.659822],[-71.94179,-7.650371],[-71.937706,-7.648477],[-71.917405,-7.653597],[-71.914506,-7.654328],[-71.924954,-7.671969],[-71.938515,-7.694864],[-71.939118,-7.697363],[-71.939732,-7.699399],[-71.940372,-7.702021],[-71.940609,-7.702852],[-71.940859,-7.705038],[-71.941362,-7.70795],[-71.942055,-7.710824],[-71.942934,-7.713647],[-71.943997,-7.716406],[-71.945239,-7.71909],[-71.946654,-7.721687],[-71.947529,-7.72307],[-71.947393,-7.724554],[-71.947316,-7.727324],[-71.947329,-7.732054],[-71.94733,-7.732238],[-71.947448,-7.735191],[-71.947536,-7.73624],[-71.947195,-7.737857],[-71.946732,-7.740777],[-71.946462,-7.74372],[-71.946386,-7.746675],[-71.946437,-7.747951],[-71.945708,-7.748563],[-71.943559,-7.750599],[-71.942826,-7.751358],[-71.941946,-7.75229],[-71.940669,-7.753702],[-71.938805,-7.756],[-71.937096,-7.758414],[-71.935548,-7.760935],[-71.934169,-7.763551],[-71.932965,-7.766252],[-71.932841,-7.766559],[-71.930213,-7.773151],[-71.929312,-7.775617],[-71.928933,-7.776813],[-71.926787,-7.77728],[-71.923314,-7.778008],[-71.923221,-7.778028],[-71.920462,-7.778612],[-71.920418,-7.778622],[-71.919003,-7.778923],[-71.916934,-7.779195],[-71.916623,-7.779237],[-71.913702,-7.779738],[-71.91082,-7.780429],[-71.909957,-7.780676],[-71.908017,-7.78125],[-71.90621,-7.781626],[-71.905438,-7.781794],[-71.902604,-7.782436],[-71.90045,-7.782864],[-71.900161,-7.782923],[-71.900088,-7.782938],[-71.897316,-7.783512],[-71.896907,-7.783599],[-71.892328,-7.784592],[-71.891907,-7.784685],[-71.887987,-7.785574],[-71.887384,-7.785715],[-71.885548,-7.786158],[-71.883786,-7.786439],[-71.881807,-7.7868],[-71.881372,-7.786892],[-71.878242,-7.787567],[-71.875796,-7.788166],[-71.875577,-7.788227],[-71.873788,-7.788728],[-71.871955,-7.789083],[-71.868376,-7.789749],[-71.867881,-7.789844],[-71.864301,-7.79055],[-71.863959,-7.790619],[-71.863556,-7.790704],[-71.859881,-7.791494],[-71.858054,-7.791881],[-71.855503,-7.792406],[-71.853904,-7.792766],[-71.850324,-7.79364],[-71.849071,-7.793964],[-71.848024,-7.794265],[-71.845,-7.795174],[-71.843416,-7.795648],[-71.841598,-7.796065],[-71.839736,-7.796534],[-71.836906,-7.797411],[-71.835948,-7.797754],[-71.833651,-7.798607],[-71.831526,-7.799292],[-71.827403,-7.800557],[-71.823661,-7.80159],[-71.822895,-7.801809],[-71.820729,-7.802448],[-71.818567,-7.802954],[-71.817147,-7.803309],[-71.816742,-7.803354],[-71.816661,-7.803363],[-71.814442,-7.803611],[-71.814012,-7.803661],[-71.810651,-7.804069],[-71.808708,-7.804293],[-71.80764,-7.804344],[-71.803054,-7.80434],[-71.799751,-7.804457],[-71.796803,-7.804766],[-71.793882,-7.805267],[-71.791,-7.805957],[-71.789714,-7.806331],[-71.789684,-7.80634],[-71.789494,-7.806375],[-71.78862,-7.806545],[-71.787532,-7.806783],[-71.78402,-7.807594],[-71.782577,-7.807952],[-71.779205,-7.808848],[-71.778855,-7.808942],[-71.778707,-7.808983],[-71.775538,-7.809864],[-71.771955,-7.810839],[-71.771872,-7.810862],[-71.76952,-7.811576],[-71.762585,-7.813888],[-71.760367,-7.814622],[-71.757794,-7.815342],[-71.757416,-7.815449],[-71.753968,-7.816447],[-71.751746,-7.817152],[-71.748978,-7.818211],[-71.748395,-7.818461],[-71.746903,-7.819114],[-71.745526,-7.819567],[-71.745001,-7.819744],[-71.74153,-7.820935],[-71.741423,-7.820971],[-71.741108,-7.821082],[-71.73806,-7.822161],[-71.73487,-7.823232],[-71.732246,-7.824107],[-71.729709,-7.824844],[-71.727531,-7.825536],[-71.727451,-7.825564],[-71.724158,-7.826709],[-71.723416,-7.826974],[-71.720526,-7.828036],[-71.718306,-7.828786],[-71.715331,-7.829691],[-71.713717,-7.830215],[-71.712658,-7.830596],[-71.710333,-7.831465],[-71.708404,-7.832096],[-71.707678,-7.83234],[-71.707141,-7.832529],[-71.704043,-7.833644],[-71.701698,-7.834369],[-71.700561,-7.834738],[-71.697282,-7.835847],[-71.694292,-7.836841],[-71.693781,-7.837014],[-71.693656,-7.837057],[-71.689831,-7.838392],[-71.687852,-7.839048],[-71.687645,-7.839104],[-71.684809,-7.839698],[-71.684566,-7.839749],[-71.681378,-7.840435],[-71.678248,-7.841054],[-71.677948,-7.841115],[-71.677787,-7.841148],[-71.674213,-7.841894],[-71.67229,-7.842339],[-71.671711,-7.842487],[-71.669603,-7.842799],[-71.667139,-7.843234],[-71.665216,-7.843672],[-71.661904,-7.844502],[-71.661868,-7.844511],[-71.660303,-7.844904],[-71.658179,-7.845254],[-71.656435,-7.845576],[-71.65615,-7.845635],[-71.652906,-7.846322],[-71.649684,-7.846982],[-71.646875,-7.847535],[-71.643697,-7.848119],[-71.642784,-7.848296],[-71.641276,-7.848632],[-71.638276,-7.849354],[-71.634704,-7.850105],[-71.629708,-7.85115],[-71.629613,-7.85117],[-71.627439,-7.85163],[-71.625172,-7.852097],[-71.622339,-7.852776],[-71.617953,-7.853977],[-71.617951,-7.853978],[-71.617631,-7.854067],[-71.614308,-7.855003],[-71.613989,-7.855094],[-71.607234,-7.85705],[-71.606172,-7.857372],[-71.602097,-7.858661],[-71.598923,-7.859579],[-71.596711,-7.86028],[-71.593942,-7.861339],[-71.592802,-7.861837],[-71.590094,-7.863063],[-71.587829,-7.86403],[-71.535126,-7.84726],[-71.535016,-7.846908],[-71.533955,-7.844147],[-71.532715,-7.841461],[-71.531302,-7.838862],[-71.530275,-7.837196],[-71.529066,-7.834999],[-71.527485,-7.832498],[-71.525743,-7.830105],[-71.524519,-7.8286],[-71.523686,-7.827621],[-71.523016,-7.826851],[-71.520976,-7.824705],[-71.520744,-7.824478],[-71.52043,-7.823717],[-71.519191,-7.821031],[-71.517777,-7.818431],[-71.517212,-7.817495],[-71.516897,-7.815484],[-71.516516,-7.813377],[-71.515825,-7.810501],[-71.515926,-7.808038],[-71.514023,-7.805672],[-71.513723,-7.804475],[-71.512947,-7.801371],[-71.514314,-7.799187],[-71.516903,-7.793871],[-71.518775,-7.788263],[-71.519923,-7.783852],[-71.520204,-7.782686],[-71.520169,-7.779515],[-71.520134,-7.773604],[-71.519326,-7.767749],[-71.517305,-7.76075],[-71.511061,-7.747728]]]},"properties":{"uc_nome":"Floresta Estadual do Mogno","zona_codigo":"ZEX","zona_nome":"Zona de Extrativismo","cor":"#15803d","perimeter":213127.736253,"area":259376975.436,"acres":64093.4464588,"hectares":25937.6975436,"zona":"Zona de Extrativismo e Caça","sigla":"ZEX"}},{"type":"Feature","geometry":{"type":"Polygon","coordinates":[[[-71.901528,-7.800802],[-71.897744,-7.801162],[-71.901254,-7.81074],[-71.897806,-7.811499],[-71.8941,-7.812315],[-71.892951,-7.80676],[-71.890072,-7.811386],[-71.885405,-7.810266],[-71.881071,-7.811151],[-71.880571,-7.809593],[-71.880174,-7.808357],[-71.877302,-7.808987],[-71.879234,-7.815584],[-71.85972,-7.819867],[-71.858395,-7.815322],[-71.855149,-7.815991],[-71.855166,-7.816074],[-71.854787,-7.816157],[-71.856115,-7.820658],[-71.829782,-7.82608],[-71.829765,-7.826065],[-71.829031,-7.823749],[-71.824646,-7.8248],[-71.821195,-7.820461],[-71.816762,-7.824703],[-71.80927,-7.825314],[-71.80641,-7.828866],[-71.802293,-7.829597],[-71.802856,-7.831532],[-71.799328,-7.832245],[-71.79796,-7.825531],[-71.793845,-7.826138],[-71.793551,-7.825144],[-71.790305,-7.826249],[-71.791557,-7.830308],[-71.78767,-7.831454],[-71.786692,-7.828398],[-71.783304,-7.828011],[-71.780753,-7.828842],[-71.781512,-7.831845],[-71.778093,-7.832786],[-71.774987,-7.835322],[-71.770686,-7.83413],[-71.767589,-7.836091],[-71.764549,-7.837081],[-71.761,-7.838261],[-71.757757,-7.837588],[-71.75523,-7.842409],[-71.75105,-7.841306],[-71.747857,-7.844284],[-71.743987,-7.84538],[-71.740234,-7.84457],[-71.740866,-7.847226],[-71.736566,-7.84646],[-71.733026,-7.847529],[-71.734382,-7.852315],[-71.730854,-7.853466],[-71.729972,-7.850082],[-71.726135,-7.851218],[-71.72708,-7.854697],[-71.723694,-7.855802],[-71.722241,-7.851022],[-71.718766,-7.852194],[-71.720184,-7.856947],[-71.717334,-7.857877],[-71.716354,-7.854092],[-71.713513,-7.857188],[-71.708495,-7.853781],[-71.706175,-7.858987],[-71.696849,-7.858933],[-71.700437,-7.854361],[-71.692149,-7.855575],[-71.691732,-7.853773],[-71.685526,-7.854868],[-71.687762,-7.862429],[-71.68449,-7.86318],[-71.685622,-7.867516],[-71.682266,-7.868285],[-71.676897,-7.861945],[-71.674053,-7.866603],[-71.67066,-7.864764],[-71.667464,-7.866188],[-71.663995,-7.868412],[-71.660595,-7.869032],[-71.656386,-7.867279],[-71.653479,-7.870471],[-71.649289,-7.868237],[-71.646491,-7.871415],[-71.643183,-7.874645],[-71.639195,-7.876305],[-71.638367,-7.87286],[-71.63177,-7.874374],[-71.63123,-7.871241],[-71.624864,-7.878579],[-71.624731,-7.878033],[-71.620483,-7.882391],[-71.608881,-7.885055],[-71.581011,-7.896489],[-71.574727,-7.893925],[-71.568069,-7.891208],[-71.563493,-7.889341],[-71.564855,-7.887751],[-71.559371,-7.884607],[-71.559359,-7.884634],[-71.559182,-7.885023],[-71.554143,-7.88128],[-71.553387,-7.883546],[-71.549399,-7.881259],[-71.548015,-7.876866],[-71.54319,-7.874099],[-71.542247,-7.877158],[-71.53913,-7.876021],[-71.542559,-7.869144],[-71.5362,-7.873091],[-71.529845,-7.872634],[-71.526442,-7.871392],[-71.515306,-7.86141],[-71.491399,-7.836426],[-71.491905,-7.810514],[-71.487433,-7.803392],[-71.485804,-7.795205],[-71.487038,-7.790049],[-71.490673,-7.787306],[-71.497842,-7.781895],[-71.500868,-7.777043],[-71.498528,-7.773169],[-71.489767,-7.770219],[-71.48227,-7.760911],[-71.465847,-7.747828],[-71.455581,-7.733887],[-71.452283,-7.730254],[-71.434203,-7.711669],[-71.428071,-7.707531],[-71.422953,-7.704339],[-71.41885,-7.698857],[-71.417187,-7.69506],[-71.416452,-7.689228],[-71.394959,-7.691723],[-71.394375,-7.69305],[-71.393852,-7.693732],[-71.391599,-7.695192],[-71.391077,-7.69599],[-71.390993,-7.697002],[-71.391343,-7.697577],[-71.39258,-7.698198],[-71.394304,-7.698803],[-71.394412,-7.699674],[-71.394016,-7.700074],[-71.392398,-7.700159],[-71.391591,-7.700612],[-71.391192,-7.701564],[-71.39121,-7.702435],[-71.391573,-7.703125],[-71.392965,-7.703976],[-71.393839,-7.704112],[-71.395065,-7.70513],[-71.396546,-7.70693],[-71.39731,-7.709156],[-71.398176,-7.710074],[-71.399412,-7.710477],[-71.401778,-7.709094],[-71.402965,-7.709382],[-71.407153,-7.711321],[-71.404628,-7.715887],[-71.409396,-7.717281],[-71.409549,-7.718556],[-71.409202,-7.719999],[-71.409254,-7.721913],[-71.409759,-7.724202],[-71.410414,-7.724895],[-71.411338,-7.724937],[-71.412823,-7.723735],[-71.414187,-7.723102],[-71.415479,-7.723212],[-71.417012,-7.724255],[-71.418009,-7.724557],[-71.418799,-7.723879],[-71.418852,-7.722945],[-71.416284,-7.721474],[-71.416645,-7.721171],[-71.416439,-7.720965],[-71.41928,-7.718843],[-71.42158,-7.720548],[-71.421429,-7.724992],[-71.421904,-7.729011],[-71.421942,-7.731824],[-71.42222,-7.732638],[-71.42325,-7.733353],[-71.424181,-7.733491],[-71.424788,-7.73304],[-71.42531,-7.728957],[-71.42574,-7.728475],[-71.426814,-7.728357],[-71.427603,-7.728816],[-71.427868,-7.730383],[-71.427883,-7.732974],[-71.427558,-7.735104],[-71.427995,-7.735789],[-71.428766,-7.735945],[-71.43149,-7.735465],[-71.433642,-7.735933],[-71.437517,-7.737655],[-71.438545,-7.738941],[-71.442988,-7.741347],[-71.445428,-7.741389],[-71.444926,-7.742695],[-71.444113,-7.743073],[-71.441241,-7.742309],[-71.439826,-7.74274],[-71.43837,-7.744455],[-71.438343,-7.745414],[-71.43885,-7.745866],[-71.441139,-7.744374],[-71.442524,-7.744301],[-71.443734,-7.745139],[-71.444409,-7.746387],[-71.444157,-7.749185],[-71.444619,-7.750206],[-71.446873,-7.751217],[-71.448461,-7.75394],[-71.449309,-7.754016],[-71.451576,-7.751533],[-71.452616,-7.751153],[-71.453873,-7.751536],[-71.45448,-7.752264],[-71.454144,-7.753289],[-71.452545,-7.75572],[-71.452569,-7.757004],[-71.45632,-7.7569],[-71.460315,-7.761603],[-71.466839,-7.762909],[-71.468051,-7.763457],[-71.470904,-7.769016],[-71.471961,-7.77055],[-71.473221,-7.774583],[-71.47451,-7.77558],[-71.474944,-7.776825],[-71.473415,-7.778787],[-71.470582,-7.779266],[-71.467943,-7.77936],[-71.466892,-7.779762],[-71.466619,-7.780536],[-71.467264,-7.782197],[-71.467292,-7.783583],[-71.466582,-7.784459],[-71.464814,-7.78435],[-71.464181,-7.784829],[-71.463849,-7.785762],[-71.464234,-7.787167],[-71.465497,-7.789021],[-71.465245,-7.790093],[-71.46451,-7.790097],[-71.462301,-7.789337],[-71.461527,-7.78952],[-71.461173,-7.790156],[-71.46114,-7.790707],[-71.461429,-7.791021],[-71.462672,-7.791057],[-71.463607,-7.791199],[-71.463962,-7.791483],[-71.464002,-7.792025],[-71.463321,-7.793768],[-71.463192,-7.794451],[-71.463357,-7.795171],[-71.464245,-7.796548],[-71.46528,-7.797713],[-71.465516,-7.799095],[-71.464238,-7.800908],[-71.463796,-7.802049],[-71.463432,-7.803825],[-71.462165,-7.804792],[-71.461056,-7.804798],[-71.460055,-7.803812],[-71.45941,-7.802351],[-71.458689,-7.801754],[-71.458233,-7.801838],[-71.458023,-7.802197],[-71.458177,-7.803465],[-71.458461,-7.804618],[-71.458185,-7.806165],[-71.458385,-7.806961],[-71.458731,-7.807593],[-71.459581,-7.807767],[-71.462442,-7.807854],[-71.462661,-7.80991],[-71.468446,-7.812618],[-71.468639,-7.816142],[-71.468967,-7.81992],[-71.472129,-7.822454],[-71.472516,-7.824925],[-71.470557,-7.830618],[-71.472186,-7.834022],[-71.475335,-7.836754],[-71.478672,-7.841257],[-71.478911,-7.842214],[-71.476884,-7.844435],[-71.47726,-7.846088],[-71.477027,-7.846223],[-71.476245,-7.850913],[-71.476901,-7.851444],[-71.478116,-7.853161],[-71.484158,-7.855493],[-71.486007,-7.856812],[-71.489128,-7.856846],[-71.48996,-7.857826],[-71.490457,-7.860615],[-71.492196,-7.861688],[-71.492122,-7.862704],[-71.49071,-7.866602],[-71.493088,-7.867625],[-71.491395,-7.87007],[-71.491543,-7.872604],[-71.490399,-7.873327],[-71.490137,-7.873289],[-71.489622,-7.872299],[-71.488855,-7.871904],[-71.488441,-7.872245],[-71.488422,-7.87286],[-71.488782,-7.873827],[-71.488768,-7.874112],[-71.488293,-7.874507],[-71.487952,-7.874394],[-71.487465,-7.873505],[-71.486699,-7.873187],[-71.4863,-7.873497],[-71.485792,-7.874992],[-71.48539,-7.875418],[-71.484913,-7.875605],[-71.483402,-7.875753],[-71.48219,-7.875698],[-71.481101,-7.876129],[-71.481004,-7.87666],[-71.481087,-7.87759],[-71.481381,-7.877665],[-71.482057,-7.877231],[-71.48365,-7.876721],[-71.484653,-7.876592],[-71.485461,-7.876957],[-71.486306,-7.877706],[-71.486232,-7.878168],[-71.485871,-7.878439],[-71.485152,-7.87829],[-71.484765,-7.878077],[-71.484418,-7.878094],[-71.484221,-7.878534],[-71.48437,-7.879081],[-71.484964,-7.8803],[-71.485072,-7.881023],[-71.485049,-7.8823],[-71.484761,-7.883756],[-71.483881,-7.885053],[-71.48408,-7.885736],[-71.484629,-7.885622],[-71.48627,-7.88447],[-71.487039,-7.88423],[-71.48877,-7.88487],[-71.487389,-7.888251],[-71.483527,-7.88849],[-71.484903,-7.889129],[-71.485506,-7.891039],[-71.487669,-7.891402],[-71.488647,-7.893714],[-71.488458,-7.894519],[-71.486773,-7.895279],[-71.484707,-7.895547],[-71.485357,-7.897327],[-71.487793,-7.897939],[-71.488881,-7.901227],[-71.489015,-7.902647],[-71.487311,-7.903233],[-71.48511,-7.901658],[-71.485058,-7.904088],[-71.482864,-7.905387],[-71.485153,-7.906435],[-71.485211,-7.908359],[-71.487475,-7.908687],[-71.488316,-7.911654],[-71.487305,-7.912672],[-71.487752,-7.913068],[-71.489533,-7.913402],[-71.490259,-7.913985],[-71.490374,-7.914527],[-71.489854,-7.915085],[-71.488395,-7.914683],[-71.487807,-7.914875],[-71.487388,-7.915399],[-71.487383,-7.916419],[-71.487798,-7.917048],[-71.487578,-7.917448],[-71.487134,-7.917473],[-71.486086,-7.917125],[-71.48473,-7.917177],[-71.484179,-7.917945],[-71.484171,-7.918566],[-71.484621,-7.919351],[-71.485527,-7.920243],[-71.485731,-7.920896],[-71.485112,-7.921532],[-71.484684,-7.921611],[-71.484111,-7.921342],[-71.483193,-7.921866],[-71.481892,-7.927203],[-71.484416,-7.928594],[-71.482709,-7.937024],[-71.482568,-7.939498],[-71.480145,-7.941224],[-71.482887,-7.944956],[-71.48407,-7.947101],[-71.482808,-7.949092],[-71.482456,-7.953378],[-71.485252,-7.952893],[-71.48975,-7.952107],[-71.491629,-7.951852],[-71.495753,-7.95098],[-71.500543,-7.95022],[-71.504952,-7.949464],[-71.507501,-7.94886],[-71.511458,-7.948304],[-71.516639,-7.947383],[-71.522049,-7.946429],[-71.525428,-7.945838],[-71.528954,-7.945239],[-71.533484,-7.944443],[-71.539531,-7.943369],[-71.545126,-7.942386],[-71.548714,-7.941691],[-71.552408,-7.939709],[-71.5566,-7.937448],[-71.561041,-7.934969],[-71.564423,-7.932726],[-71.567107,-7.930501],[-71.569759,-7.928383],[-71.571059,-7.927156],[-71.577204,-7.921997],[-71.578408,-7.920971],[-71.581441,-7.918409],[-71.584899,-7.915517],[-71.589486,-7.912796],[-71.593544,-7.910964],[-71.597467,-7.909239],[-71.600845,-7.907723],[-71.604702,-7.905976],[-71.608385,-7.904404],[-71.611543,-7.902973],[-71.615261,-7.901898],[-71.619874,-7.900438],[-71.62663,-7.898482],[-71.629953,-7.897545],[-71.634339,-7.896344],[-71.636724,-7.895852],[-71.639016,-7.895368],[-71.644035,-7.894317],[-71.648268,-7.893427],[-71.651905,-7.892551],[-71.655371,-7.891915],[-71.658633,-7.891272],[-71.662167,-7.890548],[-71.665557,-7.889831],[-71.66955,-7.889174],[-71.67295,-7.888318],[-71.676262,-7.887488],[-71.680668,-7.886835],[-71.683498,-7.886115],[-71.687072,-7.885368],[-71.690567,-7.884676],[-71.694118,-7.883913],[-71.697614,-7.883181],[-71.698731,-7.882917],[-71.700953,-7.882314],[-71.704457,-7.881153],[-71.708621,-7.879701],[-71.711726,-7.878668],[-71.71512,-7.87752],[-71.71845,-7.87649],[-71.722519,-7.875025],[-71.725348,-7.874101],[-71.728559,-7.8729],[-71.732187,-7.871796],[-71.735624,-7.870635],[-71.73908,-7.869366],[-71.742373,-7.86822],[-71.745768,-7.867234],[-71.749285,-7.866061],[-71.752871,-7.864857],[-71.756266,-7.863655],[-71.759738,-7.862464],[-71.763142,-7.861342],[-71.766589,-7.859834],[-71.770038,-7.858837],[-71.773624,-7.857833],[-71.776896,-7.856751],[-71.780224,-7.855641],[-71.783886,-7.85442],[-71.787584,-7.853413],[-71.790869,-7.8525],[-71.794241,-7.851604],[-71.797753,-7.850793],[-71.8005,-7.850285],[-71.803015,-7.849514],[-71.808702,-7.849519],[-71.812392,-7.849343],[-71.815987,-7.848929],[-71.819487,-7.848504],[-71.821706,-7.848256],[-71.826627,-7.847715],[-71.8289,-7.846936],[-71.832333,-7.846134],[-71.835751,-7.845125],[-71.840111,-7.843921],[-71.845153,-7.842374],[-71.84853,-7.841285],[-71.851756,-7.840087],[-71.855013,-7.83934],[-71.858039,-7.838435],[-71.861091,-7.837518],[-71.864671,-7.836644],[-71.867342,-7.836093],[-71.869356,-7.835667],[-71.873098,-7.834863],[-71.876678,-7.834156],[-71.880434,-7.833457],[-71.884252,-7.832716],[-71.887818,-7.831718],[-71.890948,-7.831042],[-71.894467,-7.83048],[-71.898031,-7.829621],[-71.901951,-7.828732],[-71.906531,-7.827738],[-71.909303,-7.827164],[-71.91205,-7.826618],[-71.915473,-7.825842],[-71.919112,-7.825084],[-71.922845,-7.823979],[-71.926701,-7.823472],[-71.929877,-7.822796],[-71.932637,-7.822211],[-71.936277,-7.821447],[-71.940382,-7.820553],[-71.945172,-7.819559],[-71.949067,-7.818751],[-71.952788,-7.817955],[-71.956368,-7.817229],[-71.95983,-7.816519],[-71.962195,-7.815775],[-71.965965,-7.815156],[-71.969593,-7.814329],[-71.972021,-7.813849],[-71.974454,-7.813367],[-71.974888,-7.813219],[-71.974814,-7.812986],[-71.976627,-7.810333],[-71.977059,-7.809281],[-71.976625,-7.808931],[-71.976008,-7.80691],[-71.975059,-7.80631],[-71.973285,-7.805683],[-71.972818,-7.802543],[-71.973332,-7.801642],[-71.971985,-7.801208],[-71.971627,-7.800169],[-71.972111,-7.797968],[-71.97222,-7.796101],[-71.971918,-7.795385],[-71.972324,-7.791987],[-71.972299,-7.789837],[-71.974926,-7.783246],[-71.975805,-7.782314],[-71.977775,-7.78178],[-71.979555,-7.779957],[-71.981384,-7.777047],[-71.983105,-7.77656],[-71.984673,-7.775349],[-71.989443,-7.772781],[-71.989846,-7.772099],[-71.989409,-7.771265],[-71.989609,-7.770608],[-71.990875,-7.770056],[-71.992957,-7.767642],[-71.994742,-7.766611],[-71.996486,-7.766078],[-71.996624,-7.766417],[-71.996084,-7.767077],[-71.99591,-7.768051],[-71.996479,-7.768319],[-71.997925,-7.767449],[-71.999533,-7.767098],[-72.000182,-7.765849],[-72.000003,-7.762953],[-71.997829,-7.760411],[-71.995801,-7.758612],[-71.995706,-7.758042],[-71.99532,-7.757388],[-71.994604,-7.754951],[-71.997462,-7.753316],[-71.997529,-7.751955],[-71.999547,-7.749096],[-71.999173,-7.748598],[-71.998471,-7.747763],[-71.991918,-7.747344],[-71.991669,-7.746359],[-71.992927,-7.74477],[-71.993083,-7.743505],[-71.993918,-7.742278],[-71.994312,-7.739937],[-71.99502,-7.738676],[-71.995199,-7.735479],[-71.995759,-7.734682],[-71.995188,-7.73344],[-71.994854,-7.733104],[-71.992612,-7.731923],[-71.992598,-7.727193],[-71.994251,-7.725166],[-71.996473,-7.724616],[-71.997489,-7.724409],[-71.997588,-7.721544],[-71.998712,-7.720567],[-71.99923,-7.720693],[-72.000358,-7.720578],[-72.000944,-7.719188],[-72.00094,-7.718297],[-72.000035,-7.717509],[-71.99994,-7.715792],[-72.003057,-7.714788],[-72.003505,-7.713883],[-72.002961,-7.713192],[-72.001241,-7.712468],[-71.999798,-7.712961],[-71.997229,-7.712252],[-71.995839,-7.709944],[-71.997132,-7.706649],[-71.996756,-7.706027],[-71.995998,-7.70509],[-71.993464,-7.704139],[-71.992539,-7.704317],[-71.992119,-7.703787],[-71.98982,-7.702895],[-71.98911,-7.700739],[-71.990641,-7.697734],[-71.989217,-7.696157],[-71.988481,-7.698295],[-71.987888,-7.699232],[-71.987524,-7.699431],[-71.98571,-7.698831],[-71.985544,-7.696525],[-71.985746,-7.694142],[-71.984026,-7.690029],[-71.983915,-7.688043],[-71.982772,-7.685371],[-71.983732,-7.682945],[-71.983352,-7.682059],[-71.981918,-7.680808],[-71.981917,-7.679726],[-71.983658,-7.677748],[-71.98404,-7.676281],[-71.985004,-7.675991],[-71.986329,-7.676113],[-71.987766,-7.679006],[-71.98904,-7.678854],[-71.989734,-7.6782],[-71.989854,-7.677175],[-71.98948,-7.676044],[-71.98982,-7.676036],[-71.989903,-7.671941],[-71.988235,-7.67119],[-71.986948,-7.66998],[-71.98403,-7.66945],[-71.983627,-7.668736],[-71.979334,-7.666989],[-71.979228,-7.664414],[-71.980912,-7.660729],[-71.980514,-7.660125],[-71.980217,-7.659676],[-71.97423,-7.659434],[-71.972873,-7.658703],[-71.97397,-7.6561],[-71.973666,-7.655759],[-71.975706,-7.653495],[-71.974965,-7.652601],[-71.971728,-7.653123],[-71.97082,-7.652196],[-71.970765,-7.649097],[-71.969854,-7.647121],[-71.960706,-7.642676],[-71.938836,-7.648192],[-71.937706,-7.648477],[-71.94179,-7.650371],[-71.962177,-7.659822],[-71.963557,-7.681854],[-71.9626,-7.682086],[-71.962624,-7.686083],[-71.963806,-7.685811],[-71.964004,-7.688973],[-71.96285,-7.689148],[-71.963938,-7.692031],[-71.965528,-7.691966],[-71.969357,-7.699794],[-71.96884,-7.699919],[-71.970107,-7.705126],[-71.972425,-7.708987],[-71.974065,-7.708725],[-71.977215,-7.714905],[-71.976834,-7.717234],[-71.967424,-7.713065],[-71.967538,-7.721182],[-71.976691,-7.718114],[-71.974158,-7.73363],[-71.97955,-7.758244],[-71.971484,-7.760389],[-71.96479,-7.766995],[-71.960978,-7.785604],[-71.960948,-7.785748],[-71.959045,-7.786137],[-71.960025,-7.789669],[-71.958225,-7.793916],[-71.958005,-7.794435],[-71.954545,-7.795322],[-71.951506,-7.786151],[-71.94876,-7.786774],[-71.951732,-7.795288],[-71.948259,-7.796232],[-71.949643,-7.800099],[-71.942664,-7.801633],[-71.941307,-7.798121],[-71.941274,-7.798036],[-71.937879,-7.799053],[-71.93915,-7.802405],[-71.935189,-7.803276],[-71.929566,-7.800741],[-71.927896,-7.797405],[-71.926145,-7.797044],[-71.920204,-7.798049],[-71.921238,-7.802495],[-71.914102,-7.803994],[-71.914987,-7.807718],[-71.906319,-7.803243],[-71.90601,-7.803106],[-71.903435,-7.801963],[-71.901528,-7.800802]]]},"properties":{"uc_nome":"Floresta Estadual do Mogno","zona_codigo":"ZPO","zona_nome":"Zona Populacional","cor":"#7c3aed","perimeter":271368.091812,"area":274211809.741,"acres":67759.2138488,"hectares":27421.1809741,"zona":"Zona Populacional","sigla":"ZPO"}},{"type":"Feature","geometry":{"type":"Polygon","coordinates":[[[-71.891207,-7.633841],[-71.456152,-7.684616],[-71.467341,-7.69611],[-71.480353,-7.709475],[-71.493103,-7.725813],[-71.495419,-7.727448],[-71.497722,-7.72931],[-71.499897,-7.731319],[-71.501936,-7.733465],[-71.50383,-7.73574],[-71.505571,-7.738133],[-71.507151,-7.740635],[-71.508378,-7.742868],[-71.509953,-7.745936],[-71.511061,-7.747728],[-71.514084,-7.74485],[-71.528391,-7.735355],[-71.542908,-7.737656],[-71.546683,-7.733139],[-71.551171,-7.730022],[-71.553702,-7.729445],[-71.561734,-7.730521],[-71.568009,-7.720371],[-71.57349,-7.718652],[-71.579248,-7.71623],[-71.582616,-7.714384],[-71.586843,-7.714779],[-71.595427,-7.714025],[-71.59672,-7.718231],[-71.597018,-7.720898],[-71.59999,-7.723408],[-71.602111,-7.72494],[-71.602683,-7.726341],[-71.603556,-7.73083],[-71.60301,-7.733782],[-71.601207,-7.738147],[-71.599526,-7.739562],[-71.59884,-7.742515],[-71.598157,-7.746031],[-71.601417,-7.749382],[-71.604811,-7.751749],[-71.605806,-7.753287],[-71.607084,-7.755105],[-71.607288,-7.756374],[-71.610447,-7.754774],[-71.612601,-7.753585],[-71.616326,-7.75219],[-71.617315,-7.75336],[-71.62163,-7.751961],[-71.624964,-7.750961],[-71.627905,-7.749963],[-71.632037,-7.750917],[-71.632645,-7.753853],[-71.633061,-7.757574],[-71.633666,-7.760118],[-71.636822,-7.762058],[-71.633517,-7.767762],[-71.626877,-7.774271],[-71.621426,-7.782535],[-71.61602,-7.786939],[-71.616142,-7.787373],[-71.61576,-7.787666],[-71.601694,-7.801079],[-71.597573,-7.802085],[-71.595419,-7.803274],[-71.59287,-7.804269],[-71.58855,-7.804688],[-71.586376,-7.802741],[-71.582626,-7.80002],[-71.577309,-7.798289],[-71.572184,-7.795772],[-71.568479,-7.800498],[-71.566724,-7.802665],[-71.566735,-7.804429],[-71.567195,-7.805998],[-71.55906,-7.806826],[-71.55218,-7.812238],[-71.550629,-7.811244],[-71.549623,-7.808966],[-71.54983,-7.806808],[-71.54725,-7.80339],[-71.544598,-7.801348],[-71.542241,-7.801333],[-71.541397,-7.805224],[-71.540333,-7.806072],[-71.538122,-7.807901],[-71.525635,-7.808882],[-71.521182,-7.808435],[-71.515926,-7.808038],[-71.515825,-7.810501],[-71.516516,-7.813377],[-71.516897,-7.815484],[-71.517212,-7.817495],[-71.517777,-7.818431],[-71.519191,-7.821031],[-71.52043,-7.823717],[-71.520744,-7.824478],[-71.520976,-7.824705],[-71.523016,-7.826851],[-71.523686,-7.827621],[-71.524519,-7.8286],[-71.525743,-7.830105],[-71.527485,-7.832498],[-71.529066,-7.834999],[-71.530275,-7.837196],[-71.531302,-7.838862],[-71.532715,-7.841461],[-71.533955,-7.844147],[-71.535016,-7.846908],[-71.535126,-7.84726],[-71.587829,-7.86403],[-71.590094,-7.863063],[-71.592802,-7.861837],[-71.593942,-7.861339],[-71.596711,-7.86028],[-71.598923,-7.859579],[-71.602097,-7.858661],[-71.606172,-7.857372],[-71.607234,-7.85705],[-71.613989,-7.855094],[-71.614308,-7.855003],[-71.617631,-7.854067],[-71.617951,-7.853978],[-71.617953,-7.853977],[-71.622339,-7.852776],[-71.625172,-7.852097],[-71.627439,-7.85163],[-71.629613,-7.85117],[-71.629708,-7.85115],[-71.634704,-7.850105],[-71.638276,-7.849354],[-71.641276,-7.848632],[-71.642784,-7.848296],[-71.643697,-7.848119],[-71.646875,-7.847535],[-71.649684,-7.846982],[-71.652906,-7.846322],[-71.65615,-7.845635],[-71.656435,-7.845576],[-71.658179,-7.845254],[-71.660303,-7.844904],[-71.661868,-7.844511],[-71.661904,-7.844502],[-71.665216,-7.843672],[-71.667139,-7.843234],[-71.669603,-7.842799],[-71.671711,-7.842487],[-71.67229,-7.842339],[-71.674213,-7.841894],[-71.677787,-7.841148],[-71.677948,-7.841115],[-71.678248,-7.841054],[-71.681378,-7.840435],[-71.684566,-7.839749],[-71.684809,-7.839698],[-71.687645,-7.839104],[-71.687852,-7.839048],[-71.689831,-7.838392],[-71.693656,-7.837057],[-71.693781,-7.837014],[-71.694292,-7.836841],[-71.697282,-7.835847],[-71.700561,-7.834738],[-71.701698,-7.834369],[-71.704043,-7.833644],[-71.707141,-7.832529],[-71.707678,-7.83234],[-71.708404,-7.832096],[-71.710333,-7.831465],[-71.712658,-7.830596],[-71.713717,-7.830215],[-71.715331,-7.829691],[-71.718306,-7.828786],[-71.720526,-7.828036],[-71.723416,-7.826974],[-71.724158,-7.826709],[-71.727451,-7.825564],[-71.727531,-7.825536],[-71.729709,-7.824844],[-71.732246,-7.824107],[-71.73487,-7.823232],[-71.73806,-7.822161],[-71.741108,-7.821082],[-71.741423,-7.820971],[-71.74153,-7.820935],[-71.745001,-7.819744],[-71.745526,-7.819567],[-71.746903,-7.819114],[-71.748395,-7.818461],[-71.748978,-7.818211],[-71.751746,-7.817152],[-71.753968,-7.816447],[-71.757416,-7.815449],[-71.757794,-7.815342],[-71.760367,-7.814622],[-71.762585,-7.813888],[-71.76952,-7.811576],[-71.771872,-7.810862],[-71.771955,-7.810839],[-71.775538,-7.809864],[-71.778707,-7.808983],[-71.778855,-7.808942],[-71.779205,-7.808848],[-71.782577,-7.807952],[-71.78402,-7.807594],[-71.787532,-7.806783],[-71.78862,-7.806545],[-71.789494,-7.806375],[-71.789684,-7.80634],[-71.789714,-7.806331],[-71.791,-7.805957],[-71.793882,-7.805267],[-71.796803,-7.804766],[-71.799751,-7.804457],[-71.803054,-7.80434],[-71.80764,-7.804344],[-71.808708,-7.804293],[-71.810651,-7.804069],[-71.814012,-7.803661],[-71.814442,-7.803611],[-71.816661,-7.803363],[-71.816742,-7.803354],[-71.817147,-7.803309],[-71.818567,-7.802954],[-71.820729,-7.802448],[-71.822895,-7.801809],[-71.823661,-7.80159],[-71.827403,-7.800557],[-71.831526,-7.799292],[-71.833651,-7.798607],[-71.835948,-7.797754],[-71.836906,-7.797411],[-71.839736,-7.796534],[-71.841598,-7.796065],[-71.843416,-7.795648],[-71.845,-7.795174],[-71.848024,-7.794265],[-71.849071,-7.793964],[-71.850324,-7.79364],[-71.853904,-7.792766],[-71.855503,-7.792406],[-71.858054,-7.791881],[-71.859881,-7.791494],[-71.863556,-7.790704],[-71.863959,-7.790619],[-71.864301,-7.79055],[-71.867881,-7.789844],[-71.868376,-7.789749],[-71.871955,-7.789083],[-71.873788,-7.788728],[-71.875577,-7.788227],[-71.875796,-7.788166],[-71.878242,-7.787567],[-71.881372,-7.786892],[-71.881807,-7.7868],[-71.883786,-7.786439],[-71.885548,-7.786158],[-71.887384,-7.785715],[-71.887987,-7.785574],[-71.891907,-7.784685],[-71.892328,-7.784592],[-71.896907,-7.783599],[-71.897316,-7.783512],[-71.900088,-7.782938],[-71.900161,-7.782923],[-71.90045,-7.782864],[-71.902604,-7.782436],[-71.905438,-7.781794],[-71.90621,-7.781626],[-71.908017,-7.78125],[-71.909957,-7.780676],[-71.91082,-7.780429],[-71.913702,-7.779738],[-71.916623,-7.779237],[-71.916934,-7.779195],[-71.919003,-7.778923],[-71.920418,-7.778622],[-71.920462,-7.778612],[-71.923221,-7.778028],[-71.923314,-7.778008],[-71.926787,-7.77728],[-71.928933,-7.776813],[-71.929312,-7.775617],[-71.930213,-7.773151],[-71.932841,-7.766559],[-71.932965,-7.766252],[-71.934169,-7.763551],[-71.935548,-7.760935],[-71.937096,-7.758414],[-71.938805,-7.756],[-71.940669,-7.753702],[-71.941946,-7.75229],[-71.942826,-7.751358],[-71.943559,-7.750599],[-71.945708,-7.748563],[-71.946437,-7.747951],[-71.946386,-7.746675],[-71.946462,-7.74372],[-71.946732,-7.740777],[-71.947195,-7.737857],[-71.947536,-7.73624],[-71.947448,-7.735191],[-71.94733,-7.732238],[-71.947329,-7.732054],[-71.947316,-7.727324],[-71.947393,-7.724554],[-71.947529,-7.72307],[-71.946654,-7.721687],[-71.945239,-7.71909],[-71.943997,-7.716406],[-71.942934,-7.713647],[-71.942055,-7.710824],[-71.941362,-7.70795],[-71.940859,-7.705038],[-71.940609,-7.702852],[-71.940372,-7.702021],[-71.939732,-7.699399],[-71.939118,-7.697363],[-71.938515,-7.694864],[-71.924954,-7.671969],[-71.914506,-7.654328],[-71.888791,-7.660814],[-71.888228,-7.659438],[-71.887574,-7.658538],[-71.887193,-7.657176],[-71.886697,-7.656655],[-71.886329,-7.655609],[-71.886278,-7.654594],[-71.885839,-7.652686],[-71.88524,-7.6515],[-71.885178,-7.650474],[-71.884832,-7.649538],[-71.884804,-7.648501],[-71.884428,-7.647182],[-71.884479,-7.646581],[-71.885472,-7.646181],[-71.885645,-7.645929],[-71.885293,-7.645064],[-71.885409,-7.644582],[-71.885678,-7.644335],[-71.886179,-7.643318],[-71.887151,-7.642982],[-71.887679,-7.64221],[-71.888136,-7.642215],[-71.888537,-7.642668],[-71.888954,-7.642911],[-71.889155,-7.642647],[-71.888744,-7.641991],[-71.888794,-7.641856],[-71.88925,-7.641692],[-71.88968,-7.641419],[-71.889989,-7.640707],[-71.890619,-7.640044],[-71.890615,-7.639487],[-71.890401,-7.639083],[-71.889935,-7.638984],[-71.889832,-7.638791],[-71.890049,-7.638384],[-71.890353,-7.638179],[-71.890995,-7.637448],[-71.891421,-7.63655],[-71.891351,-7.636187],[-71.890795,-7.635363],[-71.890878,-7.635109],[-71.891587,-7.634826],[-71.891644,-7.634487],[-71.891319,-7.6342],[-71.891207,-7.633841]]]},"properties":{"uc_nome":"Floresta Estadual do Mogno","zona_codigo":"ZPR","zona_nome":"Zona de Produção","cor":"#0891b2","id":1,"zona":"Zona de Produção Florestal","sigla":"ZPR","perimeter":170295.477266,"area":787969291.358,"acres":194711.452325,"hectares":78796.9291358}},{"type":"Feature","geometry":{"type":"Polygon","coordinates":[[[-71.885643,-8.081993],[-71.885458,-8.081823],[-71.871793,-8.068443],[-71.868109,-8.068468],[-71.862836,-8.066932],[-71.860881,-8.063274],[-71.858418,-8.062242],[-71.855526,-8.062895],[-71.851982,-8.062438],[-71.848582,-8.059415],[-71.839688,-8.053381],[-71.834515,-8.050049],[-71.832885,-8.047013],[-71.831065,-8.039808],[-71.829763,-8.037731],[-71.820732,-8.034906],[-71.813159,-8.033515],[-71.803482,-8.030373],[-71.800577,-8.02911],[-71.798473,-8.027359],[-71.79284,-8.027237],[-71.786912,-8.031127],[-71.784186,-8.032589],[-71.783539,-8.032112],[-71.783528,-8.030509],[-71.784323,-8.02906],[-71.783672,-8.027941],[-71.780284,-8.026681],[-71.777872,-8.027018],[-71.775016,-8.032972],[-71.77409,-8.038753],[-71.773625,-8.041483],[-71.770607,-8.047278],[-71.77323,-8.054318],[-71.76958,-8.061881],[-71.753734,-8.07482],[-71.744255,-8.078284],[-71.76315,-8.117587],[-71.76386,-8.119065],[-71.770466,-8.132806],[-71.77101,-8.133937],[-71.772603,-8.133344],[-71.772919,-8.132431],[-71.773043,-8.131788],[-71.772948,-8.130279],[-71.772892,-8.127995],[-71.772016,-8.126869],[-71.772357,-8.125116],[-71.773541,-8.12362],[-71.772691,-8.122719],[-71.772177,-8.122158],[-71.77216,-8.121477],[-71.771845,-8.121018],[-71.771246,-8.120322],[-71.769791,-8.11938],[-71.768751,-8.11835],[-71.767422,-8.117754],[-71.76687,-8.117249],[-71.764927,-8.117112],[-71.764456,-8.116544],[-71.76379,-8.116139],[-71.762804,-8.115933],[-71.762642,-8.114958],[-71.763752,-8.114536],[-71.763796,-8.113414],[-71.763302,-8.112232],[-71.763803,-8.111693],[-71.763575,-8.111273],[-71.763434,-8.111013],[-71.763401,-8.109849],[-71.76416,-8.109212],[-71.764489,-8.108935],[-71.765267,-8.108281],[-71.765696,-8.107224],[-71.765703,-8.106611],[-71.766558,-8.106363],[-71.767969,-8.106339],[-71.769355,-8.105783],[-71.770779,-8.10503],[-71.771867,-8.104469],[-71.773242,-8.104487],[-71.77417,-8.103672],[-71.773899,-8.102696],[-71.77439,-8.102067],[-71.774482,-8.101224],[-71.77438,-8.099516],[-71.773552,-8.098863],[-71.773741,-8.098225],[-71.775428,-8.097952],[-71.775691,-8.097244],[-71.776374,-8.097562],[-71.7775,-8.098864],[-71.778103,-8.098563],[-71.778532,-8.098053],[-71.779042,-8.098102],[-71.779435,-8.0984],[-71.780735,-8.097614],[-71.782111,-8.097782],[-71.783247,-8.097658],[-71.784403,-8.096487],[-71.784554,-8.095804],[-71.785517,-8.09563],[-71.787245,-8.093708],[-71.787575,-8.092152],[-71.788051,-8.090615],[-71.787719,-8.089472],[-71.78836,-8.089036],[-71.788404,-8.088422],[-71.789042,-8.087656],[-71.789816,-8.088099],[-71.790073,-8.087912],[-71.790254,-8.087781],[-71.790663,-8.087484],[-71.791675,-8.087348],[-71.791961,-8.0867],[-71.791908,-8.085504],[-71.793023,-8.08512],[-71.793456,-8.084405],[-71.792705,-8.082288],[-71.792709,-8.082281],[-71.79312,-8.081578],[-71.792787,-8.080125],[-71.792926,-8.079587],[-71.793353,-8.07892],[-71.793404,-8.078088],[-71.793136,-8.076533],[-71.793773,-8.076246],[-71.794585,-8.076256],[-71.795078,-8.075347],[-71.7949,-8.0741],[-71.795161,-8.073072],[-71.794089,-8.071831],[-71.794156,-8.070729],[-71.795195,-8.06954],[-71.795719,-8.067977],[-71.79539,-8.066818],[-71.794429,-8.065631],[-71.794991,-8.064794],[-71.794975,-8.064023],[-71.794474,-8.062616],[-71.792983,-8.062319],[-71.793189,-8.061324],[-71.792902,-8.060702],[-71.793513,-8.059952],[-71.793225,-8.058689],[-71.793693,-8.057951],[-71.794091,-8.057605],[-71.79417,-8.056843],[-71.794106,-8.055908],[-71.794087,-8.055627],[-71.796683,-8.057346],[-71.796411,-8.058595],[-71.798735,-8.059947],[-71.798485,-8.060437],[-71.797899,-8.06072],[-71.79801,-8.062177],[-71.797815,-8.06282],[-71.798535,-8.063789],[-71.799056,-8.063987],[-71.799786,-8.064855],[-71.80056,-8.064777],[-71.800688,-8.065912],[-71.800531,-8.066523],[-71.801594,-8.067348],[-71.801422,-8.068474],[-71.80134,-8.069217],[-71.802005,-8.070125],[-71.801972,-8.070714],[-71.801878,-8.072],[-71.802227,-8.072344],[-71.802732,-8.072351],[-71.802201,-8.07318],[-71.802346,-8.073571],[-71.802287,-8.074176],[-71.802704,-8.074612],[-71.803703,-8.074795],[-71.805087,-8.074862],[-71.805819,-8.074618],[-71.806173,-8.074926],[-71.805465,-8.075341],[-71.806121,-8.076486],[-71.805278,-8.076805],[-71.805381,-8.077756],[-71.805414,-8.078337],[-71.806004,-8.079141],[-71.80777,-8.078291],[-71.80865,-8.078444],[-71.80769,-8.079191],[-71.807996,-8.079955],[-71.809322,-8.081982],[-71.811141,-8.080461],[-71.811554,-8.08203],[-71.811604,-8.083221],[-71.812678,-8.083697],[-71.812818,-8.083938],[-71.813383,-8.084913],[-71.8156,-8.084167],[-71.815737,-8.085423],[-71.817728,-8.08588],[-71.8183,-8.086582],[-71.819285,-8.086424],[-71.819272,-8.087196],[-71.818785,-8.088383],[-71.819613,-8.088927],[-71.821974,-8.089229],[-71.822857,-8.088542],[-71.824596,-8.088918],[-71.826131,-8.089852],[-71.826603,-8.090145],[-71.828295,-8.089868],[-71.829673,-8.089843],[-71.830543,-8.089816],[-71.830865,-8.090589],[-71.831882,-8.090989],[-71.834755,-8.090733],[-71.835166,-8.091713],[-71.836014,-8.092198],[-71.837174,-8.09204],[-71.83807,-8.093143],[-71.838526,-8.093003],[-71.838972,-8.093199],[-71.839227,-8.094379],[-71.840246,-8.094472],[-71.840978,-8.094716],[-71.841694,-8.095029],[-71.842199,-8.095025],[-71.842865,-8.095745],[-71.843853,-8.094681],[-71.844593,-8.093958],[-71.845287,-8.094246],[-71.845298,-8.095316],[-71.846327,-8.095373],[-71.84698,-8.095406],[-71.847286,-8.096555],[-71.848308,-8.096463],[-71.849488,-8.096745],[-71.850299,-8.098005],[-71.850105,-8.098813],[-71.850976,-8.098919],[-71.851126,-8.099314],[-71.851429,-8.099915],[-71.852471,-8.100051],[-71.853371,-8.100225],[-71.853684,-8.102189],[-71.853106,-8.103135],[-71.854022,-8.103818],[-71.854852,-8.104005],[-71.854892,-8.105072],[-71.855279,-8.106038],[-71.856087,-8.106312],[-71.856525,-8.106759],[-71.857165,-8.107217],[-71.857774,-8.107809],[-71.858492,-8.108071],[-71.859186,-8.108281],[-71.859545,-8.10743],[-71.860211,-8.107688],[-71.860468,-8.108343],[-71.861001,-8.108349],[-71.862064,-8.108385],[-71.862603,-8.108756],[-71.864693,-8.1084],[-71.865823,-8.109276],[-71.867056,-8.108287],[-71.868043,-8.107914],[-71.8682,-8.10834],[-71.868428,-8.109384],[-71.869712,-8.109984],[-71.870947,-8.110257],[-71.87189,-8.110431],[-71.873158,-8.109836],[-71.873843,-8.109921],[-71.87569,-8.109809],[-71.877847,-8.109389],[-71.879225,-8.109883],[-71.880722,-8.110719],[-71.880893,-8.111889],[-71.882049,-8.112745],[-71.881705,-8.113974],[-71.882289,-8.114991],[-71.882454,-8.11641],[-71.883054,-8.118554],[-71.88356,-8.118722],[-71.88473,-8.119097],[-71.885246,-8.120764],[-71.886692,-8.121102],[-71.886983,-8.121171],[-71.886925,-8.122068],[-71.886737,-8.122805],[-71.887242,-8.123038],[-71.888225,-8.123492],[-71.888434,-8.123871],[-71.888503,-8.124882],[-71.888595,-8.125063],[-71.88871,-8.125289],[-71.888713,-8.125295],[-71.888816,-8.125497],[-71.88907,-8.125996],[-71.888836,-8.126812],[-71.888739,-8.127151],[-71.888737,-8.127156],[-71.888628,-8.127536],[-71.888057,-8.128923],[-71.888769,-8.129373],[-71.888887,-8.130223],[-71.88979,-8.130417],[-71.891056,-8.131396],[-71.892044,-8.131134],[-71.892676,-8.130443],[-71.893157,-8.13086],[-71.893589,-8.130834],[-71.893414,-8.131452],[-71.900351,-8.13719],[-71.914444,-8.148835],[-71.913497,-8.147923],[-71.912639,-8.147098],[-71.906851,-8.14153],[-71.906405,-8.140551],[-71.906179,-8.140057],[-71.895317,-8.116234],[-71.895802,-8.11536],[-71.896238,-8.114573],[-71.901883,-8.104393],[-71.904241,-8.100141],[-71.903879,-8.099788],[-71.903692,-8.099606],[-71.885643,-8.081993]]]},"properties":{"uc_nome":"Floresta Estadual do Rio Liberdade","zona_codigo":"ZOC","zona_nome":"Zona de Conservação","cor":"#166534","perimeter":3150942.54379,"area":141341334674.0,"acres":22532.9900447,"hectares":9118.77754782,"zona":"Zona de Conservação","sigla":"ZOC"}},{"type":"Feature","geometry":{"type":"Polygon","coordinates":[[[-72.02189,-7.960463],[-72.023376,-7.959945],[-72.052847,-7.949685],[-72.053785,-7.949358],[-72.053786,-7.948347],[-72.054083,-7.947772],[-72.05409,-7.947758],[-72.054488,-7.946985],[-72.057821,-7.945405],[-72.058941,-7.945418],[-72.061408,-7.946076],[-72.061849,-7.946373],[-72.062532,-7.946833],[-72.062832,-7.947203],[-72.063187,-7.947892],[-72.063212,-7.947942],[-72.063511,-7.948521],[-72.064086,-7.947904],[-72.064043,-7.946769],[-72.063779,-7.946212],[-72.061157,-7.944514],[-72.060409,-7.94409],[-72.060331,-7.943439],[-72.06072,-7.94286],[-72.062379,-7.942628],[-72.063908,-7.942193],[-72.064224,-7.941912],[-72.064535,-7.94085],[-72.064268,-7.939642],[-72.063865,-7.939068],[-72.06389,-7.938851],[-72.041971,-7.910024],[-72.039879,-7.913557],[-72.030902,-7.874894],[-72.028424,-7.875212],[-72.027097,-7.869482],[-72.029687,-7.869653],[-72.028262,-7.8635],[-72.027787,-7.861446],[-72.027035,-7.858199],[-72.022371,-7.859783],[-72.009576,-7.838966],[-72.014458,-7.836643],[-72.040238,-7.824374],[-72.041927,-7.82357],[-72.037745,-7.825139],[-72.036791,-7.824281],[-72.036676,-7.823613],[-72.036918,-7.821774],[-72.036523,-7.82094],[-72.035648,-7.820557],[-72.034947,-7.820603],[-72.033705,-7.821428],[-72.032617,-7.821739],[-72.031947,-7.821715],[-72.031251,-7.821385],[-72.030459,-7.820274],[-72.030285,-7.819482],[-72.030421,-7.818297],[-72.029999,-7.81676],[-72.029934,-7.815821],[-72.03018,-7.814678],[-72.031095,-7.813476],[-72.031288,-7.812834],[-72.031258,-7.812417],[-72.031033,-7.812251],[-72.030503,-7.812309],[-72.030198,-7.812728],[-72.028441,-7.813183],[-72.027017,-7.813217],[-72.026346,-7.812998],[-72.026339,-7.812992],[-72.023325,-7.814204],[-72.025507,-7.818551],[-72.020882,-7.820406],[-72.017174,-7.821893],[-72.013609,-7.823322],[-72.006585,-7.826139],[-72.003343,-7.827114],[-71.999829,-7.827929],[-71.996037,-7.828807],[-71.99395,-7.829291],[-71.992054,-7.829696],[-71.978114,-7.832673],[-71.978627,-7.835325],[-71.974641,-7.836177],[-71.974193,-7.833511],[-71.970533,-7.834292],[-71.972329,-7.842427],[-71.966451,-7.84368],[-71.965293,-7.838371],[-71.961354,-7.839159],[-71.961163,-7.838214],[-71.957701,-7.838909],[-71.962174,-7.857375],[-71.959614,-7.857918],[-71.955593,-7.839052],[-71.955591,-7.839053],[-71.954879,-7.839196],[-71.95153,-7.839866],[-71.951418,-7.839929],[-71.951274,-7.84001],[-71.947672,-7.840731],[-71.94767,-7.840723],[-71.947326,-7.839106],[-71.947296,-7.838964],[-71.94729,-7.838957],[-71.943031,-7.83981],[-71.943192,-7.840819],[-71.938406,-7.841778],[-71.938308,-7.840758],[-71.935112,-7.841397],[-71.930668,-7.842285],[-71.932188,-7.850725],[-71.929192,-7.851323],[-71.927673,-7.842883],[-71.919532,-7.844509],[-71.920466,-7.849668],[-71.917048,-7.850351],[-71.918249,-7.857019],[-71.915591,-7.85755],[-71.914518,-7.851575],[-71.911167,-7.852244],[-71.910555,-7.848806],[-71.906635,-7.849588],[-71.907923,-7.856777],[-71.903881,-7.857584],[-71.903358,-7.851975],[-71.899369,-7.85277],[-71.899241,-7.84856],[-71.893146,-7.849823],[-71.879356,-7.852681],[-71.871012,-7.85441],[-71.866504,-7.855406],[-71.85513,-7.858851],[-71.858175,-7.87118],[-71.852845,-7.872172],[-71.853773,-7.875929],[-71.851455,-7.876828],[-71.850685,-7.876915],[-71.850669,-7.877327],[-71.849726,-7.878349],[-71.849572,-7.87884],[-71.848645,-7.879525],[-71.848602,-7.879919],[-71.846669,-7.880073],[-71.845794,-7.880666],[-71.845573,-7.882041],[-71.845737,-7.882954],[-71.845048,-7.884199],[-71.844242,-7.883921],[-71.8416,-7.889774],[-71.841699,-7.889751],[-71.842555,-7.889518],[-71.842642,-7.889494],[-71.844088,-7.889071],[-71.85932,-7.884341],[-71.87278,-7.880358],[-71.873781,-7.880049],[-71.874694,-7.879756],[-71.874837,-7.879724],[-71.899412,-7.874618],[-71.901915,-7.874107],[-71.901977,-7.874095],[-71.901981,-7.874094],[-71.908,-7.872856],[-71.908215,-7.872804],[-71.908432,-7.872767],[-71.908618,-7.872729],[-71.923765,-7.869549],[-71.923932,-7.869513],[-71.93208,-7.86777],[-71.969835,-7.859874],[-71.983283,-7.857106],[-71.983289,-7.857104],[-71.983289,-7.857104],[-71.983504,-7.85706],[-71.989843,-7.855722],[-71.999036,-7.853822],[-71.999775,-7.853663],[-72.000205,-7.853567],[-72.000205,-7.853734],[-72.000206,-7.853835],[-72.000324,-7.856788],[-72.000437,-7.858082],[-72.000455,-7.858253],[-72.000455,-7.858254],[-72.000481,-7.858508],[-72.000679,-7.860153],[-72.000923,-7.861704],[-72.001065,-7.862516],[-72.001325,-7.863877],[-72.002019,-7.866751],[-72.002561,-7.868562],[-72.002813,-7.869345],[-72.003059,-7.870077],[-72.003169,-7.870488],[-72.003232,-7.870712],[-72.003344,-7.871111],[-72.004162,-7.873709],[-72.004254,-7.87396],[-72.003978,-7.875223],[-72.003516,-7.878143],[-72.003247,-7.881086],[-72.00317,-7.883939],[-72.003171,-7.884159],[-72.003172,-7.884261],[-72.00329,-7.887214],[-72.003347,-7.88791],[-72.003376,-7.88824],[-72.003631,-7.890484],[-72.004135,-7.893396],[-72.004829,-7.89627],[-72.004856,-7.896365],[-72.00494,-7.896667],[-72.005037,-7.896999],[-72.005477,-7.899541],[-72.00595,-7.901584],[-72.00602,-7.901858],[-72.006241,-7.902689],[-72.007122,-7.905512],[-72.008186,-7.90827],[-72.009283,-7.910638],[-72.009294,-7.910741],[-72.009798,-7.913653],[-72.010492,-7.916527],[-72.011373,-7.919349],[-72.012438,-7.922107],[-72.013681,-7.92479],[-72.014603,-7.92648],[-72.012032,-7.932252],[-72.012339,-7.935881],[-72.012925,-7.939414],[-72.01294,-7.941556],[-72.011017,-7.94669],[-72.011883,-7.950222],[-72.013485,-7.952258],[-72.015761,-7.95699],[-72.016349,-7.96071],[-72.016167,-7.962457],[-72.02189,-7.960463]]]},"properties":{"uc_nome":"Floresta Estadual do Rio Liberdade","zona_codigo":"ZEX","zona_nome":"Zona de Extrativismo","cor":"#15803d","perimeter":98221.5479222,"area":94463556.7273,"acres":23342.4532198,"hectares":9446.35567273,"zona":"Zona de Extrativismo e Caça","sigla":"ZEX"}},{"type":"Feature","geometry":{"type":"Polygon","coordinates":[[[-72.030695,-7.854922],[-72.029749,-7.856931],[-72.02867,-7.856947],[-72.027035,-7.858199],[-72.027787,-7.861446],[-72.028262,-7.8635],[-72.029687,-7.869653],[-72.027097,-7.869482],[-72.028424,-7.875212],[-72.030902,-7.874894],[-72.039879,-7.913557],[-72.041971,-7.910024],[-72.052902,-7.891555],[-72.051601,-7.892116],[-72.050595,-7.893073],[-72.049689,-7.89294],[-72.04907,-7.890534],[-72.048905,-7.889561],[-72.050162,-7.888352],[-72.053688,-7.887712],[-72.054303,-7.886179],[-72.052073,-7.884302],[-72.049267,-7.886096],[-72.048165,-7.885289],[-72.04801,-7.883694],[-72.048292,-7.882275],[-72.049312,-7.88119],[-72.051,-7.880875],[-72.052469,-7.879673],[-72.050247,-7.878992],[-72.049414,-7.878157],[-72.049086,-7.87781],[-72.048915,-7.876512],[-72.051019,-7.873544],[-72.051466,-7.871086],[-72.051722,-7.870436],[-72.052847,-7.868911],[-72.05095,-7.867216],[-72.050764,-7.865396],[-72.051225,-7.864353],[-72.048161,-7.861204],[-72.04685,-7.860698],[-72.046008,-7.85746],[-72.044621,-7.857222],[-72.044352,-7.856272],[-72.041981,-7.854955],[-72.039891,-7.854039],[-72.03765,-7.853781],[-72.036836,-7.855031],[-72.034857,-7.85519],[-72.033263,-7.85366],[-72.030695,-7.854922]]]},"properties":{"uc_nome":"Floresta Estadual do Rio Liberdade","zona_codigo":"ZPO","zona_nome":"Zona Populacional","cor":"#7c3aed","id":2,"perimeter":740906.244564,"area":17198706359.3,"acres":2741.86090056,"hectares":1109.59173948,"zona":"Zona Populacional","sigla":"ZPO-02"}},{"type":"Feature","geometry":{"type":"Polygon","coordinates":[[[-71.959614,-7.857918],[-71.962174,-7.857375],[-71.957701,-7.838909],[-71.961163,-7.838214],[-71.961354,-7.839159],[-71.965293,-7.838371],[-71.966451,-7.84368],[-71.972329,-7.842427],[-71.970533,-7.834292],[-71.974193,-7.833511],[-71.974641,-7.836177],[-71.978627,-7.835325],[-71.978114,-7.832673],[-71.992054,-7.829696],[-71.99395,-7.829291],[-71.996037,-7.828807],[-71.999829,-7.827929],[-72.003343,-7.827114],[-72.006585,-7.826139],[-72.013609,-7.823322],[-72.017174,-7.821893],[-72.020882,-7.820406],[-72.025507,-7.818551],[-72.023325,-7.814204],[-72.026346,-7.81299],[-72.025953,-7.81263],[-72.025894,-7.812045],[-72.026031,-7.811571],[-72.027865,-7.80964],[-72.028137,-7.808219],[-72.029186,-7.805735],[-72.029015,-7.805039],[-72.028316,-7.804931],[-72.027675,-7.805269],[-72.026176,-7.806919],[-72.025591,-7.807256],[-72.024501,-7.807095],[-72.024021,-7.806122],[-72.024138,-7.80508],[-72.024995,-7.804023],[-72.026631,-7.803074],[-72.027814,-7.802841],[-72.028082,-7.802788],[-72.028748,-7.802033],[-72.028015,-7.800533],[-72.027008,-7.800343],[-72.024858,-7.800353],[-72.023242,-7.801058],[-72.022856,-7.801951],[-72.022953,-7.802342],[-72.023084,-7.802865],[-72.023397,-7.80412],[-72.023347,-7.804536],[-72.023262,-7.805232],[-72.022344,-7.805685],[-72.021257,-7.80545],[-72.020556,-7.804845],[-72.020324,-7.803829],[-72.02026,-7.802242],[-72.020371,-7.800517],[-72.020911,-7.798423],[-72.020433,-7.797674],[-72.019594,-7.797455],[-72.017008,-7.79964],[-72.015526,-7.799341],[-72.014657,-7.798621],[-72.014287,-7.797231],[-72.01534,-7.795582],[-72.017124,-7.794877],[-72.018265,-7.794919],[-72.018868,-7.794941],[-72.020003,-7.794983],[-72.020475,-7.795],[-72.021519,-7.794663],[-72.021702,-7.794604],[-72.022257,-7.793849],[-72.022168,-7.792875],[-72.021073,-7.792038],[-72.018393,-7.791724],[-72.01693,-7.789559],[-72.016639,-7.787333],[-72.015369,-7.784582],[-72.016335,-7.782182],[-72.016161,-7.781013],[-72.014703,-7.779795],[-72.011586,-7.781816],[-72.009879,-7.781072],[-72.00885,-7.776371],[-72.007502,-7.774762],[-72.005908,-7.774268],[-72.004703,-7.7733],[-72.004358,-7.771352],[-72.005181,-7.768479],[-72.004925,-7.767422],[-72.003862,-7.766982],[-72.001127,-7.767274],[-71.999711,-7.766537],[-71.999366,-7.767114],[-71.999346,-7.767119],[-71.997387,-7.76771],[-71.996436,-7.768315],[-71.995922,-7.767964],[-71.996037,-7.767233],[-71.99659,-7.766307],[-71.996257,-7.766099],[-71.994968,-7.766564],[-71.993362,-7.767366],[-71.992478,-7.768117],[-71.991122,-7.769914],[-71.989553,-7.770689],[-71.989448,-7.771194],[-71.989767,-7.772],[-71.989748,-7.772171],[-71.989713,-7.772493],[-71.989311,-7.772889],[-71.988146,-7.773389],[-71.98752,-7.773868],[-71.982867,-7.776623],[-71.981902,-7.77684],[-71.981288,-7.777187],[-71.980926,-7.777976],[-71.978624,-7.781075],[-71.977904,-7.781712],[-71.975723,-7.782491],[-71.975061,-7.78307],[-71.972299,-7.789895],[-71.971841,-7.795984],[-71.971844,-7.798662],[-71.973853,-7.804792],[-71.976535,-7.807792],[-71.977098,-7.809092],[-71.976937,-7.809876],[-71.975579,-7.811883],[-71.975412,-7.813412],[-71.974544,-7.814205],[-71.971078,-7.814942],[-71.96912,-7.815358],[-71.966488,-7.81596],[-71.961727,-7.816969],[-71.960674,-7.817199],[-71.957192,-7.817934],[-71.952855,-7.818854],[-71.951335,-7.819171],[-71.947859,-7.819913],[-71.943443,-7.820847],[-71.940124,-7.821552],[-71.936619,-7.822291],[-71.931287,-7.823422],[-71.927419,-7.82424],[-71.924434,-7.82487],[-71.92013,-7.825777],[-71.916338,-7.826574],[-71.912874,-7.827156],[-71.910244,-7.827778],[-71.906951,-7.828564],[-71.903019,-7.829398],[-71.901281,-7.829708],[-71.898008,-7.830418],[-71.894466,-7.831187],[-71.890857,-7.831971],[-71.887252,-7.832753],[-71.883633,-7.833539],[-71.880009,-7.834304],[-71.876385,-7.835069],[-71.872092,-7.835976],[-71.8678,-7.836883],[-71.863508,-7.837795],[-71.859089,-7.839096],[-71.85467,-7.840397],[-71.85085,-7.841521],[-71.847031,-7.842645],[-71.845657,-7.843062],[-71.843388,-7.843745],[-71.839971,-7.844767],[-71.837502,-7.845475],[-71.836155,-7.845815],[-71.832679,-7.846953],[-71.829225,-7.848022],[-71.825902,-7.84869],[-71.825653,-7.848746],[-71.825907,-7.848999],[-71.826192,-7.849279],[-71.826379,-7.849463],[-71.826711,-7.849956],[-71.82678,-7.85047],[-71.826807,-7.850644],[-71.826818,-7.850715],[-71.826847,-7.850901],[-71.827192,-7.851346],[-71.827262,-7.85179],[-71.827231,-7.852249],[-71.827438,-7.852689],[-71.827684,-7.852936],[-71.827782,-7.853035],[-71.827974,-7.853375],[-71.82789,-7.853547],[-71.827688,-7.853964],[-71.827669,-7.85444],[-71.827787,-7.854842],[-71.827736,-7.855448],[-71.827664,-7.855845],[-71.827832,-7.856416],[-71.827796,-7.856779],[-71.827706,-7.85717],[-71.827771,-7.857493],[-71.828143,-7.857963],[-71.828969,-7.85854],[-71.829565,-7.858439],[-71.829933,-7.858418],[-71.830455,-7.858413],[-71.832154,-7.858779],[-71.832718,-7.85876],[-71.83332,-7.858518],[-71.83362,-7.858308],[-71.83392,-7.85751],[-71.834452,-7.857222],[-71.834694,-7.85691],[-71.834675,-7.856222],[-71.83477,-7.855895],[-71.835309,-7.855568],[-71.835591,-7.856432],[-71.835809,-7.856619],[-71.836252,-7.857005],[-71.83653,-7.8572],[-71.836737,-7.85753],[-71.836854,-7.857945],[-71.83689,-7.858544],[-71.836705,-7.859529],[-71.836792,-7.859991],[-71.836981,-7.860436],[-71.837284,-7.86078],[-71.837647,-7.861185],[-71.838072,-7.861924],[-71.838125,-7.862246],[-71.83823,-7.862811],[-71.838689,-7.863367],[-71.838925,-7.863755],[-71.83902,-7.863909],[-71.840315,-7.86484],[-71.840735,-7.865519],[-71.840624,-7.866472],[-71.841019,-7.867459],[-71.842985,-7.867907],[-71.843671,-7.867695],[-71.843991,-7.867111],[-71.84432,-7.867049],[-71.844515,-7.867373],[-71.844661,-7.868475],[-71.847408,-7.870092],[-71.847912,-7.870697],[-71.848031,-7.872012],[-71.848239,-7.872702],[-71.848533,-7.872998],[-71.849164,-7.873106],[-71.8499,-7.874219],[-71.85075,-7.875219],[-71.850684,-7.876915],[-71.851455,-7.876828],[-71.853773,-7.875929],[-71.852845,-7.872172],[-71.858175,-7.87118],[-71.85513,-7.858851],[-71.866504,-7.855406],[-71.871012,-7.85441],[-71.879356,-7.852681],[-71.893146,-7.849823],[-71.899241,-7.84856],[-71.899369,-7.85277],[-71.903358,-7.851975],[-71.903881,-7.857584],[-71.907923,-7.856777],[-71.906635,-7.849588],[-71.910555,-7.848806],[-71.911167,-7.852244],[-71.914518,-7.851575],[-71.915591,-7.85755],[-71.918249,-7.857019],[-71.917048,-7.850351],[-71.920466,-7.849668],[-71.919532,-7.844509],[-71.927673,-7.842883],[-71.929192,-7.851323],[-71.932188,-7.850725],[-71.930668,-7.842285],[-71.935112,-7.841397],[-71.938308,-7.840758],[-71.938406,-7.841778],[-71.943192,-7.840819],[-71.943031,-7.83981],[-71.947289,-7.838957],[-71.947296,-7.838964],[-71.947326,-7.839106],[-71.94767,-7.840723],[-71.947672,-7.840731],[-71.951274,-7.84001],[-71.95153,-7.839866],[-71.955591,-7.839053],[-71.955592,-7.83905],[-71.959614,-7.857918]]]},"properties":{"uc_nome":"Floresta Estadual do Rio Liberdade","zona_codigo":"ZPO","zona_nome":"Zona Populacional","cor":"#7c3aed","id":1,"perimeter":3084514.34065,"area":106864531964.0,"acres":17036.611692,"hectares":6894.47214417,"zona":"Zona Populacional","sigla":"ZPO-01"}},{"type":"Feature","geometry":{"type":"Polygon","coordinates":[[[-71.77323,-8.054318],[-71.770607,-8.047278],[-71.773625,-8.041483],[-71.77409,-8.038753],[-71.775016,-8.032972],[-71.777872,-8.027018],[-71.780284,-8.026681],[-71.783672,-8.027941],[-71.784323,-8.02906],[-71.783528,-8.030509],[-71.783539,-8.032112],[-71.784186,-8.032589],[-71.786912,-8.031127],[-71.79284,-8.027237],[-71.798473,-8.027359],[-71.800577,-8.02911],[-71.803482,-8.030373],[-71.813159,-8.033515],[-71.820732,-8.034906],[-71.829763,-8.037731],[-71.831065,-8.039808],[-71.832885,-8.047013],[-71.834515,-8.050049],[-71.839688,-8.053381],[-71.848582,-8.059415],[-71.851982,-8.062438],[-71.855526,-8.062895],[-71.858418,-8.062242],[-71.860881,-8.063274],[-71.862836,-8.066932],[-71.868109,-8.068468],[-71.871793,-8.068443],[-71.885458,-8.081823],[-71.886202,-8.06149],[-71.887347,-8.030562],[-71.887392,-8.029351],[-71.889131,-7.982677],[-71.889182,-7.981309],[-71.890131,-7.981215],[-71.938874,-7.976275],[-71.940536,-7.976105],[-71.990771,-7.970949],[-71.992218,-7.970801],[-72.016167,-7.962457],[-72.016349,-7.96071],[-72.015761,-7.95699],[-72.013485,-7.952258],[-72.011883,-7.950222],[-72.011017,-7.94669],[-72.01294,-7.941556],[-72.012925,-7.939414],[-72.012339,-7.935881],[-72.012032,-7.932252],[-72.014603,-7.92648],[-72.013681,-7.92479],[-72.012438,-7.922107],[-72.011373,-7.919349],[-72.010492,-7.916527],[-72.009798,-7.913653],[-72.009294,-7.910741],[-72.009283,-7.910638],[-72.008186,-7.90827],[-72.007122,-7.905512],[-72.006241,-7.902689],[-72.00602,-7.901858],[-72.00595,-7.901584],[-72.005477,-7.899541],[-72.005037,-7.896999],[-72.00494,-7.896667],[-72.004856,-7.896365],[-72.004829,-7.89627],[-72.004135,-7.893396],[-72.003631,-7.890484],[-72.003376,-7.88824],[-72.003347,-7.88791],[-72.00329,-7.887214],[-72.003172,-7.884261],[-72.003171,-7.884159],[-72.00317,-7.883939],[-72.003247,-7.881086],[-72.003516,-7.878143],[-72.003978,-7.875223],[-72.004254,-7.87396],[-72.004162,-7.873709],[-72.003344,-7.871111],[-72.003232,-7.870712],[-72.003169,-7.870488],[-72.003059,-7.870077],[-72.002813,-7.869345],[-72.002561,-7.868562],[-72.002019,-7.866751],[-72.001325,-7.863877],[-72.001065,-7.862516],[-72.000923,-7.861704],[-72.000679,-7.860153],[-72.000481,-7.858508],[-72.000455,-7.858254],[-72.000455,-7.858253],[-72.000437,-7.858082],[-72.000324,-7.856788],[-72.000206,-7.853835],[-72.000205,-7.853734],[-72.000205,-7.853567],[-71.999775,-7.853663],[-71.999036,-7.853822],[-71.989843,-7.855722],[-71.983504,-7.85706],[-71.983289,-7.857104],[-71.983289,-7.857104],[-71.983283,-7.857106],[-71.969835,-7.859874],[-71.93208,-7.86777],[-71.923932,-7.869513],[-71.923765,-7.869549],[-71.908618,-7.872729],[-71.908432,-7.872767],[-71.908215,-7.872804],[-71.908,-7.872856],[-71.901981,-7.874094],[-71.901977,-7.874095],[-71.901915,-7.874107],[-71.899412,-7.874618],[-71.874837,-7.879724],[-71.874694,-7.879756],[-71.873781,-7.880049],[-71.87278,-7.880358],[-71.85932,-7.884341],[-71.844088,-7.889071],[-71.842642,-7.889494],[-71.842555,-7.889518],[-71.841699,-7.889751],[-71.8416,-7.889774],[-71.841252,-7.890544],[-71.83983,-7.893692],[-71.838927,-7.895688],[-71.838877,-7.896222],[-71.83854,-7.899751],[-71.838385,-7.901419],[-71.837855,-7.907025],[-71.837536,-7.910413],[-71.837333,-7.912569],[-71.837713,-7.926599],[-71.841863,-7.933843],[-71.84221,-7.934464],[-71.841803,-7.934497],[-71.820367,-7.934188],[-71.796727,-7.931076],[-71.775665,-7.918075],[-71.772947,-7.912738],[-71.771419,-7.899954],[-71.775342,-7.893137],[-71.751169,-7.895289],[-71.753277,-7.886741],[-71.753492,-7.885861],[-71.750855,-7.886699],[-71.747591,-7.887758],[-71.744233,-7.888848],[-71.740964,-7.889907],[-71.737694,-7.890968],[-71.734429,-7.892025],[-71.731139,-7.893093],[-71.727731,-7.894199],[-71.721372,-7.896254],[-71.718097,-7.897313],[-71.714837,-7.898368],[-71.713126,-7.898922],[-71.711411,-7.899477],[-71.708103,-7.900548],[-71.704682,-7.901656],[-71.703025,-7.902193],[-71.701373,-7.902729],[-71.698081,-7.903793],[-71.694734,-7.904767],[-71.691384,-7.905741],[-71.688062,-7.906706],[-71.684767,-7.907665],[-71.680505,-7.908888],[-71.678814,-7.909374],[-71.677103,-7.909866],[-71.673787,-7.910819],[-71.667161,-7.912724],[-71.665183,-7.913289],[-71.664206,-7.913573],[-71.66495,-7.915033],[-71.678134,-7.941506],[-71.684799,-7.954887],[-71.685578,-7.956503],[-71.687018,-7.95949],[-71.705247,-7.997291],[-71.705771,-7.998377],[-71.723677,-8.035482],[-71.724691,-8.037591],[-71.73764,-8.064527],[-71.744255,-8.078284],[-71.753734,-8.07482],[-71.76958,-8.061881],[-71.77323,-8.054318]]]},"properties":{"uc_nome":"Floresta Estadual do Rio Liberdade","zona_codigo":"ZPR","zona_nome":"Zona de Produção","cor":"#0891b2","perimeter":128767.091482,"area":508986185.301,"acres":125773.22548,"hectares":50898.6185301,"zona":"Zona de Produção","sigla":"ZPR"}},{"type":"Feature","geometry":{"type":"Polygon","coordinates":[[[-68.193233,-9.940863],[-68.193179,-9.939088],[-68.193007,-9.937321],[-68.19272,-9.935569],[-68.192318,-9.933839],[-68.191802,-9.932138],[-68.191175,-9.930475],[-68.19044,-9.928856],[-68.189879,-9.927783],[-68.187389,-9.923267],[-68.184289,-9.899618],[-68.184005,-9.897888],[-68.183602,-9.896158],[-68.183087,-9.894457],[-68.18246,-9.892794],[-68.181725,-9.891175],[-68.180885,-9.889607],[-68.179943,-9.888098],[-68.178904,-9.886652],[-68.177772,-9.885277],[-68.176551,-9.883978],[-68.175247,-9.882761],[-68.173866,-9.881631],[-68.172413,-9.880594],[-68.170895,-9.879652],[-68.169318,-9.878811],[-68.167689,-9.878075],[-68.166015,-9.877445],[-68.164303,-9.876926],[-68.16256,-9.876518],[-68.160795,-9.876225],[-68.159013,-9.876046],[-68.157224,-9.875983],[-68.155435,-9.876037],[-68.153652,-9.876207],[-68.151885,-9.876491],[-68.151013,-9.876676],[-68.107139,-9.886694],[-68.092104,-9.872509],[-68.09134,-9.871815],[-68.089959,-9.870685],[-68.088507,-9.869647],[-68.086989,-9.868705],[-68.085412,-9.867864],[-68.083784,-9.867127],[-68.08211,-9.866497],[-68.080398,-9.865977],[-68.080084,-9.865895],[-68.052391,-9.858802],[-68.022689,-9.829736],[-68.021571,-9.828701],[-68.02019,-9.82757],[-68.018738,-9.826532],[-68.017221,-9.82559],[-68.015645,-9.824749],[-68.014016,-9.824011],[-68.012343,-9.823381],[-68.010631,-9.822861],[-68.008889,-9.822452],[-68.007124,-9.822158],[-68.005343,-9.821979],[-68.003554,-9.821915],[-68.002493,-9.821933],[-67.980936,-9.822698],[-67.980207,-9.822734],[-67.978425,-9.822902],[-67.976658,-9.823186],[-67.974914,-9.823584],[-67.973199,-9.824094],[-67.971522,-9.824714],[-67.969889,-9.825442],[-67.968308,-9.826274],[-67.966785,-9.827207],[-67.965327,-9.828237],[-67.96394,-9.829359],[-67.962629,-9.830568],[-67.961402,-9.83186],[-67.960262,-9.833229],[-67.959215,-9.834669],[-67.958265,-9.836174],[-67.957977,-9.836676],[-67.940013,-9.868869],[-67.927516,-9.863976],[-67.926347,-9.863549],[-67.924636,-9.863028],[-67.922894,-9.862619],[-67.921128,-9.862325],[-67.919347,-9.862145],[-67.917558,-9.862081],[-67.915769,-9.862133],[-67.913987,-9.862302],[-67.912219,-9.862585],[-67.910475,-9.862983],[-67.90876,-9.863492],[-67.907082,-9.864112],[-67.905449,-9.86484],[-67.903868,-9.865671],[-67.902344,-9.866604],[-67.900886,-9.867633],[-67.900196,-9.868172],[-67.886782,-9.879001],[-67.881431,-9.881222],[-67.879976,-9.881876],[-67.878395,-9.882708],[-67.876871,-9.88364],[-67.875412,-9.884669],[-67.874025,-9.885791],[-67.872714,-9.887],[-67.871486,-9.888292],[-67.870345,-9.88966],[-67.869297,-9.8911],[-67.868347,-9.892604],[-67.867497,-9.894167],[-67.866753,-9.895781],[-67.866117,-9.897441],[-67.865591,-9.899138],[-67.865227,-9.900632],[-67.863387,-9.909255],[-67.863249,-9.909297],[-67.86293,-9.909397],[-67.862473,-9.909545],[-67.861845,-9.909762],[-67.86181,-9.909775],[-67.860759,-9.910177],[-67.85994,-9.910526],[-67.859913,-9.910538],[-67.859099,-9.910916],[-67.858299,-9.91132],[-67.858273,-9.911334],[-67.85749,-9.911762],[-67.856725,-9.912213],[-67.856699,-9.912228],[-67.855941,-9.912709],[-67.855202,-9.913213],[-67.855178,-9.91323],[-67.854458,-9.913756],[-67.854254,-9.913916],[-67.854042,-9.913919],[-67.854013,-9.91392],[-67.853119,-9.91396],[-67.852221,-9.91403],[-67.852191,-9.914033],[-67.851307,-9.914131],[-67.85042,-9.914258],[-67.850391,-9.914263],[-67.84951,-9.914419],[-67.848632,-9.914604],[-67.848603,-9.91461],[-67.847736,-9.914823],[-67.847288,-9.914944],[-67.846936,-9.915043],[-67.846297,-9.91523],[-67.846276,-9.915236],[-67.845648,-9.915437],[-67.844801,-9.915734],[-67.844773,-9.915745],[-67.84452,-9.915839],[-67.844489,-9.915843],[-67.844157,-9.91588],[-67.84327,-9.916007],[-67.843241,-9.916012],[-67.84236,-9.916168],[-67.841482,-9.916353],[-67.841453,-9.916359],[-67.840586,-9.916571],[-67.840385,-9.916628],[-67.840217,-9.916593],[-67.839346,-9.916432],[-67.839317,-9.916427],[-67.838422,-9.916292],[-67.837523,-9.916187],[-67.837493,-9.916184],[-67.836815,-9.916124],[-67.836592,-9.916078],[-67.835707,-9.915915],[-67.835678,-9.915911],[-67.834797,-9.915778],[-67.833911,-9.915674],[-67.833881,-9.915671],[-67.832986,-9.915595],[-67.832091,-9.915548],[-67.832061,-9.915547],[-67.831167,-9.915529],[-67.830933,-9.91553],[-67.830611,-9.915531],[-67.830086,-9.915539],[-67.829201,-9.915493],[-67.829174,-9.915492],[-67.828447,-9.915475],[-67.828277,-9.915474],[-67.828109,-9.915472],[-67.827152,-9.915486],[-67.827122,-9.915487],[-67.826289,-9.915525],[-67.825327,-9.915601],[-67.825298,-9.915604],[-67.824477,-9.915696],[-67.823686,-9.915808],[-67.823656,-9.915813],[-67.82268,-9.915983],[-67.821835,-9.916161],[-67.821806,-9.916167],[-67.820906,-9.916387],[-67.820034,-9.916631],[-67.820005,-9.916639],[-67.819179,-9.916899],[-67.819007,-9.916918],[-67.818059,-9.917055],[-67.818029,-9.91706],[-67.81721,-9.917206],[-67.816396,-9.917376],[-67.816367,-9.917383],[-67.815436,-9.917609],[-67.814823,-9.917778],[-67.814688,-9.917816],[-67.814124,-9.917984],[-67.814106,-9.91799],[-67.813568,-9.918163],[-67.81277,-9.918442],[-67.812742,-9.918452],[-67.811862,-9.918793],[-67.810978,-9.91917],[-67.810951,-9.919182],[-67.810202,-9.919532],[-67.809413,-9.91993],[-67.809386,-9.919944],[-67.808593,-9.920377],[-67.807893,-9.920788],[-67.807868,-9.920803],[-67.807044,-9.921324],[-67.806224,-9.921885],[-67.8062,-9.921902],[-67.80556,-9.92237],[-67.804889,-9.922894],[-67.804866,-9.922913],[-67.804163,-9.923499],[-67.803697,-9.923838],[-67.803547,-9.923956],[-67.803003,-9.92409],[-67.802135,-9.924332],[-67.802106,-9.924341],[-67.80126,-9.924607],[-67.800462,-9.924886],[-67.800434,-9.924896],[-67.799554,-9.925237],[-67.798781,-9.925565],[-67.798754,-9.925577],[-67.797893,-9.925976],[-67.797358,-9.926247],[-67.796971,-9.926189],[-67.796148,-9.926091],[-67.796118,-9.926088],[-67.79516,-9.926006],[-67.79433,-9.925961],[-67.7943,-9.92596],[-67.793341,-9.92594],[-67.792383,-9.925953],[-67.792354,-9.925954],[-67.791521,-9.925993],[-67.790675,-9.926058],[-67.790647,-9.92606],[-67.789823,-9.926149],[-67.789495,-9.926189],[-67.789383,-9.926203],[-67.78856,-9.92632],[-67.788529,-9.926325],[-67.787584,-9.926491],[-67.786637,-9.926691],[-67.786608,-9.926698],[-67.785809,-9.926894],[-67.784942,-9.927137],[-67.784913,-9.927145],[-67.784065,-9.927412],[-67.783267,-9.927691],[-67.783239,-9.927701],[-67.78236,-9.928041],[-67.781477,-9.928418],[-67.78145,-9.92843],[-67.780939,-9.928668],[-67.78085,-9.928664],[-67.78082,-9.928663],[-67.779999,-9.928648],[-67.779175,-9.928657],[-67.779145,-9.928658],[-67.778179,-9.9287],[-67.77722,-9.928776],[-67.777191,-9.928779],[-67.776367,-9.928871],[-67.775418,-9.929008],[-67.775388,-9.929013],[-67.77457,-9.929158],[-67.773755,-9.929329],[-67.773726,-9.929335],[-67.772796,-9.929561],[-67.771927,-9.929804],[-67.771898,-9.929813],[-67.771052,-9.930079],[-67.770253,-9.930358],[-67.770225,-9.930369],[-67.769346,-9.930708],[-67.768459,-9.931087],[-67.768432,-9.931099],[-67.767685,-9.931447],[-67.767212,-9.931682],[-67.767195,-9.93169],[-67.766643,-9.931979],[-67.766328,-9.932148],[-67.766003,-9.932326],[-67.765993,-9.932331],[-67.765762,-9.932461],[-67.765061,-9.932872],[-67.765036,-9.932888],[-67.764212,-9.933408],[-67.763483,-9.933904],[-67.763459,-9.933921],[-67.763185,-9.934117],[-67.762989,-9.934245],[-67.762167,-9.934807],[-67.762142,-9.934824],[-67.761505,-9.935291],[-67.760833,-9.935814],[-67.76081,-9.935833],[-67.760094,-9.93643],[-67.759409,-9.937041],[-67.759387,-9.937061],[-67.758761,-9.937659],[-67.758155,-9.938274],[-67.758135,-9.938295],[-67.757511,-9.938972],[-67.756902,-9.939679],[-67.756883,-9.939702],[-67.756351,-9.940362],[-67.755875,-9.940992],[-67.755857,-9.941016],[-67.755285,-9.941825],[-67.754753,-9.94264],[-67.754737,-9.942665],[-67.754318,-9.943354],[-67.753877,-9.944135],[-67.753863,-9.944161],[-67.753454,-9.944943],[-67.753095,-9.945687],[-67.753082,-9.945714],[-67.752696,-9.946584],[-67.752347,-9.947454],[-67.752336,-9.947482],[-67.752049,-9.948271],[-67.751775,-9.949106],[-67.751766,-9.949134],[-67.751514,-9.949996],[-67.751279,-9.950915],[-67.751272,-9.950943],[-67.751094,-9.951752],[-67.750941,-9.952563],[-67.750936,-9.952592],[-67.75079,-9.953531],[-67.750678,-9.95448],[-67.750675,-9.954509],[-67.750605,-9.955327],[-67.75056,-9.956154],[-67.750559,-9.956184],[-67.750563,-9.956485],[-67.750539,-9.95713],[-67.750552,-9.95808],[-67.750553,-9.958109],[-67.750592,-9.958934],[-67.750655,-9.959753],[-67.750658,-9.959782],[-67.750763,-9.960731],[-67.750901,-9.961672],[-67.750906,-9.961701],[-67.751053,-9.962513],[-67.751225,-9.963321],[-67.751231,-9.963349],[-67.75146,-9.964272],[-67.751704,-9.965133],[-67.751713,-9.965162],[-67.751981,-9.966001],[-67.752263,-9.966793],[-67.752274,-9.966821],[-67.752616,-9.967692],[-67.752996,-9.968568],[-67.753009,-9.968595],[-67.753361,-9.969339],[-67.753764,-9.970124],[-67.753778,-9.97015],[-67.754214,-9.970934],[-67.754627,-9.971625],[-67.754642,-9.971651],[-67.755169,-9.97247],[-67.755734,-9.973283],[-67.755752,-9.973308],[-67.756224,-9.973941],[-67.756752,-9.974607],[-67.756771,-9.97463],[-67.757374,-9.97534],[-67.757992,-9.976021],[-67.758012,-9.976043],[-67.758613,-9.976662],[-67.759236,-9.977264],[-67.759257,-9.977285],[-67.759937,-9.977901],[-67.760649,-9.978503],[-67.760672,-9.978522],[-67.76134,-9.979051],[-67.761975,-9.979523],[-67.761999,-9.979541],[-67.762816,-9.980108],[-67.763635,-9.980634],[-67.76366,-9.98065],[-67.764359,-9.981067],[-67.765149,-9.981506],[-67.765175,-9.98152],[-67.765961,-9.981923],[-67.766708,-9.982278],[-67.766735,-9.98229],[-67.767616,-9.982674],[-67.768494,-9.983021],[-67.768522,-9.983032],[-67.769318,-9.983316],[-67.770164,-9.983589],[-67.770193,-9.983598],[-67.771058,-9.983847],[-67.771985,-9.984079],[-67.772014,-9.984086],[-67.77283,-9.984263],[-67.773648,-9.984415],[-67.773678,-9.98442],[-67.774291,-9.984517],[-67.774916,-9.98476],[-67.774944,-9.984771],[-67.77574,-9.985055],[-67.776587,-9.985329],[-67.776616,-9.985337],[-67.77748,-9.985586],[-67.778406,-9.985818],[-67.778435,-9.985825],[-67.779252,-9.986002],[-67.78007,-9.986154],[-67.7801,-9.986159],[-67.781047,-9.986303],[-67.782004,-9.986414],[-67.782033,-9.986417],[-67.782858,-9.986486],[-67.783688,-9.98653],[-67.783718,-9.986532],[-67.784023,-9.986528],[-67.784678,-9.986552],[-67.785388,-9.986545],[-67.785411,-9.986545],[-67.786086,-9.986521],[-67.786596,-9.986498],[-67.787001,-9.986476],[-67.787964,-9.9864],[-67.787994,-9.986397],[-67.788814,-9.986306],[-67.789628,-9.98619],[-67.789657,-9.986185],[-67.790611,-9.986018],[-67.791558,-9.985818],[-67.791587,-9.985811],[-67.792337,-9.985626],[-67.793096,-9.985819],[-67.793125,-9.985826],[-67.794068,-9.986032],[-67.794617,-9.986137],[-67.794633,-9.98614],[-67.79505,-9.986212],[-67.795422,-9.986273],[-67.795874,-9.986343],[-67.795888,-9.986345],[-67.796235,-9.986394],[-67.797196,-9.986506],[-67.797225,-9.986509],[-67.798046,-9.986577],[-67.798876,-9.986622],[-67.798906,-9.986623],[-67.799866,-9.986643],[-67.800576,-9.986636],[-67.800599,-9.986636],[-67.801265,-9.986613],[-67.801633,-9.986596],[-67.801877,-9.986584],[-67.801884,-9.986584],[-67.801914,-9.986585],[-67.802869,-9.986605],[-67.803151,-9.986606],[-67.803151,-9.986606],[-67.803151,-9.986606],[-67.804108,-9.986593],[-67.804138,-9.986592],[-67.804971,-9.986553],[-67.805796,-9.98649],[-67.805826,-9.986488],[-67.806783,-9.986383],[-67.807732,-9.986246],[-67.807762,-9.986241],[-67.80858,-9.986095],[-67.809395,-9.985925],[-67.809424,-9.985918],[-67.810355,-9.985692],[-67.811228,-9.985448],[-67.811256,-9.98544],[-67.812099,-9.985174],[-67.812895,-9.984896],[-67.812923,-9.984886],[-67.813805,-9.984545],[-67.814692,-9.984166],[-67.814719,-9.984154],[-67.815467,-9.983806],[-67.816258,-9.983407],[-67.816284,-9.983393],[-67.817075,-9.982961],[-67.817771,-9.982552],[-67.817796,-9.982537],[-67.818625,-9.982013],[-67.819447,-9.981451],[-67.819471,-9.981434],[-67.820108,-9.980967],[-67.82078,-9.980443],[-67.820803,-9.980424],[-67.821325,-9.97999],[-67.822093,-9.979829],[-67.822122,-9.979823],[-67.823053,-9.979596],[-67.823922,-9.979353],[-67.82395,-9.979345],[-67.824797,-9.979078],[-67.825596,-9.978799],[-67.825624,-9.978789],[-67.826503,-9.978449],[-67.827386,-9.978072],[-67.827413,-9.97806],[-67.828165,-9.97771],[-67.828955,-9.97731],[-67.828982,-9.977297],[-67.829773,-9.976864],[-67.830209,-9.976612],[-67.830223,-9.976604],[-67.830377,-9.976511],[-67.830572,-9.976581],[-67.831419,-9.976854],[-67.831448,-9.976863],[-67.832313,-9.977111],[-67.833239,-9.977344],[-67.833268,-9.97735],[-67.834084,-9.977527],[-67.834902,-9.977679],[-67.834932,-9.977684],[-67.83588,-9.977827],[-67.83666,-9.977921],[-67.836683,-9.977923],[-67.837304,-9.977981],[-67.838574,-9.978086],[-67.838676,-9.978094],[-67.838799,-9.978104],[-67.839078,-9.978124],[-67.839796,-9.978164],[-67.83983,-9.978166],[-67.840902,-9.97819],[-67.841721,-9.978181],[-67.841751,-9.97818],[-67.842722,-9.978138],[-67.843684,-9.978061],[-67.843714,-9.978059],[-67.844534,-9.977967],[-67.845352,-9.977851],[-67.845382,-9.977846],[-67.846331,-9.977679],[-67.847274,-9.97748],[-67.847303,-9.977473],[-67.848106,-9.977275],[-67.848977,-9.977032],[-67.849006,-9.977023],[-67.84985,-9.976758],[-67.850649,-9.976478],[-67.850677,-9.976468],[-67.851556,-9.976128],[-67.852439,-9.975751],[-67.852466,-9.975739],[-67.853217,-9.975388],[-67.854008,-9.974989],[-67.854034,-9.974976],[-67.854826,-9.974543],[-67.855462,-9.97417],[-67.857084,-9.973191],[-67.857728,-9.97279],[-67.857743,-9.97278],[-67.857986,-9.972622],[-67.858653,-9.972169],[-67.858677,-9.972152],[-67.859079,-9.97186],[-67.859274,-9.971873],[-67.859636,-9.971924],[-67.860458,-9.972022],[-67.860488,-9.972025],[-67.861447,-9.972107],[-67.862553,-9.972161],[-67.862589,-9.972162],[-67.86285,-9.972157],[-67.863273,-9.972172],[-67.863637,-9.972171],[-67.864053,-9.972167],[-67.86472,-9.972153],[-67.864744,-9.972152],[-67.865502,-9.972116],[-67.86646,-9.97204],[-67.86649,-9.972037],[-67.867315,-9.971945],[-67.86777,-9.971883],[-67.870513,-9.971488],[-67.871107,-9.971396],[-67.871129,-9.971392],[-67.871847,-9.971263],[-67.872793,-9.971062],[-67.872822,-9.971056],[-67.873622,-9.970859],[-67.874489,-9.970617],[-67.874517,-9.970608],[-67.875366,-9.970341],[-67.875561,-9.970275],[-67.876073,-9.970641],[-67.87759,-9.971584],[-67.879167,-9.972426],[-67.880796,-9.973164],[-67.880797,-9.973164],[-67.881645,-9.974517],[-67.882684,-9.975963],[-67.883815,-9.977339],[-67.885035,-9.978639],[-67.885755,-9.979332],[-67.886178,-9.979725],[-67.886761,-9.980249],[-67.888141,-9.98138],[-67.889593,-9.982419],[-67.891111,-9.983362],[-67.892687,-9.984204],[-67.894316,-9.984942],[-67.894963,-9.9852],[-67.895649,-9.985464],[-67.896131,-9.985645],[-67.897225,-9.986228],[-67.8977,-9.986467],[-67.897915,-9.986574],[-67.899543,-9.987312],[-67.901217,-9.987943],[-67.902929,-9.988464],[-67.903288,-9.988558],[-67.903922,-9.988719],[-67.905307,-9.989034],[-67.905698,-9.98911],[-67.905705,-9.989112],[-67.907448,-9.989521],[-67.909214,-9.989816],[-67.910995,-9.989996],[-67.912696,-9.990059],[-67.913291,-9.990063],[-67.915171,-9.990011],[-67.916954,-9.989843],[-67.917454,-9.989775],[-67.917971,-9.989699],[-67.919239,-9.989484],[-67.920806,-9.989133],[-67.921451,-9.989038],[-67.922105,-9.989178],[-67.923871,-9.989473],[-67.925653,-9.989652],[-67.927443,-9.989716],[-67.92906,-9.989674],[-67.929539,-9.989647],[-67.929711,-9.989637],[-67.931494,-9.989469],[-67.933262,-9.989186],[-67.935008,-9.988788],[-67.935958,-9.98852],[-67.936422,-9.988556],[-67.937973,-9.988618],[-67.938508,-9.988806],[-67.94022,-9.989327],[-67.941847,-9.989712],[-67.942325,-9.98981],[-67.942441,-9.989834],[-67.944065,-9.990109],[-67.986697,-10.024734],[-67.987314,-10.025221],[-67.988767,-10.026259],[-67.990285,-10.027201],[-67.991862,-10.028043],[-67.993491,-10.028781],[-67.995166,-10.029411],[-67.996878,-10.029932],[-67.998621,-10.03034],[-68.000388,-10.030635],[-68.00217,-10.030814],[-68.00396,-10.030877],[-68.00575,-10.030825],[-68.007533,-10.030656],[-68.009301,-10.030372],[-68.011047,-10.029974],[-68.01114,-10.02995],[-68.021083,-10.027303],[-68.032764,-10.033852],[-68.034062,-10.034535],[-68.035691,-10.035273],[-68.037366,-10.035903],[-68.039078,-10.036423],[-68.040821,-10.036831],[-68.042588,-10.037126],[-68.04437,-10.037305],[-68.04616,-10.037368],[-68.047951,-10.037315],[-68.049734,-10.037146],[-68.051502,-10.036862],[-68.053247,-10.036464],[-68.054963,-10.035954],[-68.056641,-10.035333],[-68.058275,-10.034605],[-68.059857,-10.033773],[-68.061381,-10.032839],[-68.06284,-10.031809],[-68.064228,-10.030687],[-68.065538,-10.029477],[-68.066766,-10.028185],[-68.067907,-10.026816],[-68.068182,-10.026456],[-68.081726,-10.00845],[-68.089167,-10.006566],[-68.105374,-10.015014],[-68.10594,-10.0153],[-68.10757,-10.016037],[-68.109244,-10.016667],[-68.110957,-10.017187],[-68.1127,-10.017595],[-68.114467,-10.017889],[-68.116249,-10.018068],[-68.118039,-10.018131],[-68.119829,-10.018077],[-68.121612,-10.017908],[-68.12338,-10.017623],[-68.125126,-10.017225],[-68.126841,-10.016714],[-68.128519,-10.016093],[-68.130152,-10.015365],[-68.131734,-10.014532],[-68.133258,-10.013598],[-68.134716,-10.012568],[-68.136104,-10.011445],[-68.137414,-10.010235],[-68.138642,-10.008942],[-68.139782,-10.007573],[-68.140607,-10.006455],[-68.146318,-9.998286],[-68.167436,-9.99096],[-68.168803,-9.990444],[-68.170436,-9.989715],[-68.172018,-9.988882],[-68.173541,-9.987949],[-68.175,-9.986918],[-68.176387,-9.985795],[-68.177697,-9.984585],[-68.178925,-9.983292],[-68.180065,-9.981922],[-68.181111,-9.980482],[-68.182061,-9.978976],[-68.182909,-9.977413],[-68.183652,-9.975797],[-68.184287,-9.974137],[-68.184595,-9.973189],[-68.192067,-9.948632],[-68.192283,-9.947883],[-68.192694,-9.946155],[-68.19299,-9.944404],[-68.19317,-9.942637],[-68.193233,-9.940863]]]},"properties":{"uc_nome":"APA São Francisco","zona_codigo":"ZOA","zona_nome":"Zona de Amortecimento","cor":"#fbbf24","objectid_1":17,"nome":"SÃ£o Francisco","sigla":"Apa","grupo":"Unidade de Uso SustentÃ¡vel","categoria":"Ãrea de ProteÃ§Ã£o Ambiental","decreto":"12.310 (14/07/2005)","ano_criaca":"2005","municipio_":"Rio Branco, Bujari","plano_mane":"nÃ£o","instituica":"IMAC","area_ofici":"30004","perimeter":117362.658488,"area":300149412.103,"hectares":30014.9412104,"buff_dist":3000.0}},{"type":"Feature","geometry":{"type":"Polygon","coordinates":[[[-67.980018,-9.84838],[-67.951671,-9.902294],[-67.916671,-9.888683],[-67.900282,-9.902016],[-67.891671,-9.905905],[-67.886115,-9.927294],[-67.886033,-9.9301],[-67.885616,-9.932012],[-67.884765,-9.933996],[-67.883456,-9.935642],[-67.881955,-9.936953],[-67.881139,-9.937558],[-67.880838,-9.937294],[-67.881345,-9.937033],[-67.881347,-9.936991],[-67.881346,-9.936959],[-67.881342,-9.936927],[-67.881335,-9.936876],[-67.881333,-9.936861],[-67.881327,-9.936833],[-67.881319,-9.936805],[-67.8813,-9.936746],[-67.881294,-9.936726],[-67.881277,-9.936687],[-67.881244,-9.936617],[-67.881231,-9.936593],[-67.88119,-9.936519],[-67.881186,-9.936511],[-67.881121,-9.936399],[-67.881066,-9.936294],[-67.881056,-9.936276],[-67.881034,-9.936242],[-67.88101,-9.936211],[-67.880986,-9.936185],[-67.880981,-9.936176],[-67.880966,-9.936151],[-67.880958,-9.93614],[-67.880945,-9.936105],[-67.880931,-9.936058],[-67.880922,-9.936031],[-67.880917,-9.936017],[-67.880895,-9.935962],[-67.880882,-9.935933],[-67.880866,-9.935904],[-67.880845,-9.935871],[-67.880821,-9.935839],[-67.880794,-9.93581],[-67.880765,-9.935784],[-67.880733,-9.93576],[-67.8807,-9.935738],[-67.880664,-9.93572],[-67.880627,-9.935705],[-67.88059,-9.935693],[-67.880551,-9.935685],[-67.880512,-9.93568],[-67.880473,-9.935678],[-67.880442,-9.935678],[-67.880407,-9.935679],[-67.880372,-9.935683],[-67.880301,-9.935694],[-67.880292,-9.935696],[-67.880253,-9.935704],[-67.880215,-9.935716],[-67.880203,-9.93572],[-67.880129,-9.93575],[-67.880098,-9.935763],[-67.880068,-9.935779],[-67.880035,-9.9358],[-67.880003,-9.935824],[-67.879974,-9.93585],[-67.879947,-9.935879],[-67.879923,-9.935911],[-67.879901,-9.935944],[-67.87988,-9.935984],[-67.87985,-9.93605],[-67.879838,-9.936081],[-67.879826,-9.936118],[-67.879811,-9.936173],[-67.879802,-9.936213],[-67.879799,-9.936231],[-67.879795,-9.936261],[-67.879789,-9.936276],[-67.879785,-9.936287],[-67.879782,-9.936296],[-67.879779,-9.936297],[-67.879776,-9.936298],[-67.879731,-9.936313],[-67.879717,-9.936317],[-67.879681,-9.936333],[-67.879645,-9.936351],[-67.879614,-9.936371],[-67.879552,-9.936413],[-67.879529,-9.936427],[-67.879497,-9.936447],[-67.879468,-9.936469],[-67.879441,-9.936494],[-67.879424,-9.93651],[-67.879382,-9.936525],[-67.879345,-9.93654],[-67.879309,-9.936559],[-67.879284,-9.936574],[-67.87926,-9.936591],[-67.879211,-9.936629],[-67.879207,-9.936616],[-67.879205,-9.93661],[-67.879199,-9.936593],[-67.879193,-9.936578],[-67.879184,-9.936556],[-67.879179,-9.936541],[-67.87916,-9.936506],[-67.879155,-9.936497],[-67.879148,-9.936476],[-67.879132,-9.936439],[-67.879114,-9.936401],[-67.879109,-9.93639],[-67.879091,-9.936354],[-67.879078,-9.93633],[-67.879057,-9.936297],[-67.879033,-9.936266],[-67.879022,-9.936254],[-67.879017,-9.936248],[-67.87899,-9.936219],[-67.878961,-9.936192],[-67.878943,-9.936178],[-67.878868,-9.936122],[-67.878832,-9.936097],[-67.878801,-9.936078],[-67.878777,-9.936057],[-67.878765,-9.936047],[-67.878739,-9.936026],[-67.878692,-9.935993],[-67.878678,-9.935984],[-67.87867,-9.935979],[-67.878646,-9.935963],[-67.87861,-9.935945],[-67.878574,-9.93593],[-67.87857,-9.935928],[-67.878567,-9.935925],[-67.878539,-9.9359],[-67.878505,-9.935871],[-67.878473,-9.935847],[-67.878439,-9.935825],[-67.878391,-9.935801],[-67.878355,-9.935786],[-67.878331,-9.935777],[-67.878293,-9.935765],[-67.878255,-9.935756],[-67.878215,-9.935751],[-67.878175,-9.93575],[-67.878136,-9.935751],[-67.878096,-9.935756],[-67.878074,-9.935761],[-67.877974,-9.935783],[-67.877919,-9.935799],[-67.877882,-9.935815],[-67.877847,-9.935833],[-67.877813,-9.935854],[-67.877781,-9.935878],[-67.877766,-9.935891],[-67.87773,-9.935924],[-67.877709,-9.935945],[-67.877689,-9.935967],[-67.87766,-9.936004],[-67.877646,-9.936026],[-67.877616,-9.936066],[-67.877603,-9.936083],[-67.877598,-9.936091],[-67.877581,-9.936118],[-67.877576,-9.936127],[-67.877558,-9.93616],[-67.877542,-9.936191],[-67.877529,-9.936222],[-67.87752,-9.936251],[-67.877515,-9.936268],[-67.877506,-9.936304],[-67.877502,-9.936321],[-67.877493,-9.936352],[-67.87748,-9.936405],[-67.877475,-9.936444],[-67.877473,-9.936483],[-67.877474,-9.936506],[-67.877476,-9.936555],[-67.877481,-9.9366],[-67.877486,-9.936633],[-67.877488,-9.936643],[-67.877496,-9.936682],[-67.877508,-9.936719],[-67.87752,-9.936748],[-67.87754,-9.936792],[-67.877554,-9.936826],[-67.877578,-9.936874],[-67.8776,-9.936907],[-67.877624,-9.936938],[-67.877651,-9.936968],[-67.877688,-9.937004],[-67.877661,-9.937091],[-67.877648,-9.937144],[-67.877643,-9.937183],[-67.877641,-9.937223],[-67.877643,-9.937262],[-67.877648,-9.937301],[-67.877655,-9.937332],[-67.877656,-9.937336],[-67.877658,-9.937351],[-67.877666,-9.93739],[-67.877678,-9.937428],[-67.877698,-9.937475],[-67.877715,-9.937508],[-67.877725,-9.937533],[-67.877744,-9.937568],[-67.877753,-9.937582],[-67.877751,-9.937584],[-67.87773,-9.937608],[-67.877703,-9.937628],[-67.877677,-9.937647],[-67.877648,-9.937674],[-67.877621,-9.937703],[-67.877597,-9.937734],[-67.877575,-9.937767],[-67.877538,-9.937831],[-67.877518,-9.93787],[-67.877476,-9.937961],[-67.877463,-9.937994],[-67.877451,-9.938032],[-67.877448,-9.938042],[-67.877413,-9.93805],[-67.877375,-9.938061],[-67.877338,-9.938077],[-67.877337,-9.938043],[-67.877335,-9.938003],[-67.87733,-9.937964],[-67.877322,-9.937926],[-67.87731,-9.937888],[-67.877296,-9.937856],[-67.877281,-9.937825],[-67.877253,-9.937775],[-67.877248,-9.937767],[-67.877227,-9.937734],[-67.87722,-9.937723],[-67.877219,-9.93772],[-67.877193,-9.93767],[-67.877172,-9.937637],[-67.877148,-9.937605],[-67.87712,-9.937576],[-67.877085,-9.937541],[-67.877056,-9.937515],[-67.877025,-9.937491],[-67.876991,-9.93747],[-67.876956,-9.937451],[-67.876919,-9.937436],[-67.876901,-9.93743],[-67.876881,-9.937424],[-67.87687,-9.937419],[-67.876833,-9.937404],[-67.8768,-9.937393],[-67.876767,-9.937385],[-67.876717,-9.937375],[-67.876713,-9.937374],[-67.87666,-9.937364],[-67.876653,-9.937363],[-67.876623,-9.937359],[-67.876594,-9.937357],[-67.876533,-9.937354],[-67.876513,-9.937354],[-67.876473,-9.937355],[-67.876446,-9.937359],[-67.876409,-9.937343],[-67.876371,-9.937331],[-67.876332,-9.937323],[-67.876284,-9.937317],[-67.876246,-9.937314],[-67.876215,-9.937313],[-67.876175,-9.937315],[-67.876136,-9.93732],[-67.876083,-9.937333],[-67.876054,-9.937341],[-67.876049,-9.937343],[-67.876039,-9.937343],[-67.876002,-9.937344],[-67.875953,-9.937348],[-67.875894,-9.937349],[-67.875829,-9.937347],[-67.875814,-9.937347],[-67.875774,-9.937349],[-67.875734,-9.937354],[-67.875726,-9.937355],[-67.875675,-9.937365],[-67.875644,-9.937372],[-67.875614,-9.937382],[-67.87557,-9.937397],[-67.87556,-9.937398],[-67.875487,-9.937383],[-67.875389,-9.937361],[-67.875249,-9.937314],[-67.875197,-9.937282],[-67.875183,-9.937273],[-67.87515,-9.937256],[-67.875116,-9.937242],[-67.875092,-9.937232],[-67.875065,-9.937212],[-67.875031,-9.937191],[-67.875028,-9.937189],[-67.874894,-9.937114],[-67.874861,-9.937097],[-67.874826,-9.937082],[-67.874788,-9.937071],[-67.87475,-9.937062],[-67.874648,-9.937044],[-67.874608,-9.937039],[-67.874568,-9.937037],[-67.874556,-9.937037],[-67.874474,-9.937039],[-67.87437,-9.937024],[-67.874336,-9.93702],[-67.874302,-9.937019],[-67.87419,-9.937018],[-67.874053,-9.937018],[-67.874012,-9.93702],[-67.873973,-9.937025],[-67.873967,-9.937026],[-67.873837,-9.937051],[-67.873804,-9.937058],[-67.873772,-9.937068],[-67.873711,-9.937089],[-67.873705,-9.937091],[-67.873668,-9.937106],[-67.873633,-9.937124],[-67.873613,-9.937136],[-67.873562,-9.937169],[-67.873455,-9.937207],[-67.873439,-9.937211],[-67.873414,-9.937211],[-67.873404,-9.937198],[-67.873368,-9.937161],[-67.873339,-9.937133],[-67.873334,-9.937113],[-67.873323,-9.937075],[-67.873309,-9.937043],[-67.873298,-9.937018],[-67.87328,-9.936983],[-67.873259,-9.936946],[-67.873257,-9.936942],[-67.873241,-9.936917],[-67.873222,-9.93689],[-67.873192,-9.93685],[-67.873166,-9.936821],[-67.873136,-9.936794],[-67.873105,-9.93677],[-67.873071,-9.936749],[-67.873036,-9.936731],[-67.872999,-9.936716],[-67.872964,-9.936705],[-67.872929,-9.936697],[-67.872884,-9.936688],[-67.872832,-9.936677],[-67.872818,-9.936674],[-67.872787,-9.93667],[-67.872755,-9.936668],[-67.872688,-9.936665],[-67.872671,-9.936665],[-67.872632,-9.936667],[-67.872592,-9.936672],[-67.872553,-9.936681],[-67.872533,-9.936687],[-67.872439,-9.93668],[-67.872405,-9.936678],[-67.87233,-9.936678],[-67.872292,-9.93668],[-67.872211,-9.936686],[-67.872169,-9.936692],[-67.872141,-9.936698],[-67.872113,-9.936705],[-67.872025,-9.936732],[-67.872004,-9.936739],[-67.871968,-9.936754],[-67.871932,-9.936772],[-67.871889,-9.936797],[-67.871862,-9.93681],[-67.871853,-9.936808],[-67.871817,-9.936803],[-67.87176,-9.936798],[-67.871752,-9.936796],[-67.871721,-9.936789],[-67.871682,-9.936784],[-67.871643,-9.936782],[-67.871573,-9.936782],[-67.871555,-9.936782],[-67.871514,-9.936784],[-67.871483,-9.936786],[-67.871452,-9.936791],[-67.871414,-9.936799],[-67.871376,-9.936811],[-67.87136,-9.936817],[-67.871293,-9.936844],[-67.871265,-9.936856],[-67.871237,-9.936871],[-67.871203,-9.936892],[-67.871171,-9.936916],[-67.871142,-9.936943],[-67.871115,-9.936972],[-67.871092,-9.937002],[-67.871071,-9.937034],[-67.871052,-9.937066],[-67.871051,-9.937069],[-67.871032,-9.937104],[-67.871017,-9.93714],[-67.871005,-9.937178],[-67.870997,-9.937216],[-67.870991,-9.937255],[-67.87099,-9.937276],[-67.87099,-9.93728],[-67.870986,-9.937297],[-67.870981,-9.937337],[-67.870979,-9.937376],[-67.870981,-9.937415],[-67.870986,-9.937454],[-67.870994,-9.937492],[-67.871001,-9.937515],[-67.871003,-9.937524],[-67.871017,-9.937568],[-67.871032,-9.937605],[-67.87105,-9.93764],[-67.871069,-9.937669],[-67.871089,-9.937696],[-67.871122,-9.937737],[-67.871129,-9.937745],[-67.871155,-9.937774],[-67.871185,-9.937801],[-67.871216,-9.937825],[-67.87125,-9.937846],[-67.87128,-9.937861],[-67.871319,-9.93788],[-67.871334,-9.9379],[-67.871361,-9.937929],[-67.87139,-9.937955],[-67.871404,-9.937966],[-67.871441,-9.937995],[-67.871466,-9.938013],[-67.871493,-9.938029],[-67.871528,-9.938047],[-67.871565,-9.938062],[-67.871576,-9.938066],[-67.871605,-9.938076],[-67.871593,-9.938099],[-67.871577,-9.938136],[-67.871565,-9.938173],[-67.871557,-9.938212],[-67.871554,-9.938227],[-67.871544,-9.938298],[-67.871541,-9.938329],[-67.87154,-9.938361],[-67.871542,-9.9384],[-67.871547,-9.938439],[-67.871555,-9.938478],[-67.871567,-9.938515],[-67.871583,-9.938552],[-67.871601,-9.938587],[-67.871622,-9.93862],[-67.871645,-9.93865],[-67.871641,-9.938657],[-67.871632,-9.938678],[-67.871615,-9.938701],[-67.871602,-9.938721],[-67.871594,-9.938729],[-67.871574,-9.938752],[-67.871551,-9.938781],[-67.87153,-9.938813],[-67.871498,-9.938867],[-67.871465,-9.93891],[-67.871452,-9.938928],[-67.871421,-9.938951],[-67.871395,-9.938971],[-67.871366,-9.938997],[-67.871339,-9.939027],[-67.871308,-9.939068],[-67.871299,-9.939074],[-67.871253,-9.939107],[-67.871228,-9.93913],[-67.871204,-9.939155],[-67.871146,-9.93922],[-67.871139,-9.939228],[-67.871127,-9.939243],[-67.871081,-9.939303],[-67.871063,-9.939327],[-67.871047,-9.939352],[-67.871033,-9.939379],[-67.87102,-9.939406],[-67.870988,-9.939483],[-67.870981,-9.939501],[-67.870974,-9.939524],[-67.870947,-9.939609],[-67.870943,-9.939625],[-67.870928,-9.939683],[-67.870906,-9.939649],[-67.870889,-9.939627],[-67.870889,-9.939618],[-67.870888,-9.939588],[-67.870897,-9.93955],[-67.870902,-9.939511],[-67.870904,-9.939471],[-67.870902,-9.939432],[-67.870897,-9.939393],[-67.870894,-9.939377],[-67.870882,-9.93932],[-67.870882,-9.939318],[-67.870877,-9.939288],[-67.870869,-9.93925],[-67.870857,-9.939212],[-67.870842,-9.939176],[-67.870823,-9.939141],[-67.870802,-9.939107],[-67.870778,-9.939076],[-67.870751,-9.939047],[-67.870721,-9.93902],[-67.87069,-9.938996],[-67.870661,-9.938976],[-67.870628,-9.938955],[-67.870592,-9.938937],[-67.870556,-9.938922],[-67.870518,-9.93891],[-67.870479,-9.938902],[-67.870439,-9.938897],[-67.8704,-9.938895],[-67.87036,-9.938897],[-67.870321,-9.938902],[-67.870269,-9.938914],[-67.870205,-9.938933],[-67.870158,-9.938946],[-67.870129,-9.938956],[-67.870098,-9.938968],[-67.870055,-9.938988],[-67.869987,-9.939018],[-67.869946,-9.939039],[-67.869928,-9.939049],[-67.869876,-9.939082],[-67.869846,-9.939103],[-67.869726,-9.939193],[-67.869709,-9.939207],[-67.86968,-9.939234],[-67.869653,-9.939263],[-67.869633,-9.939288],[-67.869602,-9.939331],[-67.869582,-9.939361],[-67.869526,-9.939451],[-67.869521,-9.93946],[-67.869503,-9.939495],[-67.869488,-9.939531],[-67.869476,-9.939567],[-67.869464,-9.939613],[-67.869457,-9.939626],[-67.869435,-9.939676],[-67.869423,-9.939713],[-67.869418,-9.939736],[-67.869416,-9.93974],[-67.86941,-9.939749],[-67.869392,-9.939784],[-67.869377,-9.93982],[-67.869365,-9.939858],[-67.869356,-9.939896],[-67.869351,-9.939935],[-67.869349,-9.939974],[-67.869349,-9.940028],[-67.869346,-9.940056],[-67.86934,-9.940088],[-67.869328,-9.940144],[-67.869325,-9.940159],[-67.869322,-9.940182],[-67.869314,-9.94024],[-67.869311,-9.940258],[-67.869303,-9.940291],[-67.869297,-9.940343],[-67.869294,-9.940398],[-67.869293,-9.940424],[-67.869294,-9.940434],[-67.869279,-9.940425],[-67.869243,-9.940407],[-67.869207,-9.940392],[-67.869167,-9.940379],[-67.869125,-9.940368],[-67.869088,-9.94036],[-67.869078,-9.940359],[-67.869049,-9.940354],[-67.869015,-9.94035],[-67.868981,-9.940349],[-67.868949,-9.940349],[-67.868909,-9.940351],[-67.868869,-9.940356],[-67.868835,-9.940363],[-67.868801,-9.940373],[-67.868794,-9.940375],[-67.868778,-9.940377],[-67.868739,-9.940386],[-67.868701,-9.940398],[-67.868664,-9.940413],[-67.86865,-9.940419],[-67.868609,-9.940432],[-67.868587,-9.940439],[-67.868551,-9.940454],[-67.868515,-9.940472],[-67.868508,-9.940477],[-67.868491,-9.940487],[-67.868465,-9.940497],[-67.868452,-9.940502],[-67.868435,-9.940491],[-67.868399,-9.940473],[-67.868363,-9.940458],[-67.868325,-9.940446],[-67.868286,-9.940437],[-67.868229,-9.940431],[-67.868202,-9.94043],[-67.86818,-9.940429],[-67.86814,-9.940431],[-67.8681,-9.940436],[-67.868062,-9.940444],[-67.868024,-9.940456],[-67.867987,-9.940471],[-67.867952,-9.94049],[-67.86792,-9.940509],[-67.867877,-9.940539],[-67.867864,-9.940548],[-67.867835,-9.940531],[-67.867822,-9.940523],[-67.867809,-9.940516],[-67.867796,-9.940507],[-67.867776,-9.940486],[-67.867747,-9.940459],[-67.867706,-9.940429],[-67.867674,-9.940408],[-67.867669,-9.940405],[-67.867632,-9.940381],[-67.867613,-9.94037],[-67.867578,-9.940351],[-67.867541,-9.940336],[-67.867535,-9.940334],[-67.867486,-9.940317],[-67.867451,-9.940307],[-67.867414,-9.940299],[-67.867391,-9.94029],[-67.867353,-9.940278],[-67.867314,-9.940269],[-67.867297,-9.940266],[-67.867285,-9.940262],[-67.867252,-9.940253],[-67.867219,-9.940246],[-67.867171,-9.94024],[-67.867099,-9.940235],[-67.867069,-9.940234],[-67.867039,-9.940235],[-67.867008,-9.940238],[-67.866979,-9.940242],[-67.866954,-9.940241],[-67.866918,-9.940237],[-67.866864,-9.940233],[-67.866803,-9.940233],[-67.866763,-9.940235],[-67.866724,-9.94024],[-67.866685,-9.940249],[-67.866647,-9.940261],[-67.866611,-9.940275],[-67.866577,-9.940293],[-67.866523,-9.940323],[-67.866465,-9.940353],[-67.866451,-9.940361],[-67.866439,-9.940368],[-67.866429,-9.940368],[-67.866417,-9.940365],[-67.866391,-9.940355],[-67.866346,-9.940339],[-67.866308,-9.940326],[-67.866269,-9.940318],[-67.866263,-9.940317],[-67.866192,-9.940305],[-67.866155,-9.940301],[-67.866118,-9.9403],[-67.866087,-9.940301],[-67.866071,-9.940299],[-67.866031,-9.940297],[-67.866001,-9.940298],[-67.865971,-9.940301],[-67.865942,-9.940305],[-67.86593,-9.940305],[-67.865921,-9.940301],[-67.865908,-9.940297],[-67.865899,-9.940294],[-67.865873,-9.940274],[-67.865839,-9.940252],[-67.865831,-9.940244],[-67.865802,-9.940217],[-67.865784,-9.940204],[-67.865772,-9.940195],[-67.865762,-9.940182],[-67.865755,-9.94017],[-67.865738,-9.940148],[-67.865736,-9.940144],[-67.865716,-9.940113],[-67.865693,-9.940083],[-67.865661,-9.940045],[-67.865644,-9.940023],[-67.865639,-9.940018],[-67.865602,-9.939978],[-67.865579,-9.939957],[-67.86556,-9.939941],[-67.86553,-9.939918],[-67.865496,-9.939894],[-67.865461,-9.939871],[-67.865426,-9.939853],[-67.865404,-9.939843],[-67.865372,-9.93983],[-67.865349,-9.939821],[-67.865345,-9.93982],[-67.865307,-9.939808],[-67.865268,-9.939799],[-67.86525,-9.939797],[-67.86522,-9.939793],[-67.86519,-9.939787],[-67.865184,-9.939786],[-67.865145,-9.939781],[-67.865106,-9.939779],[-67.865059,-9.939779],[-67.865027,-9.939779],[-67.864986,-9.939781],[-67.864971,-9.939783],[-67.864968,-9.939782],[-67.864936,-9.939775],[-67.864897,-9.93977],[-67.864857,-9.939768],[-67.864842,-9.939768],[-67.864768,-9.939771],[-67.864736,-9.939773],[-67.864704,-9.939777],[-67.864705,-9.939766],[-67.864707,-9.939727],[-67.864708,-9.939724],[-67.864723,-9.939688],[-67.864735,-9.93965],[-67.864744,-9.939612],[-67.864749,-9.939573],[-67.86475,-9.939534],[-67.86475,-9.939527],[-67.86475,-9.939522],[-67.864755,-9.939498],[-67.864759,-9.93948],[-67.864764,-9.939441],[-67.864766,-9.939402],[-67.864764,-9.93936],[-67.86476,-9.939317],[-67.864756,-9.93927],[-67.864751,-9.93923],[-67.864742,-9.939192],[-67.86473,-9.939154],[-67.864712,-9.939112],[-67.864683,-9.939051],[-67.86468,-9.939035],[-67.864671,-9.938995],[-67.864664,-9.938964],[-67.864654,-9.938935],[-67.864639,-9.938898],[-67.86462,-9.938863],[-67.864602,-9.938834],[-67.864591,-9.938808],[-67.864573,-9.938773],[-67.864557,-9.938748],[-67.86454,-9.938724],[-67.864533,-9.938716],[-67.864517,-9.938686],[-67.864509,-9.938672],[-67.864488,-9.938639],[-67.864464,-9.938608],[-67.864451,-9.938593],[-67.864421,-9.93856],[-67.8644,-9.938539],[-67.864377,-9.938519],[-67.86437,-9.938513],[-67.864363,-9.938507],[-67.864341,-9.938488],[-67.86431,-9.938464],[-67.864276,-9.938442],[-67.864256,-9.938432],[-67.8642,-9.938403],[-67.864165,-9.938387],[-67.864133,-9.938374],[-67.864116,-9.938368],[-67.864086,-9.938358],[-67.864045,-9.938346],[-67.863999,-9.938336],[-67.86397,-9.938332],[-67.86394,-9.938329],[-67.863907,-9.938328],[-67.863886,-9.938327],[-67.863861,-9.938328],[-67.863812,-9.938331],[-67.863758,-9.938337],[-67.863707,-9.938349],[-67.863685,-9.938356],[-67.863645,-9.938361],[-67.863601,-9.938371],[-67.863562,-9.938382],[-67.863562,-9.938324],[-67.86356,-9.938285],[-67.863555,-9.938245],[-67.863546,-9.938207],[-67.863534,-9.938169],[-67.863532,-9.938164],[-67.863493,-9.93806],[-67.863478,-9.938027],[-67.863461,-9.937994],[-67.863453,-9.937981],[-67.863426,-9.937939],[-67.863388,-9.937865],[-67.863378,-9.937848],[-67.863357,-9.937814],[-67.863332,-9.937783],[-67.863306,-9.937754],[-67.863276,-9.937727],[-67.863245,-9.937703],[-67.863211,-9.937682],[-67.863187,-9.937669],[-67.863078,-9.937616],[-67.86303,-9.937595],[-67.862993,-9.937583],[-67.862954,-9.937575],[-67.862914,-9.93757],[-67.862875,-9.937568],[-67.862835,-9.93757],[-67.862795,-9.937575],[-67.862775,-9.937579],[-67.862695,-9.937596],[-67.862667,-9.937604],[-67.862639,-9.937613],[-67.862602,-9.937628],[-67.862567,-9.937646],[-67.862533,-9.937667],[-67.862505,-9.937688],[-67.86251,-9.937674],[-67.862519,-9.937637],[-67.862532,-9.937565],[-67.862533,-9.937561],[-67.862538,-9.937522],[-67.86254,-9.937482],[-67.862538,-9.937443],[-67.862533,-9.937404],[-67.862529,-9.937383],[-67.862512,-9.93731],[-67.862505,-9.937283],[-67.862496,-9.937255],[-67.862481,-9.937219],[-67.862462,-9.937184],[-67.862454,-9.93717],[-67.862421,-9.937118],[-67.862403,-9.937092],[-67.862383,-9.937067],[-67.862356,-9.937038],[-67.862327,-9.937011],[-67.862296,-9.936987],[-67.862262,-9.936966],[-67.862236,-9.936953],[-67.862227,-9.936945],[-67.862196,-9.936921],[-67.862162,-9.9369],[-67.862127,-9.936882],[-67.86209,-9.936867],[-67.862052,-9.936855],[-67.862013,-9.936846],[-67.861999,-9.936844],[-67.861952,-9.936837],[-67.86192,-9.936834],[-67.861887,-9.936833],[-67.861852,-9.936834],[-67.861818,-9.936838],[-67.861754,-9.936848],[-67.861745,-9.936849],[-67.86171,-9.936856],[-67.861557,-9.936896],[-67.861514,-9.936909],[-67.861477,-9.936924],[-67.861442,-9.936942],[-67.861414,-9.936959],[-67.861387,-9.936979],[-67.861339,-9.937017],[-67.86131,-9.937039],[-67.861224,-9.937093],[-67.861198,-9.937112],[-67.861192,-9.937113],[-67.861187,-9.937098],[-67.861172,-9.937061],[-67.861154,-9.937026],[-67.861132,-9.936993],[-67.861129,-9.936989],[-67.861119,-9.936969],[-67.861095,-9.936924],[-67.861088,-9.936912],[-67.861067,-9.936879],[-67.861042,-9.936848],[-67.861016,-9.936818],[-67.860986,-9.936792],[-67.860973,-9.936781],[-67.860941,-9.936757],[-67.860914,-9.936737],[-67.860882,-9.936716],[-67.860874,-9.936711],[-67.860835,-9.936687],[-67.860819,-9.936677],[-67.860783,-9.936658],[-67.860747,-9.936643],[-67.860717,-9.936634],[-67.860687,-9.936626],[-67.860637,-9.936616],[-67.86062,-9.936612],[-67.860581,-9.936607],[-67.860541,-9.936605],[-67.860501,-9.936607],[-67.860462,-9.936612],[-67.860453,-9.936614],[-67.8604,-9.936624],[-67.860366,-9.936632],[-67.860332,-9.936643],[-67.860295,-9.936658],[-67.86026,-9.936676],[-67.860226,-9.936698],[-67.860195,-9.936722],[-67.860185,-9.93673],[-67.860144,-9.936766],[-67.86012,-9.936788],[-67.860098,-9.936813],[-67.860074,-9.936844],[-67.860053,-9.936877],[-67.860034,-9.936912],[-67.860019,-9.936949],[-67.860009,-9.936979],[-67.860001,-9.93701],[-67.859994,-9.937045],[-67.859983,-9.937087],[-67.859976,-9.93712],[-67.859975,-9.937127],[-67.859962,-9.937209],[-67.859957,-9.937244],[-67.859956,-9.937279],[-67.859956,-9.937285],[-67.859956,-9.937293],[-67.859958,-9.937388],[-67.85996,-9.937424],[-67.859964,-9.937459],[-67.859973,-9.937498],[-67.859985,-9.937535],[-67.859996,-9.937563],[-67.860024,-9.937625],[-67.860046,-9.937669],[-67.860062,-9.937694],[-67.860086,-9.937734],[-67.860106,-9.937764],[-67.860129,-9.937794],[-67.860151,-9.937818],[-67.860175,-9.937841],[-67.860192,-9.937856],[-67.860195,-9.937859],[-67.860208,-9.937876],[-67.860241,-9.93791],[-67.86027,-9.937939],[-67.860274,-9.937943],[-67.860292,-9.937966],[-67.860294,-9.938004],[-67.860299,-9.938044],[-67.860303,-9.938063],[-67.860314,-9.938114],[-67.860329,-9.938165],[-67.860343,-9.938203],[-67.860345,-9.938209],[-67.86036,-9.938245],[-67.860378,-9.93828],[-67.860395,-9.938307],[-67.860415,-9.938333],[-67.860426,-9.938348],[-67.860446,-9.938377],[-67.860449,-9.938381],[-67.860479,-9.938424],[-67.860504,-9.938456],[-67.860531,-9.938485],[-67.86056,-9.938512],[-67.860585,-9.938531],[-67.860612,-9.938549],[-67.860628,-9.938559],[-67.86063,-9.938561],[-67.860647,-9.938577],[-67.860672,-9.9386],[-67.860643,-9.938621],[-67.860627,-9.938633],[-67.860605,-9.938646],[-67.8606,-9.938648],[-67.860566,-9.93867],[-67.860534,-9.938694],[-67.860495,-9.938727],[-67.860486,-9.938733],[-67.86044,-9.938766],[-67.860411,-9.938793],[-67.860385,-9.938821],[-67.860363,-9.938832],[-67.860329,-9.938854],[-67.860298,-9.938878],[-67.860268,-9.938904],[-67.860252,-9.938922],[-67.860212,-9.938919],[-67.86018,-9.938919],[-67.860136,-9.938919],[-67.860094,-9.938921],[-67.860061,-9.938924],[-67.860024,-9.938929],[-67.859998,-9.938934],[-67.859953,-9.938945],[-67.859924,-9.938953],[-67.85987,-9.938969],[-67.859849,-9.938976],[-67.859812,-9.938992],[-67.859793,-9.939],[-67.859788,-9.938998],[-67.859772,-9.938988],[-67.85977,-9.938984],[-67.859752,-9.938949],[-67.85973,-9.938916],[-67.859706,-9.938885],[-67.859679,-9.938856],[-67.85965,-9.938829],[-67.85963,-9.938813],[-67.859603,-9.93879],[-67.859581,-9.938771],[-67.859575,-9.938766],[-67.859556,-9.938751],[-67.859527,-9.93873],[-67.859497,-9.938711],[-67.859462,-9.938692],[-67.859425,-9.938677],[-67.85941,-9.938672],[-67.859407,-9.938671],[-67.85939,-9.938664],[-67.859372,-9.938657],[-67.859359,-9.938652],[-67.859321,-9.93864],[-67.859282,-9.938631],[-67.859276,-9.938627],[-67.859229,-9.938598],[-67.859225,-9.938596],[-67.859221,-9.938593],[-67.85919,-9.93857],[-67.859157,-9.938548],[-67.859121,-9.93853],[-67.859085,-9.938515],[-67.85908,-9.938514],[-67.859076,-9.938512],[-67.859057,-9.938501],[-67.859043,-9.938491],[-67.859033,-9.938481],[-67.859024,-9.938474],[-67.859003,-9.938458],[-67.858976,-9.938438],[-67.858948,-9.938421],[-67.858946,-9.938419],[-67.85894,-9.938413],[-67.858909,-9.938389],[-67.85888,-9.938371],[-67.858877,-9.938369],[-67.858846,-9.938345],[-67.858812,-9.938323],[-67.858777,-9.938305],[-67.85874,-9.93829],[-67.858738,-9.938289],[-67.858719,-9.938283],[-67.858683,-9.938271],[-67.858645,-9.938263],[-67.858602,-9.938258],[-67.858584,-9.938256],[-67.858549,-9.938255],[-67.858515,-9.938256],[-67.858504,-9.938257],[-67.858498,-9.938256],[-67.858459,-9.938251],[-67.85842,-9.938249],[-67.858404,-9.938249],[-67.858364,-9.938251],[-67.858325,-9.938256],[-67.858305,-9.93826],[-67.858292,-9.938255],[-67.858264,-9.938246],[-67.858235,-9.938238],[-67.858231,-9.938237],[-67.858209,-9.938224],[-67.858185,-9.938211],[-67.858162,-9.938199],[-67.858135,-9.938187],[-67.858099,-9.938172],[-67.858078,-9.938164],[-67.85804,-9.938152],[-67.858001,-9.938143],[-67.857962,-9.938138],[-67.857923,-9.938136],[-67.857895,-9.938136],[-67.857848,-9.938139],[-67.857794,-9.938144],[-67.857762,-9.938149],[-67.857723,-9.938157],[-67.857685,-9.938169],[-67.857649,-9.938184],[-67.857613,-9.938202],[-67.85758,-9.938224],[-67.857564,-9.938236],[-67.857552,-9.938242],[-67.857529,-9.938256],[-67.857506,-9.938271],[-67.857464,-9.938302],[-67.857434,-9.938329],[-67.857427,-9.938337],[-67.857414,-9.938332],[-67.857372,-9.938314],[-67.857321,-9.938293],[-67.857298,-9.938283],[-67.85726,-9.938271],[-67.857221,-9.938263],[-67.857182,-9.938258],[-67.857143,-9.938256],[-67.85709,-9.938256],[-67.85705,-9.938258],[-67.85701,-9.938263],[-67.856971,-9.938271],[-67.856933,-9.938283],[-67.856918,-9.938289],[-67.856854,-9.938315],[-67.856825,-9.938327],[-67.856798,-9.938342],[-67.856764,-9.938363],[-67.856733,-9.938387],[-67.856703,-9.938414],[-67.856676,-9.938443],[-67.856644,-9.938487],[-67.85661,-9.938539],[-67.856597,-9.938559],[-67.856591,-9.93857],[-67.856565,-9.938617],[-67.856551,-9.938642],[-67.856539,-9.938655],[-67.856516,-9.938685],[-67.856496,-9.938717],[-67.856484,-9.938739],[-67.856463,-9.938779],[-67.856439,-9.93882],[-67.856435,-9.938828],[-67.856416,-9.938862],[-67.856366,-9.938895],[-67.856327,-9.938924],[-67.856302,-9.938947],[-67.856279,-9.938971],[-67.856226,-9.93903],[-67.856218,-9.939039],[-67.856197,-9.939066],[-67.856178,-9.939095],[-67.856168,-9.939112],[-67.856116,-9.939196],[-67.856109,-9.939207],[-67.856106,-9.939211],[-67.856088,-9.939244],[-67.856073,-9.939272],[-67.85606,-9.939302],[-67.856053,-9.939319],[-67.856025,-9.93932],[-67.856011,-9.939322],[-67.855998,-9.939322],[-67.855958,-9.939324],[-67.855919,-9.939329],[-67.855874,-9.939339],[-67.855822,-9.939354],[-67.855789,-9.939364],[-67.85576,-9.939376],[-67.855731,-9.93939],[-67.855714,-9.939399],[-67.855685,-9.939402],[-67.855646,-9.939411],[-67.855608,-9.939422],[-67.855589,-9.93943],[-67.855578,-9.939434],[-67.855561,-9.939438],[-67.855534,-9.939442],[-67.855528,-9.939443],[-67.85549,-9.939451],[-67.855452,-9.939463],[-67.855415,-9.939478],[-67.85538,-9.939497],[-67.85535,-9.939515],[-67.855322,-9.939536],[-67.855277,-9.939571],[-67.85527,-9.939577],[-67.855245,-9.939599],[-67.855223,-9.939623],[-67.855181,-9.939669],[-67.855172,-9.93968],[-67.855139,-9.939724],[-67.855116,-9.939759],[-67.855107,-9.939772],[-67.855093,-9.939794],[-67.855065,-9.939841],[-67.855062,-9.939846],[-67.855043,-9.939881],[-67.855028,-9.939917],[-67.855023,-9.939935],[-67.855018,-9.939944],[-67.855005,-9.939975],[-67.854995,-9.939992],[-67.854978,-9.940025],[-67.854964,-9.94006],[-67.854952,-9.940096],[-67.854951,-9.940098],[-67.85494,-9.940133],[-67.854932,-9.940172],[-67.854926,-9.94021],[-67.854923,-9.940224],[-67.854918,-9.940263],[-67.854916,-9.940301],[-67.854916,-9.940356],[-67.854916,-9.940365],[-67.854918,-9.940405],[-67.854923,-9.940444],[-67.854932,-9.940483],[-67.854937,-9.940502],[-67.854915,-9.940515],[-67.854897,-9.940521],[-67.85486,-9.940536],[-67.854825,-9.940555],[-67.854791,-9.940576],[-67.854785,-9.940581],[-67.854777,-9.940576],[-67.85474,-9.940561],[-67.854702,-9.940549],[-67.854663,-9.940541],[-67.854649,-9.940538],[-67.8546,-9.940531],[-67.85457,-9.940528],[-67.854489,-9.940522],[-67.854445,-9.940519],[-67.854406,-9.940509],[-67.854378,-9.940504],[-67.854338,-9.940499],[-67.854299,-9.940497],[-67.85428,-9.940497],[-67.854211,-9.9405],[-67.854181,-9.940502],[-67.854151,-9.940506],[-67.854121,-9.940513],[-67.854109,-9.940516],[-67.854037,-9.940533],[-67.85399,-9.940547],[-67.853959,-9.94056],[-67.853954,-9.940562],[-67.85394,-9.940563],[-67.85385,-9.940572],[-67.853815,-9.940576],[-67.853776,-9.940585],[-67.853738,-9.940597],[-67.853702,-9.940612],[-67.85369,-9.940618],[-67.85366,-9.940631],[-67.853633,-9.940643],[-67.853606,-9.940656],[-67.853577,-9.940675],[-67.853546,-9.940696],[-67.853531,-9.940699],[-67.853493,-9.940711],[-67.853456,-9.940726],[-67.853421,-9.940745],[-67.853406,-9.940753],[-67.853381,-9.940769],[-67.853372,-9.940772],[-67.853323,-9.940797],[-67.853282,-9.940808],[-67.853244,-9.94082],[-67.853217,-9.94083],[-67.853191,-9.940843],[-67.853122,-9.940878],[-67.853103,-9.940888],[-67.853063,-9.940914],[-67.853018,-9.940946],[-67.852993,-9.940966],[-67.852965,-9.940991],[-67.852956,-9.940999],[-67.85295,-9.941005],[-67.852922,-9.941036],[-67.852889,-9.94108],[-67.852862,-9.941121],[-67.852849,-9.941142],[-67.852834,-9.94117],[-67.852822,-9.941184],[-67.852819,-9.941186],[-67.852813,-9.941192],[-67.852809,-9.941195],[-67.852794,-9.941207],[-67.852789,-9.941211],[-67.852748,-9.941242],[-67.852709,-9.941279],[-67.852681,-9.941308],[-67.852664,-9.941327],[-67.85264,-9.941358],[-67.852631,-9.941372],[-67.852619,-9.941391],[-67.852611,-9.941406],[-67.852607,-9.941413],[-67.852604,-9.941417],[-67.8526,-9.941425],[-67.852587,-9.941448],[-67.852572,-9.941477],[-67.85256,-9.941508],[-67.852548,-9.941545],[-67.852539,-9.941584],[-67.852537,-9.941597],[-67.852531,-9.94164],[-67.852527,-9.941672],[-67.852526,-9.941705],[-67.852495,-9.94171],[-67.852479,-9.941713],[-67.852465,-9.941687],[-67.852444,-9.941654],[-67.85242,-9.941623],[-67.852399,-9.9416],[-67.852377,-9.941578],[-67.852349,-9.941553],[-67.852335,-9.941541],[-67.852331,-9.941538],[-67.852302,-9.941515],[-67.852298,-9.941512],[-67.852295,-9.941506],[-67.85227,-9.941475],[-67.852244,-9.941446],[-67.852225,-9.941429],[-67.852204,-9.941401],[-67.852177,-9.941372],[-67.852148,-9.941346],[-67.852126,-9.941328],[-67.852106,-9.941302],[-67.852095,-9.941289],[-67.852069,-9.94126],[-67.852039,-9.941233],[-67.852008,-9.941209],[-67.851997,-9.941202],[-67.851989,-9.941194],[-67.851959,-9.941167],[-67.851944,-9.941155],[-67.851911,-9.941129],[-67.851896,-9.941118],[-67.851852,-9.941088],[-67.851817,-9.941066],[-67.851782,-9.941047],[-67.851745,-9.941032],[-67.851715,-9.941023],[-67.851697,-9.941017],[-67.85165,-9.941007],[-67.851613,-9.941002],[-67.851556,-9.940997],[-67.851514,-9.940995],[-67.851481,-9.940996],[-67.851448,-9.941],[-67.851426,-9.941003],[-67.8514,-9.941004],[-67.85136,-9.941009],[-67.851326,-9.941017],[-67.851292,-9.941027],[-67.851279,-9.941031],[-67.851273,-9.941032],[-67.851234,-9.94104],[-67.851196,-9.941052],[-67.851188,-9.941055],[-67.851167,-9.941058],[-67.851162,-9.941059],[-67.851153,-9.941061],[-67.851127,-9.941066],[-67.851093,-9.941074],[-67.851059,-9.941085],[-67.851048,-9.941089],[-67.851035,-9.941094],[-67.851023,-9.941099],[-67.851001,-9.941106],[-67.850982,-9.941113],[-67.850973,-9.941116],[-67.850914,-9.941138],[-67.850882,-9.941152],[-67.850852,-9.941168],[-67.850802,-9.941196],[-67.850767,-9.941218],[-67.850736,-9.941242],[-67.850713,-9.941262],[-67.850694,-9.941268],[-67.850656,-9.94128],[-67.850643,-9.941285],[-67.850591,-9.941307],[-67.850588,-9.941303],[-67.850563,-9.941281],[-67.850558,-9.941276],[-67.850535,-9.941241],[-67.850508,-9.941204],[-67.850492,-9.941179],[-67.850464,-9.941136],[-67.850434,-9.941097],[-67.850414,-9.941076],[-67.850407,-9.941068],[-67.8504,-9.94106],[-67.850367,-9.941015],[-67.85035,-9.940993],[-67.850323,-9.940964],[-67.850319,-9.94096],[-67.850297,-9.940938],[-67.850247,-9.940893],[-67.850242,-9.940888],[-67.850213,-9.940862],[-67.850177,-9.940835],[-67.850132,-9.940804],[-67.850102,-9.940786],[-67.850067,-9.940768],[-67.85003,-9.940753],[-67.849985,-9.940739],[-67.849919,-9.940722],[-67.849887,-9.940716],[-67.849848,-9.94071],[-67.849809,-9.940709],[-67.849748,-9.940709],[-67.849708,-9.94071],[-67.849669,-9.940715],[-67.849631,-9.940724],[-67.849594,-9.940735],[-67.849558,-9.940748],[-67.849513,-9.940763],[-67.849499,-9.940767],[-67.849462,-9.940782],[-67.849427,-9.940801],[-67.849422,-9.940803],[-67.849365,-9.940837],[-67.849334,-9.940857],[-67.849304,-9.940879],[-67.849275,-9.940906],[-67.849248,-9.940935],[-67.849227,-9.940962],[-67.849222,-9.940971],[-67.849215,-9.940975],[-67.849186,-9.941002],[-67.849159,-9.941031],[-67.849156,-9.941034],[-67.849155,-9.941037],[-67.849142,-9.941048],[-67.849117,-9.941075],[-67.849068,-9.941131],[-67.849064,-9.941135],[-67.84904,-9.941166],[-67.849019,-9.9412],[-67.849007,-9.941221],[-67.849004,-9.941227],[-67.848985,-9.941269],[-67.848965,-9.941321],[-67.84896,-9.94133],[-67.848945,-9.941367],[-67.848942,-9.941377],[-67.848936,-9.941393],[-67.848926,-9.941426],[-67.848919,-9.94146],[-67.848914,-9.941498],[-67.848911,-9.941537],[-67.848905,-9.941557],[-67.848895,-9.941601],[-67.848891,-9.941633],[-67.848889,-9.941666],[-67.848886,-9.941776],[-67.848885,-9.941788],[-67.848885,-9.941797],[-67.848885,-9.941833],[-67.848885,-9.941853],[-67.848885,-9.941884],[-67.848885,-9.941899],[-67.848887,-9.941939],[-67.848892,-9.941978],[-67.848899,-9.942008],[-67.848901,-9.94202],[-67.848915,-9.942065],[-67.848925,-9.942089],[-67.848928,-9.942096],[-67.848929,-9.942101],[-67.848941,-9.942138],[-67.848956,-9.942175],[-67.848975,-9.94221],[-67.848978,-9.942227],[-67.848979,-9.942237],[-67.84898,-9.942249],[-67.848981,-9.942266],[-67.848986,-9.942305],[-67.848993,-9.942338],[-67.849002,-9.942369],[-67.849008,-9.942386],[-67.849012,-9.942398],[-67.849027,-9.942434],[-67.849045,-9.942468],[-67.849051,-9.942478],[-67.849019,-9.942498],[-67.848993,-9.942515],[-67.848968,-9.942535],[-67.848939,-9.942561],[-67.848912,-9.94259],[-67.848888,-9.942622],[-67.848866,-9.942655],[-67.848852,-9.942683],[-67.84885,-9.942686],[-67.848847,-9.942694],[-67.848839,-9.942711],[-67.848835,-9.942721],[-67.848831,-9.94273],[-67.848824,-9.942744],[-67.848819,-9.942752],[-67.848813,-9.942764],[-67.848791,-9.942814],[-67.848788,-9.942823],[-67.848786,-9.942829],[-67.848772,-9.94287],[-67.848762,-9.942903],[-67.848755,-9.942936],[-67.848752,-9.942954],[-67.848751,-9.942958],[-67.848741,-9.942998],[-67.848739,-9.943008],[-67.848737,-9.943019],[-67.848735,-9.943033],[-67.848733,-9.943046],[-67.848729,-9.943078],[-67.848728,-9.94311],[-67.848728,-9.943159],[-67.848728,-9.943176],[-67.848728,-9.943184],[-67.848728,-9.943192],[-67.848728,-9.943217],[-67.848729,-9.943227],[-67.84873,-9.943231],[-67.84873,-9.943252],[-67.848731,-9.943271],[-67.848737,-9.94331],[-67.848745,-9.943349],[-67.848757,-9.943386],[-67.848759,-9.943392],[-67.84877,-9.943421],[-67.848773,-9.943432],[-67.848788,-9.943481],[-67.848809,-9.943529],[-67.84882,-9.94355],[-67.848832,-9.943574],[-67.848841,-9.943588],[-67.848877,-9.943645],[-67.848895,-9.943671],[-67.848914,-9.943696],[-67.848941,-9.943725],[-67.848971,-9.943752],[-67.848966,-9.943756],[-67.848937,-9.943782],[-67.848911,-9.943811],[-67.848908,-9.943814],[-67.848886,-9.943834],[-67.84887,-9.943851],[-67.848854,-9.943869],[-67.848833,-9.943896],[-67.848813,-9.943925],[-67.848811,-9.943929],[-67.848805,-9.943939],[-67.848802,-9.943945],[-67.848794,-9.943957],[-67.848792,-9.943961],[-67.84879,-9.943964],[-67.848785,-9.94397],[-67.848769,-9.943994],[-67.848766,-9.944],[-67.848751,-9.944026],[-67.848735,-9.944058],[-67.848721,-9.944091],[-67.848709,-9.944129],[-67.848701,-9.944168],[-67.848699,-9.944183],[-67.848691,-9.944213],[-67.848686,-9.944252],[-67.848686,-9.944266],[-67.848685,-9.944278],[-67.848684,-9.944285],[-67.848684,-9.944291],[-67.848684,-9.944293],[-67.848672,-9.944284],[-67.848667,-9.94428],[-67.848638,-9.944261],[-67.848615,-9.944247],[-67.848607,-9.944239],[-67.848575,-9.944215],[-67.848542,-9.944194],[-67.848507,-9.944176],[-67.84847,-9.944161],[-67.848437,-9.944151],[-67.848404,-9.944143],[-67.848364,-9.944135],[-67.848354,-9.944133],[-67.848315,-9.944128],[-67.848271,-9.944124],[-67.848271,-9.944102],[-67.848265,-9.944063],[-67.848257,-9.944024],[-67.848245,-9.943986],[-67.848229,-9.943949],[-67.848212,-9.943914],[-67.848199,-9.943885],[-67.84818,-9.943848],[-67.848158,-9.943815],[-67.848147,-9.9438],[-67.848135,-9.943777],[-67.848115,-9.943747],[-67.848111,-9.943741],[-67.848106,-9.943729],[-67.848102,-9.943717],[-67.848095,-9.9437],[-67.848087,-9.94368],[-67.848079,-9.943661],[-67.848066,-9.943633],[-67.848052,-9.943607],[-67.848037,-9.943582],[-67.848027,-9.943568],[-67.848016,-9.943552],[-67.848003,-9.943534],[-67.847985,-9.943511],[-67.847969,-9.943495],[-67.847963,-9.943489],[-67.847942,-9.943467],[-67.847929,-9.943455],[-67.847912,-9.943439],[-67.847882,-9.943417],[-67.847879,-9.943414],[-67.847864,-9.943401],[-67.847856,-9.943389],[-67.847837,-9.94336],[-67.847835,-9.943356],[-67.84781,-9.943325],[-67.847803,-9.943316],[-67.84779,-9.943287],[-67.847772,-9.943252],[-67.847753,-9.943222],[-67.847737,-9.943199],[-67.84771,-9.943164],[-67.847684,-9.943136],[-67.847659,-9.943114],[-67.847656,-9.943111],[-67.847632,-9.943089],[-67.847627,-9.943085],[-67.84762,-9.94308],[-67.847589,-9.943054],[-67.84756,-9.943034],[-67.84753,-9.943015],[-67.847503,-9.943],[-67.847493,-9.942996],[-67.847485,-9.942989],[-67.847455,-9.942966],[-67.847423,-9.942945],[-67.847385,-9.942923],[-67.847382,-9.942922],[-67.847347,-9.942903],[-67.84731,-9.942888],[-67.847304,-9.942886],[-67.847254,-9.942869],[-67.84725,-9.942867],[-67.847239,-9.94286],[-67.847203,-9.942842],[-67.847167,-9.942827],[-67.847139,-9.942818],[-67.847086,-9.942802],[-67.84704,-9.942792],[-67.847015,-9.942787],[-67.847012,-9.942787],[-67.846974,-9.942782],[-67.846934,-9.94278],[-67.84693,-9.94278],[-67.84691,-9.94278],[-67.846869,-9.942782],[-67.84683,-9.942787],[-67.846791,-9.942795],[-67.846753,-9.942807],[-67.846746,-9.94281],[-67.846696,-9.942829],[-67.846689,-9.94283],[-67.846636,-9.942846],[-67.846599,-9.942861],[-67.846564,-9.942879],[-67.846532,-9.942899],[-67.846488,-9.942929],[-67.846484,-9.942932],[-67.846453,-9.942954],[-67.846423,-9.942977],[-67.846394,-9.943003],[-67.846367,-9.943032],[-67.846346,-9.94306],[-67.846331,-9.943081],[-67.846327,-9.943088],[-67.84632,-9.943099],[-67.84631,-9.943114],[-67.846298,-9.943136],[-67.846283,-9.943167],[-67.846261,-9.943216],[-67.846253,-9.943241],[-67.846241,-9.943278],[-67.846229,-9.943329],[-67.846226,-9.943356],[-67.846224,-9.943368],[-67.846218,-9.943395],[-67.846213,-9.943434],[-67.846211,-9.943473],[-67.846212,-9.943492],[-67.846208,-9.943506],[-67.846201,-9.943536],[-67.846192,-9.943557],[-67.84618,-9.943595],[-67.846171,-9.943634],[-67.846171,-9.943636],[-67.84617,-9.94364],[-67.846161,-9.943688],[-67.846159,-9.943695],[-67.846154,-9.943734],[-67.846152,-9.943773],[-67.846152,-9.94378],[-67.846152,-9.943787],[-67.846154,-9.943823],[-67.846159,-9.943859],[-67.846159,-9.943865],[-67.846164,-9.943895],[-67.846164,-9.943897],[-67.846165,-9.943928],[-67.846171,-9.943967],[-67.846173,-9.94398],[-67.846176,-9.943993],[-67.846178,-9.944017],[-67.846182,-9.944048],[-67.846191,-9.944087],[-67.846196,-9.944103],[-67.8462,-9.944112],[-67.846203,-9.944125],[-67.846216,-9.944162],[-67.846221,-9.944179],[-67.846242,-9.944227],[-67.846245,-9.944232],[-67.846258,-9.944256],[-67.846263,-9.944272],[-67.846279,-9.944309],[-67.846297,-9.944344],[-67.846318,-9.944377],[-67.846343,-9.944408],[-67.846353,-9.94442],[-67.846373,-9.944443],[-67.846376,-9.944447],[-67.846396,-9.944487],[-67.846405,-9.944503],[-67.846427,-9.944537],[-67.846451,-9.944568],[-67.846455,-9.944572],[-67.846463,-9.944589],[-67.846477,-9.944617],[-67.84649,-9.944637],[-67.846467,-9.944658],[-67.846419,-9.944705],[-67.84639,-9.944736],[-67.846374,-9.944757],[-67.846329,-9.944786],[-67.846313,-9.944793],[-67.84628,-9.94481],[-67.846247,-9.944832],[-67.846238,-9.944838],[-67.846235,-9.94484],[-67.846178,-9.944867],[-67.846125,-9.944892],[-67.846091,-9.94491],[-67.846051,-9.944935],[-67.846024,-9.944955],[-67.84601,-9.944963],[-67.845979,-9.944987],[-67.845961,-9.945003],[-67.845911,-9.945049],[-67.845873,-9.94509],[-67.845851,-9.945104],[-67.845836,-9.945115],[-67.845805,-9.945125],[-67.845792,-9.94513],[-67.84576,-9.945143],[-67.845729,-9.945158],[-67.845718,-9.945164],[-67.845695,-9.945169],[-67.845657,-9.945181],[-67.845651,-9.945183],[-67.845583,-9.945209],[-67.845544,-9.945213],[-67.845505,-9.945222],[-67.845467,-9.945234],[-67.845442,-9.945244],[-67.845396,-9.945263],[-67.845385,-9.945268],[-67.84535,-9.945285],[-67.845315,-9.945303],[-67.845287,-9.94532],[-67.84526,-9.945339],[-67.845233,-9.945361],[-67.845228,-9.945364],[-67.845195,-9.945373],[-67.845162,-9.945383],[-67.845143,-9.945389],[-67.845123,-9.945397],[-67.845088,-9.945412],[-67.845062,-9.945424],[-67.845045,-9.945433],[-67.845036,-9.945439],[-67.845022,-9.945447],[-67.845012,-9.945452],[-67.845008,-9.945454],[-67.845005,-9.945456],[-67.844982,-9.945462],[-67.844976,-9.945465],[-67.844961,-9.945471],[-67.844931,-9.94548],[-67.844908,-9.945488],[-67.844899,-9.945489],[-67.844874,-9.945493],[-67.844853,-9.945497],[-67.844825,-9.945503],[-67.844797,-9.94551],[-67.844769,-9.945519],[-67.844718,-9.945541],[-67.844661,-9.94557],[-67.844639,-9.945582],[-67.844606,-9.945603],[-67.844574,-9.945627],[-67.84455,-9.945649],[-67.844527,-9.945672],[-67.844501,-9.945701],[-67.844492,-9.945712],[-67.844468,-9.945743],[-67.844446,-9.945776],[-67.844423,-9.945822],[-67.844407,-9.945858],[-67.844397,-9.945884],[-67.844387,-9.945912],[-67.844384,-9.945924],[-67.844373,-9.945972],[-67.844372,-9.945982],[-67.844367,-9.94601],[-67.844367,-9.946014],[-67.844362,-9.94605],[-67.844361,-9.946085],[-67.844361,-9.94609],[-67.844361,-9.946102],[-67.84436,-9.946137],[-67.84436,-9.946144],[-67.844361,-9.946154],[-67.844362,-9.946173],[-67.844362,-9.946182],[-67.844363,-9.946188],[-67.844364,-9.946213],[-67.844369,-9.946252],[-67.844373,-9.946271],[-67.844374,-9.946278],[-67.844382,-9.946314],[-67.844391,-9.946347],[-67.844403,-9.946387],[-67.844424,-9.946434],[-67.844428,-9.946441],[-67.84444,-9.946465],[-67.844462,-9.946498],[-67.844486,-9.94653],[-67.844505,-9.94655],[-67.844513,-9.946559],[-67.844517,-9.946562],[-67.844527,-9.946574],[-67.844539,-9.946586],[-67.844544,-9.946592],[-67.844558,-9.946604],[-67.844577,-9.946624],[-67.844613,-9.946657],[-67.844654,-9.946687],[-67.844659,-9.946691],[-67.844668,-9.946697],[-67.844701,-9.946718],[-67.844717,-9.946727],[-67.844752,-9.946745],[-67.844789,-9.94676],[-67.844829,-9.946773],[-67.844892,-9.946789],[-67.844961,-9.946813],[-67.845022,-9.946838],[-67.845043,-9.946846],[-67.845071,-9.946855],[-67.845101,-9.946863],[-67.845105,-9.946864],[-67.845126,-9.946874],[-67.845154,-9.946885],[-67.845161,-9.946887],[-67.845165,-9.946889],[-67.845122,-9.946951],[-67.845104,-9.94698],[-67.845084,-9.946967],[-67.845054,-9.946952],[-67.845042,-9.946941],[-67.845025,-9.946926],[-67.844994,-9.946902],[-67.84496,-9.946881],[-67.844956,-9.946878],[-67.844922,-9.946859],[-67.844878,-9.946838],[-67.844863,-9.946831],[-67.844839,-9.946822],[-67.844794,-9.946808],[-67.844786,-9.946806],[-67.844754,-9.946799],[-67.844715,-9.946794],[-67.844676,-9.946793],[-67.844624,-9.946792],[-67.844588,-9.946794],[-67.844527,-9.946799],[-67.844509,-9.946799],[-67.844477,-9.9468],[-67.844453,-9.946802],[-67.844423,-9.9468],[-67.844383,-9.946802],[-67.844364,-9.946805],[-67.844333,-9.946802],[-67.84432,-9.946802],[-67.844176,-9.946796],[-67.844157,-9.946795],[-67.844119,-9.946797],[-67.844054,-9.946802],[-67.844003,-9.946806],[-67.843961,-9.94681],[-67.843938,-9.946814],[-67.843932,-9.946815],[-67.843898,-9.946822],[-67.843814,-9.946844],[-67.843787,-9.946848],[-67.843778,-9.946849],[-67.843739,-9.946858],[-67.843702,-9.94687],[-67.843659,-9.946888],[-67.843646,-9.946894],[-67.843607,-9.946893],[-67.843568,-9.946895],[-67.843541,-9.946882],[-67.843511,-9.94687],[-67.843478,-9.94686],[-67.843469,-9.946857],[-67.843455,-9.946853],[-67.843423,-9.946844],[-67.84339,-9.946837],[-67.843351,-9.946832],[-67.843312,-9.94683],[-67.843259,-9.94683],[-67.843218,-9.946831],[-67.843179,-9.946837],[-67.84314,-9.946845],[-67.843102,-9.946857],[-67.843095,-9.94686],[-67.843055,-9.946875],[-67.843022,-9.946889],[-67.84299,-9.946905],[-67.842942,-9.946937],[-67.842914,-9.946959],[-67.842896,-9.946972],[-67.842867,-9.946999],[-67.84284,-9.947028],[-67.842816,-9.947059],[-67.842795,-9.947092],[-67.842776,-9.947127],[-67.842761,-9.947164],[-67.842749,-9.947201],[-67.84274,-9.94724],[-67.84274,-9.947243],[-67.842733,-9.947282],[-67.842728,-9.947319],[-67.842727,-9.947358],[-67.842729,-9.947397],[-67.842734,-9.947436],[-67.842736,-9.947446],[-67.842736,-9.947449],[-67.842739,-9.947465],[-67.842743,-9.947491],[-67.842745,-9.947501],[-67.842746,-9.947507],[-67.842754,-9.947552],[-67.842763,-9.947588],[-67.842774,-9.947623],[-67.842789,-9.947659],[-67.842807,-9.947694],[-67.842829,-9.947728],[-67.842834,-9.947733],[-67.842837,-9.947737],[-67.842807,-9.947744],[-67.842777,-9.947751],[-67.842747,-9.947761],[-67.84271,-9.947776],[-67.842675,-9.947794],[-67.842641,-9.947815],[-67.842609,-9.94784],[-67.842581,-9.947864],[-67.842552,-9.94789],[-67.842526,-9.947918],[-67.842502,-9.947949],[-67.84248,-9.947983],[-67.842469,-9.948004],[-67.842455,-9.948031],[-67.842433,-9.948081],[-67.842421,-9.948118],[-67.842413,-9.948157],[-67.842409,-9.94818],[-67.842403,-9.948228],[-67.8424,-9.94826],[-67.842396,-9.948341],[-67.842396,-9.948364],[-67.842397,-9.948393],[-67.8424,-9.948423],[-67.842403,-9.948451],[-67.842406,-9.948471],[-67.842415,-9.948509],[-67.842427,-9.948547],[-67.842443,-9.948586],[-67.842461,-9.948622],[-67.84247,-9.94864],[-67.842487,-9.948673],[-67.842495,-9.948687],[-67.842517,-9.948721],[-67.842541,-9.948752],[-67.842538,-9.948758],[-67.842517,-9.94879],[-67.842511,-9.948801],[-67.842505,-9.948806],[-67.842497,-9.94881],[-67.842494,-9.948812],[-67.84246,-9.948833],[-67.842429,-9.948857],[-67.842411,-9.948872],[-67.84238,-9.948902],[-67.842341,-9.948942],[-67.842325,-9.948963],[-67.84231,-9.948952],[-67.842284,-9.948935],[-67.842272,-9.948923],[-67.84224,-9.948895],[-67.842232,-9.948888],[-67.8422,-9.948864],[-67.842167,-9.948843],[-67.842143,-9.94883],[-67.842116,-9.948817],[-67.842069,-9.948797],[-67.842031,-9.948785],[-67.841992,-9.948776],[-67.841984,-9.948775],[-67.841981,-9.948775],[-67.841958,-9.948768],[-67.84193,-9.94876],[-67.841902,-9.948754],[-67.841863,-9.948749],[-67.841823,-9.948747],[-67.841793,-9.948748],[-67.841763,-9.948751],[-67.841722,-9.948757],[-67.841703,-9.94876],[-67.841664,-9.948768],[-67.841634,-9.948777],[-67.841612,-9.948777],[-67.841571,-9.948779],[-67.841532,-9.948784],[-67.841489,-9.948793],[-67.841437,-9.948808],[-67.841402,-9.948819],[-67.841372,-9.948831],[-67.841335,-9.948847],[-67.841294,-9.948868],[-67.841285,-9.948873],[-67.841242,-9.948899],[-67.841213,-9.948918],[-67.841177,-9.948944],[-67.84115,-9.948965],[-67.841138,-9.948976],[-67.8411,-9.94901],[-67.841077,-9.949031],[-67.841056,-9.949055],[-67.841032,-9.949086],[-67.84101,-9.949119],[-67.840992,-9.949154],[-67.840977,-9.949191],[-67.840965,-9.949228],[-67.840956,-9.949267],[-67.840955,-9.949274],[-67.840954,-9.949284],[-67.840952,-9.949305],[-67.84095,-9.949322],[-67.840949,-9.949344],[-67.840949,-9.949349],[-67.840947,-9.94936],[-67.840949,-9.949402],[-67.840953,-9.949436],[-67.840957,-9.949468],[-67.840958,-9.949477],[-67.840959,-9.949482],[-67.840962,-9.949496],[-67.840968,-9.949527],[-67.840976,-9.949558],[-67.840978,-9.949563],[-67.840979,-9.949603],[-67.840985,-9.949642],[-67.840993,-9.949681],[-67.841005,-9.949718],[-67.841026,-9.949766],[-67.841029,-9.949772],[-67.841036,-9.949784],[-67.841038,-9.949789],[-67.841042,-9.949797],[-67.841049,-9.949814],[-67.841049,-9.949823],[-67.841049,-9.949827],[-67.841048,-9.949832],[-67.841045,-9.949885],[-67.841047,-9.949924],[-67.841052,-9.949963],[-67.841061,-9.950002],[-67.841065,-9.950015],[-67.84107,-9.950028],[-67.84107,-9.950031],[-67.841072,-9.95004],[-67.841073,-9.950057],[-67.841076,-9.950078],[-67.841077,-9.950083],[-67.841082,-9.950106],[-67.841084,-9.950146],[-67.841087,-9.95017],[-67.841094,-9.950234],[-67.841096,-9.950251],[-67.841091,-9.950286],[-67.841088,-9.950315],[-67.841087,-9.950344],[-67.841089,-9.950378],[-67.841092,-9.950412],[-67.841095,-9.950427],[-67.841096,-9.950464],[-67.841096,-9.950474],[-67.841098,-9.950525],[-67.841083,-9.950538],[-67.841056,-9.950563],[-67.841052,-9.950568],[-67.841019,-9.950586],[-67.841013,-9.950589],[-67.840977,-9.950612],[-67.840953,-9.950629],[-67.840943,-9.950632],[-67.840923,-9.950637],[-67.840897,-9.95063],[-67.840864,-9.950623],[-67.840838,-9.950619],[-67.8408,-9.950601],[-67.840765,-9.950587],[-67.840749,-9.950581],[-67.840719,-9.950571],[-67.84069,-9.950564],[-67.840645,-9.950554],[-67.840642,-9.950551],[-67.840613,-9.950525],[-67.840572,-9.950495],[-67.840549,-9.950479],[-67.840524,-9.950464],[-67.840489,-9.950446],[-67.840452,-9.950431],[-67.840435,-9.950425],[-67.840406,-9.950416],[-67.840396,-9.950413],[-67.840374,-9.950406],[-67.840324,-9.950395],[-67.840285,-9.950389],[-67.840245,-9.950388],[-67.840206,-9.950389],[-67.840175,-9.950394],[-67.840166,-9.950394],[-67.84012,-9.950392],[-67.840106,-9.950392],[-67.840066,-9.950394],[-67.840027,-9.950399],[-67.840005,-9.950403],[-67.840005,-9.950383],[-67.840003,-9.950353],[-67.839999,-9.950323],[-67.839992,-9.950277],[-67.839991,-9.950268],[-67.839978,-9.950217],[-67.839976,-9.95021],[-67.839973,-9.950195],[-67.839969,-9.950166],[-67.839966,-9.950146],[-67.839958,-9.950108],[-67.839946,-9.95007],[-67.839944,-9.950066],[-67.839939,-9.950044],[-67.839929,-9.950013],[-67.839914,-9.949978],[-67.839906,-9.949961],[-67.839895,-9.949929],[-67.839893,-9.949924],[-67.839878,-9.949887],[-67.839859,-9.949852],[-67.839849,-9.949836],[-67.839839,-9.949819],[-67.839828,-9.9498],[-67.839819,-9.949777],[-67.839806,-9.94975],[-67.839792,-9.949723],[-67.839762,-9.949678],[-67.839755,-9.949669],[-67.839747,-9.949655],[-67.839743,-9.949648],[-67.839716,-9.949608],[-67.839713,-9.949602],[-67.839706,-9.94959],[-67.839702,-9.949581],[-67.839686,-9.949556],[-67.839668,-9.949531],[-67.839639,-9.949494],[-67.839627,-9.949479],[-67.839592,-9.949442],[-67.839563,-9.949415],[-67.839542,-9.949397],[-67.839523,-9.949381],[-67.839488,-9.949356],[-67.839442,-9.949326],[-67.83942,-9.949313],[-67.839385,-9.949295],[-67.839348,-9.94928],[-67.839318,-9.94927],[-67.839295,-9.949264],[-67.839287,-9.949261],[-67.839278,-9.949257],[-67.83924,-9.949245],[-67.839201,-9.949237],[-67.83915,-9.949231],[-67.839124,-9.949229],[-67.839115,-9.949229],[-67.839099,-9.949228],[-67.839076,-9.949225],[-67.839035,-9.949221],[-67.838968,-9.949218],[-67.838947,-9.949217],[-67.83892,-9.949217],[-67.838885,-9.949216],[-67.838869,-9.949216],[-67.838836,-9.949216],[-67.838796,-9.949217],[-67.838756,-9.949222],[-67.838718,-9.949231],[-67.83868,-9.949243],[-67.838671,-9.949246],[-67.838628,-9.949263],[-67.838596,-9.949276],[-67.838565,-9.949293],[-67.838531,-9.949314],[-67.8385,-9.949338],[-67.838486,-9.949349],[-67.83845,-9.949382],[-67.838427,-9.949404],[-67.838406,-9.949427],[-67.838378,-9.949464],[-67.838368,-9.949478],[-67.838352,-9.949499],[-67.838333,-9.949525],[-67.838316,-9.949551],[-67.838294,-9.949594],[-67.838284,-9.949618],[-67.838272,-9.949647],[-67.83826,-9.949685],[-67.838251,-9.949723],[-67.838246,-9.949762],[-67.838245,-9.949779],[-67.838245,-9.949787],[-67.838244,-9.949796],[-67.838243,-9.949809],[-67.838242,-9.949822],[-67.83824,-9.949825],[-67.838236,-9.949849],[-67.838232,-9.94986],[-67.83822,-9.949897],[-67.838211,-9.949936],[-67.838206,-9.949974],[-67.838204,-9.950013],[-67.838204,-9.950026],[-67.838204,-9.950039],[-67.838173,-9.950043],[-67.838162,-9.950045],[-67.838118,-9.950054],[-67.83811,-9.950055],[-67.838104,-9.950055],[-67.838094,-9.950055],[-67.838087,-9.950055],[-67.838055,-9.95005],[-67.838027,-9.950049],[-67.837997,-9.950042],[-67.837958,-9.950037],[-67.837908,-9.950009],[-67.837881,-9.949996],[-67.837853,-9.949984],[-67.837842,-9.94998],[-67.83782,-9.94997],[-67.837804,-9.949963],[-67.837793,-9.949958],[-67.837774,-9.949948],[-67.837743,-9.949933],[-67.837711,-9.94992],[-67.837678,-9.949909],[-67.837675,-9.949908],[-67.837668,-9.949904],[-67.837639,-9.949888],[-67.837605,-9.94987],[-67.837584,-9.949861],[-67.837576,-9.949856],[-67.837551,-9.94984],[-67.837523,-9.949825],[-67.837509,-9.949808],[-67.837499,-9.949797],[-67.837503,-9.949786],[-67.837511,-9.94975],[-67.837521,-9.949698],[-67.837527,-9.949672],[-67.837534,-9.949661],[-67.837553,-9.949626],[-67.837568,-9.949589],[-67.837577,-9.949562],[-67.837584,-9.949535],[-67.837594,-9.94949],[-67.837597,-9.949483],[-67.837598,-9.949477],[-67.8376,-9.949471],[-67.837602,-9.949468],[-67.83762,-9.949433],[-67.837635,-9.949397],[-67.837639,-9.949387],[-67.837652,-9.949346],[-67.837655,-9.94934],[-67.837665,-9.949307],[-67.837672,-9.949274],[-67.837676,-9.949252],[-67.837686,-9.949232],[-67.8377,-9.949197],[-67.837713,-9.949181],[-67.837734,-9.949148],[-67.837746,-9.949126],[-67.837757,-9.949104],[-67.837769,-9.949078],[-67.837779,-9.949054],[-67.83779,-9.949028],[-67.837794,-9.949019],[-67.837796,-9.949013],[-67.837805,-9.948981],[-67.837808,-9.948971],[-67.837811,-9.948962],[-67.837823,-9.948924],[-67.837832,-9.948886],[-67.837836,-9.94886],[-67.837842,-9.948836],[-67.837849,-9.948803],[-67.837853,-9.948772],[-67.837857,-9.948758],[-67.837866,-9.94872],[-67.83787,-9.948692],[-67.837876,-9.948643],[-67.837879,-9.948592],[-67.837879,-9.948584],[-67.837883,-9.948557],[-67.837887,-9.948523],[-67.837888,-9.948488],[-67.837887,-9.948451],[-67.837883,-9.948407],[-67.837878,-9.948365],[-67.837876,-9.948355],[-67.837869,-9.948319],[-67.83786,-9.948285],[-67.83785,-9.948252],[-67.837843,-9.948236],[-67.837827,-9.948195],[-67.837819,-9.948177],[-67.837812,-9.948163],[-67.837802,-9.948137],[-67.837789,-9.948108],[-67.837773,-9.948079],[-67.837752,-9.948046],[-67.837727,-9.948013],[-67.837719,-9.947998],[-67.837702,-9.947969],[-67.837689,-9.947944],[-67.837682,-9.947931],[-67.837677,-9.947923],[-67.837668,-9.947903],[-67.83765,-9.947868],[-67.837637,-9.947847],[-67.837609,-9.947805],[-67.837584,-9.947771],[-67.837572,-9.947748],[-67.837558,-9.947726],[-67.837557,-9.947723],[-67.837545,-9.947695],[-67.837532,-9.947667],[-67.837513,-9.947632],[-67.837505,-9.947617],[-67.837483,-9.947583],[-67.837473,-9.94757],[-67.837472,-9.947563],[-67.837467,-9.947524],[-67.837459,-9.947486],[-67.837447,-9.947448],[-67.83744,-9.947432],[-67.83743,-9.947406],[-67.837425,-9.947385],[-67.83741,-9.947336],[-67.837394,-9.947299],[-67.837376,-9.947264],[-67.83736,-9.947239],[-67.837347,-9.94722],[-67.837337,-9.947201],[-67.837332,-9.947192],[-67.837327,-9.947172],[-67.837318,-9.947143],[-67.837303,-9.947107],[-67.837284,-9.947072],[-67.837263,-9.947038],[-67.837239,-9.947007],[-67.837212,-9.946978],[-67.83717,-9.946937],[-67.837162,-9.946929],[-67.837124,-9.946893],[-67.837102,-9.94687],[-67.837062,-9.946832],[-67.83703,-9.946808],[-67.837015,-9.946792],[-67.836985,-9.946765],[-67.836954,-9.946741],[-67.836924,-9.946715],[-67.836896,-9.946693],[-67.836865,-9.946674],[-67.836832,-9.946654],[-67.836826,-9.94665],[-67.836785,-9.946626],[-67.836749,-9.946608],[-67.836732,-9.9466],[-67.836731,-9.946578],[-67.836731,-9.946529],[-67.836731,-9.94652],[-67.836731,-9.946515],[-67.836739,-9.946488],[-67.836747,-9.946454],[-67.836753,-9.946403],[-67.836755,-9.946366],[-67.836756,-9.94634],[-67.836756,-9.946332],[-67.83677,-9.946277],[-67.836776,-9.946246],[-67.836799,-9.94623],[-67.836826,-9.946211],[-67.836838,-9.946202],[-67.836853,-9.94619],[-67.836866,-9.946178],[-67.83688,-9.94617],[-67.836899,-9.946159],[-67.83693,-9.946139],[-67.836937,-9.946134],[-67.83697,-9.946139],[-67.837002,-9.946142],[-67.837029,-9.946144],[-67.837065,-9.946146],[-67.8371,-9.946144],[-67.837136,-9.94614],[-67.837199,-9.94613],[-67.837207,-9.946129],[-67.837246,-9.946121],[-67.837284,-9.946109],[-67.837321,-9.946094],[-67.837356,-9.946075],[-67.837365,-9.94607],[-67.837408,-9.946044],[-67.83744,-9.946027],[-67.83745,-9.946021],[-67.837484,-9.946],[-67.837515,-9.945976],[-67.837543,-9.945951],[-67.837547,-9.945947],[-67.837571,-9.945923],[-67.8376,-9.945892],[-67.837623,-9.945863],[-67.837637,-9.945843],[-67.83766,-9.945808],[-67.837685,-9.945757],[-67.837695,-9.945733],[-67.837704,-9.945712],[-67.837712,-9.945689],[-67.837718,-9.945669],[-67.837731,-9.945616],[-67.837736,-9.945577],[-67.837737,-9.945537],[-67.837738,-9.945502],[-67.837738,-9.945479],[-67.837737,-9.945448],[-67.837735,-9.945419],[-67.837729,-9.945372],[-67.837722,-9.945342],[-67.83772,-9.945333],[-67.837714,-9.945309],[-67.8377,-9.945264],[-67.837687,-9.945233],[-67.837672,-9.945203],[-67.837646,-9.945155],[-67.83764,-9.945144],[-67.837619,-9.945111],[-67.837594,-9.94508],[-67.837573,-9.945055],[-67.837557,-9.945041],[-67.837546,-9.945024],[-67.837527,-9.945001],[-67.8375,-9.944972],[-67.837471,-9.944945],[-67.837439,-9.944921],[-67.837413,-9.944904],[-67.837394,-9.94488],[-67.837357,-9.944835],[-67.837311,-9.944767],[-67.837281,-9.944727],[-67.83726,-9.944704],[-67.837228,-9.944671],[-67.837209,-9.944652],[-67.837172,-9.944618],[-67.837114,-9.944565],[-67.837097,-9.94455],[-67.837075,-9.944533],[-67.837062,-9.944516],[-67.837049,-9.9445],[-67.837032,-9.944481],[-67.837019,-9.944467],[-67.837016,-9.944464],[-67.837012,-9.944458],[-67.836998,-9.94444],[-67.836971,-9.944411],[-67.836942,-9.944384],[-67.836911,-9.94436],[-67.836877,-9.944339],[-67.83685,-9.944325],[-67.836822,-9.944312],[-67.836817,-9.94431],[-67.836805,-9.944302],[-67.836772,-9.944281],[-67.836765,-9.944277],[-67.836741,-9.944263],[-67.836711,-9.944248],[-67.83668,-9.944236],[-67.83667,-9.944232],[-67.836659,-9.944226],[-67.836621,-9.94421],[-67.83659,-9.944198],[-67.83658,-9.944194],[-67.836568,-9.94419],[-67.836536,-9.944179],[-67.836528,-9.944177],[-67.836485,-9.944163],[-67.836456,-9.944155],[-67.836428,-9.944149],[-67.83638,-9.944144],[-67.836351,-9.944143],[-67.836337,-9.944141],[-67.836327,-9.944138],[-67.836288,-9.944133],[-67.836249,-9.944131],[-67.836222,-9.944131],[-67.836182,-9.944132],[-67.836154,-9.944136],[-67.836147,-9.944135],[-67.836127,-9.944133],[-67.83612,-9.944132],[-67.836091,-9.944123],[-67.836053,-9.944114],[-67.836039,-9.944105],[-67.836005,-9.944083],[-67.835969,-9.944064],[-67.835933,-9.944049],[-67.835905,-9.94404],[-67.835869,-9.94403],[-67.835865,-9.944028],[-67.835821,-9.943997],[-67.835789,-9.943977],[-67.835754,-9.943959],[-67.835746,-9.943955],[-67.835742,-9.943952],[-67.835709,-9.943927],[-67.835651,-9.943886],[-67.835618,-9.943866],[-67.835604,-9.943858],[-67.835586,-9.943845],[-67.835546,-9.943816],[-67.835516,-9.943798],[-67.835496,-9.94377],[-67.835473,-9.94374],[-67.835458,-9.943721],[-67.835433,-9.943693],[-67.835405,-9.943668],[-67.835387,-9.943653],[-67.83536,-9.943624],[-67.835334,-9.943597],[-67.835293,-9.943558],[-67.835262,-9.943534],[-67.835259,-9.943533],[-67.835254,-9.943526],[-67.835227,-9.943496],[-67.835197,-9.94347],[-67.835166,-9.943446],[-67.835139,-9.943429],[-67.835113,-9.943395],[-67.835102,-9.943382],[-67.835061,-9.943338],[-67.835059,-9.943335],[-67.835045,-9.94332],[-67.835033,-9.943303],[-67.835007,-9.94327],[-67.834981,-9.943241],[-67.834951,-9.943214],[-67.83492,-9.94319],[-67.834886,-9.943169],[-67.834882,-9.943166],[-67.834876,-9.943161],[-67.834848,-9.943135],[-67.834816,-9.943111],[-67.834783,-9.94309],[-67.834758,-9.943077],[-67.834718,-9.943057],[-67.83467,-9.943036],[-67.834632,-9.943024],[-67.834594,-9.943016],[-67.83459,-9.943015],[-67.83453,-9.943005],[-67.834493,-9.943001],[-67.834455,-9.942999],[-67.834368,-9.942999],[-67.834328,-9.942999],[-67.834274,-9.942996],[-67.834202,-9.94299],[-67.834163,-9.942988],[-67.834123,-9.94299],[-67.834084,-9.942995],[-67.834045,-9.943004],[-67.834007,-9.943016],[-67.833943,-9.943039],[-67.833928,-9.943045],[-67.833904,-9.943054],[-67.833868,-9.943062],[-67.833816,-9.943078],[-67.833787,-9.94309],[-67.833758,-9.943104],[-67.83372,-9.943123],[-67.833691,-9.943138],[-67.833679,-9.943141],[-67.833638,-9.943153],[-67.833601,-9.943169],[-67.833538,-9.943198],[-67.833529,-9.943202],[-67.833482,-9.943225],[-67.833456,-9.943239],[-67.833429,-9.943255],[-67.833404,-9.943274],[-67.833357,-9.94331],[-67.833346,-9.943319],[-67.833261,-9.943389],[-67.833251,-9.943397],[-67.833217,-9.943427],[-67.833181,-9.943449],[-67.833172,-9.943454],[-67.833095,-9.943504],[-67.833068,-9.943522],[-67.832984,-9.943585],[-67.832964,-9.9436],[-67.832955,-9.943599],[-67.832929,-9.943596],[-67.832864,-9.94359],[-67.832861,-9.943589],[-67.832815,-9.943585],[-67.832803,-9.943584],[-67.832737,-9.94358],[-67.832709,-9.943579],[-67.832669,-9.943581],[-67.832625,-9.943585],[-67.832585,-9.94359],[-67.832547,-9.943599],[-67.832509,-9.943611],[-67.832472,-9.943626],[-67.832449,-9.943637],[-67.832434,-9.943642],[-67.832398,-9.943657],[-67.832362,-9.943675],[-67.832329,-9.943696],[-67.832297,-9.94372],[-67.83227,-9.943745],[-67.832255,-9.943759],[-67.832234,-9.943775],[-67.832207,-9.943795],[-67.832178,-9.943822],[-67.832151,-9.943851],[-67.832127,-9.943882],[-67.832105,-9.943916],[-67.832087,-9.943951],[-67.832072,-9.943987],[-67.832058,-9.94403],[-67.83205,-9.944064],[-67.832043,-9.944097],[-67.832037,-9.944135],[-67.832036,-9.944174],[-67.832036,-9.944177],[-67.832036,-9.944197],[-67.832036,-9.944199],[-67.832035,-9.944237],[-67.832034,-9.944247],[-67.832033,-9.944252],[-67.832021,-9.944276],[-67.832005,-9.944313],[-67.831993,-9.94435],[-67.831985,-9.944389],[-67.83198,-9.944427],[-67.83198,-9.944432],[-67.831978,-9.944458],[-67.831868,-9.944479],[-67.831836,-9.944486],[-67.831743,-9.944512],[-67.831739,-9.944513],[-67.83171,-9.944521],[-67.831654,-9.944526],[-67.831619,-9.944531],[-67.831585,-9.944538],[-67.831511,-9.944557],[-67.831468,-9.94457],[-67.831462,-9.944572],[-67.831378,-9.944604],[-67.831329,-9.944626],[-67.831282,-9.94465],[-67.831237,-9.944671],[-67.831197,-9.944658],[-67.831156,-9.944644],[-67.831142,-9.944639],[-67.831125,-9.944634],[-67.831104,-9.944614],[-67.831084,-9.944596],[-67.831072,-9.944587],[-67.831148,-9.944483],[-67.831173,-9.944444],[-67.831195,-9.944401],[-67.831215,-9.944356],[-67.831227,-9.944328],[-67.831238,-9.944291],[-67.831247,-9.944252],[-67.831253,-9.94421],[-67.831254,-9.944188],[-67.831267,-9.944153],[-67.831271,-9.94414],[-67.831299,-9.944093],[-67.831303,-9.944088],[-67.831321,-9.944053],[-67.831336,-9.944016],[-67.831341,-9.944],[-67.831345,-9.943993],[-67.831369,-9.943945],[-67.831392,-9.943892],[-67.831401,-9.943869],[-67.831415,-9.943823],[-67.831438,-9.943732],[-67.831445,-9.943702],[-67.831447,-9.943685],[-67.831453,-9.943643],[-67.831454,-9.943636],[-67.83146,-9.943589],[-67.831463,-9.943535],[-67.831462,-9.943513],[-67.83146,-9.943458],[-67.831458,-9.943437],[-67.831453,-9.943379],[-67.831448,-9.943343],[-67.831442,-9.943317],[-67.831429,-9.943259],[-67.831413,-9.943208],[-67.831404,-9.943185],[-67.83137,-9.943107],[-67.831346,-9.943059],[-67.831328,-9.94303],[-67.831307,-9.943003],[-67.831283,-9.942972],[-67.831252,-9.942929],[-67.831228,-9.942898],[-67.831201,-9.942869],[-67.831172,-9.942842],[-67.83114,-9.942818],[-67.831106,-9.942797],[-67.831102,-9.942794],[-67.831057,-9.942769],[-67.831026,-9.942753],[-67.830984,-9.942734],[-67.830955,-9.942722],[-67.830887,-9.942696],[-67.830844,-9.942678],[-67.830826,-9.942671],[-67.830789,-9.94266],[-67.83075,-9.942651],[-67.830711,-9.942646],[-67.830672,-9.942644],[-67.830584,-9.942644],[-67.830514,-9.942644],[-67.830477,-9.942645],[-67.830409,-9.942651],[-67.830366,-9.942656],[-67.830327,-9.942665],[-67.83029,-9.942676],[-67.830261,-9.942688],[-67.830179,-9.942724],[-67.830136,-9.942746],[-67.830102,-9.942767],[-67.830071,-9.942791],[-67.830063,-9.942797],[-67.830036,-9.942821],[-67.830007,-9.94284],[-67.829965,-9.942864],[-67.82993,-9.942885],[-67.829899,-9.942909],[-67.82987,-9.942936],[-67.829843,-9.942965],[-67.829817,-9.942998],[-67.829812,-9.943005],[-67.829804,-9.943013],[-67.829778,-9.943037],[-67.829755,-9.943062],[-67.829734,-9.943089],[-67.829715,-9.943118],[-67.829681,-9.943173],[-67.829676,-9.943182],[-67.829657,-9.943217],[-67.829642,-9.943253],[-67.829622,-9.943309],[-67.82961,-9.943346],[-67.829601,-9.943385],[-67.829596,-9.943424],[-67.829594,-9.943463],[-67.829596,-9.943503],[-67.829601,-9.943542],[-67.829604,-9.943553],[-67.8296,-9.943554],[-67.829567,-9.943562],[-67.829534,-9.943572],[-67.829497,-9.943587],[-67.829462,-9.943605],[-67.829429,-9.943626],[-67.829397,-9.94365],[-67.829369,-9.943676],[-67.829343,-9.943704],[-67.829303,-9.94375],[-67.829301,-9.943752],[-67.829277,-9.943784],[-67.829256,-9.943817],[-67.829232,-9.943863],[-67.829225,-9.943868],[-67.8292,-9.943873],[-67.829176,-9.943875],[-67.829132,-9.94388],[-67.829104,-9.943886],[-67.829067,-9.943895],[-67.829018,-9.94391],[-67.829011,-9.943912],[-67.829004,-9.943912],[-67.828985,-9.94391],[-67.828946,-9.943904],[-67.828913,-9.9439],[-67.828879,-9.943899],[-67.82882,-9.943899],[-67.828803,-9.943899],[-67.828739,-9.943902],[-67.828725,-9.943902],[-67.82867,-9.943906],[-67.828618,-9.943906],[-67.828586,-9.943907],[-67.828556,-9.94391],[-67.828477,-9.943921],[-67.828474,-9.943921],[-67.828449,-9.943919],[-67.828432,-9.943919],[-67.828413,-9.943918],[-67.828389,-9.943918],[-67.828349,-9.943919],[-67.828312,-9.943924],[-67.828296,-9.943922],[-67.828256,-9.94392],[-67.828216,-9.943922],[-67.828177,-9.943927],[-67.828173,-9.943928],[-67.82814,-9.943934],[-67.828104,-9.943942],[-67.828068,-9.943954],[-67.828031,-9.943969],[-67.827996,-9.943987],[-67.827973,-9.944001],[-67.827962,-9.944003],[-67.82795,-9.944005],[-67.827913,-9.944013],[-67.827869,-9.944024],[-67.82784,-9.944033],[-67.827833,-9.944035],[-67.827809,-9.944043],[-67.827797,-9.944046],[-67.827747,-9.94406],[-67.827711,-9.944076],[-67.827675,-9.944094],[-67.827667,-9.944099],[-67.827634,-9.944119],[-67.827606,-9.944137],[-67.827585,-9.944152],[-67.82757,-9.944155],[-67.827524,-9.944169],[-67.827472,-9.944187],[-67.827468,-9.944188],[-67.827437,-9.944201],[-67.827406,-9.944216],[-67.827367,-9.944237],[-67.827358,-9.944243],[-67.827324,-9.944264],[-67.827292,-9.944288],[-67.827263,-9.944314],[-67.827236,-9.944343],[-67.827234,-9.944346],[-67.82721,-9.944355],[-67.827177,-9.944369],[-67.827172,-9.944371],[-67.827149,-9.944377],[-67.82712,-9.944386],[-67.827083,-9.944401],[-67.827047,-9.94442],[-67.827015,-9.94444],[-67.82699,-9.944457],[-67.826982,-9.944463],[-67.826946,-9.944482],[-67.826931,-9.944489],[-67.826889,-9.944513],[-67.82687,-9.944524],[-67.826858,-9.944529],[-67.826833,-9.944543],[-67.826829,-9.944546],[-67.826824,-9.944548],[-67.826801,-9.944561],[-67.826755,-9.944583],[-67.826733,-9.944595],[-67.8267,-9.944616],[-67.826668,-9.94464],[-67.826651,-9.944654],[-67.826615,-9.944635],[-67.826578,-9.94462],[-67.826566,-9.944616],[-67.826534,-9.944606],[-67.826519,-9.944599],[-67.826505,-9.944594],[-67.826476,-9.944585],[-67.826467,-9.944583],[-67.826456,-9.944576],[-67.826453,-9.944574],[-67.826417,-9.944556],[-67.82638,-9.944541],[-67.826353,-9.944532],[-67.826312,-9.94452],[-67.82628,-9.94451],[-67.826265,-9.944504],[-67.826242,-9.944493],[-67.826193,-9.94447],[-67.826151,-9.944452],[-67.82614,-9.944445],[-67.826122,-9.944435],[-67.82608,-9.944413],[-67.826046,-9.944397],[-67.825975,-9.944368],[-67.825954,-9.94436],[-67.825914,-9.944347],[-67.825908,-9.944346],[-67.825898,-9.944342],[-67.825868,-9.944329],[-67.825842,-9.944319],[-67.82579,-9.9443],[-67.82577,-9.944293],[-67.82573,-9.944281],[-67.8257,-9.94427],[-67.825694,-9.944268],[-67.825669,-9.94426],[-67.825656,-9.944252],[-67.825621,-9.944233],[-67.825584,-9.944218],[-67.825552,-9.944208],[-67.825523,-9.9442],[-67.825494,-9.944189],[-67.82548,-9.944183],[-67.82544,-9.944169],[-67.825409,-9.944156],[-67.825385,-9.944146],[-67.825348,-9.944135],[-67.825309,-9.944126],[-67.825274,-9.94412],[-67.825235,-9.944115],[-67.825213,-9.944114],[-67.825202,-9.944112],[-67.825145,-9.944109],[-67.825105,-9.94411],[-67.825065,-9.944116],[-67.825039,-9.944121],[-67.824962,-9.944139],[-67.824912,-9.944154],[-67.82486,-9.944176],[-67.8248,-9.944207],[-67.82478,-9.944218],[-67.824746,-9.944239],[-67.824714,-9.944263],[-67.824687,-9.944288],[-67.824662,-9.944312],[-67.824633,-9.944343],[-67.824622,-9.944357],[-67.824595,-9.944392],[-67.824568,-9.944431],[-67.824545,-9.944467],[-67.824538,-9.944479],[-67.824519,-9.944515],[-67.824501,-9.944555],[-67.824483,-9.944596],[-67.824471,-9.944633],[-67.824463,-9.944672],[-67.824461,-9.944685],[-67.824453,-9.944736],[-67.824443,-9.944767],[-67.824437,-9.944794],[-67.82441,-9.944818],[-67.824384,-9.944847],[-67.824362,-9.944874],[-67.824343,-9.944903],[-67.824337,-9.944912],[-67.824332,-9.94492],[-67.824307,-9.94495],[-67.824285,-9.944984],[-67.824271,-9.94501],[-67.824262,-9.94503],[-67.824259,-9.945036],[-67.82423,-9.945077],[-67.824226,-9.945083],[-67.824203,-9.945119],[-67.824195,-9.945133],[-67.824183,-9.945155],[-67.824179,-9.945162],[-67.824157,-9.945212],[-67.824154,-9.945222],[-67.824151,-9.945229],[-67.824133,-9.945267],[-67.824126,-9.945286],[-67.824115,-9.945302],[-67.824102,-9.945295],[-67.824088,-9.945285],[-67.824042,-9.945255],[-67.82403,-9.945248],[-67.823999,-9.945231],[-67.823964,-9.945208],[-67.823931,-9.945187],[-67.823892,-9.945166],[-67.82385,-9.945147],[-67.823817,-9.945134],[-67.823792,-9.945126],[-67.823769,-9.945119],[-67.823731,-9.945105],[-67.823696,-9.945091],[-67.823662,-9.945077],[-67.823638,-9.945068],[-67.823601,-9.945056],[-67.823562,-9.945047],[-67.823546,-9.945045],[-67.823527,-9.945039],[-67.823477,-9.945025],[-67.823442,-9.945018],[-67.823412,-9.945012],[-67.823406,-9.945011],[-67.823367,-9.945006],[-67.823327,-9.945004],[-67.823287,-9.945006],[-67.823248,-9.945011],[-67.823214,-9.945018],[-67.823211,-9.945016],[-67.823157,-9.944998],[-67.823125,-9.944989],[-67.823092,-9.944982],[-67.823053,-9.944977],[-67.823025,-9.944976],[-67.823021,-9.944975],[-67.822984,-9.944967],[-67.822962,-9.944963],[-67.822928,-9.944959],[-67.822872,-9.944945],[-67.822841,-9.944939],[-67.822829,-9.944937],[-67.82276,-9.944926],[-67.822726,-9.944923],[-67.822692,-9.944921],[-67.822652,-9.944923],[-67.82265,-9.944924],[-67.822616,-9.944924],[-67.822568,-9.944924],[-67.822549,-9.944924],[-67.822509,-9.944925],[-67.822469,-9.94493],[-67.822455,-9.944933],[-67.822419,-9.944941],[-67.822387,-9.944948],[-67.822357,-9.944958],[-67.822311,-9.944978],[-67.822306,-9.94498],[-67.82228,-9.944994],[-67.822246,-9.945015],[-67.822226,-9.94503],[-67.822217,-9.945036],[-67.8222,-9.945047],[-67.822159,-9.945075],[-67.822122,-9.945102],[-67.822093,-9.945129],[-67.822072,-9.945151],[-67.822063,-9.945159],[-67.822037,-9.945183],[-67.822014,-9.945208],[-67.821986,-9.945246],[-67.821955,-9.945292],[-67.821938,-9.945318],[-67.82193,-9.945335],[-67.821915,-9.945364],[-67.82191,-9.945371],[-67.821891,-9.945406],[-67.821876,-9.945443],[-67.821864,-9.94548],[-67.821855,-9.945519],[-67.82185,-9.945557],[-67.821848,-9.945596],[-67.821848,-9.945602],[-67.82185,-9.945642],[-67.821855,-9.945681],[-67.821864,-9.945719],[-67.821876,-9.945757],[-67.821891,-9.945793],[-67.821909,-9.945828],[-67.821922,-9.945849],[-67.821941,-9.945878],[-67.821958,-9.945911],[-67.821964,-9.945922],[-67.821945,-9.945906],[-67.821907,-9.945868],[-67.821896,-9.945857],[-67.821874,-9.945837],[-67.821856,-9.945817],[-67.821836,-9.945795],[-67.821813,-9.945774],[-67.821753,-9.945721],[-67.821721,-9.945692],[-67.821704,-9.945677],[-67.821689,-9.945665],[-67.821655,-9.945639],[-67.82163,-9.945621],[-67.821617,-9.945613],[-67.821603,-9.945598],[-67.821574,-9.945571],[-67.821539,-9.945545],[-67.821522,-9.945534],[-67.821503,-9.945516],[-67.821495,-9.945505],[-67.821472,-9.945475],[-67.821445,-9.945446],[-67.821415,-9.94542],[-67.821384,-9.945396],[-67.821349,-9.945374],[-67.821341,-9.945369],[-67.821331,-9.945361],[-67.821327,-9.945359],[-67.821298,-9.945337],[-67.821288,-9.945328],[-67.821282,-9.945321],[-67.821261,-9.9453],[-67.821239,-9.945281],[-67.821203,-9.945254],[-67.821154,-9.94522],[-67.821124,-9.945202],[-67.821091,-9.945185],[-67.821045,-9.945163],[-67.821006,-9.945147],[-67.820979,-9.945138],[-67.820933,-9.945125],[-67.820883,-9.945113],[-67.820842,-9.945108],[-67.820807,-9.945105],[-67.820783,-9.9451],[-67.820705,-9.945079],[-67.820645,-9.945062],[-67.820597,-9.945051],[-67.820557,-9.945046],[-67.820477,-9.945039],[-67.820459,-9.945029],[-67.820422,-9.945014],[-67.820395,-9.945005],[-67.820362,-9.944996],[-67.820342,-9.94499],[-67.82032,-9.944981],[-67.820306,-9.944976],[-67.820268,-9.944964],[-67.820229,-9.944955],[-67.82019,-9.94495],[-67.820151,-9.944948],[-67.820125,-9.944943],[-67.820086,-9.944938],[-67.820046,-9.944936],[-67.820025,-9.944937],[-67.819995,-9.944938],[-67.819959,-9.944938],[-67.81992,-9.944939],[-67.819882,-9.944944],[-67.819865,-9.944947],[-67.819842,-9.944948],[-67.81979,-9.944953],[-67.819724,-9.944963],[-67.819714,-9.944964],[-67.819675,-9.944973],[-67.819637,-9.944985],[-67.819607,-9.944997],[-67.819577,-9.94501],[-67.819554,-9.945019],[-67.819517,-9.945034],[-67.819482,-9.945052],[-67.819448,-9.945073],[-67.819416,-9.945097],[-67.819393,-9.945118],[-67.819371,-9.945141],[-67.819342,-9.945173],[-67.819317,-9.945199],[-67.819299,-9.945219],[-67.819275,-9.94525],[-67.819253,-9.945284],[-67.819237,-9.945314],[-67.819219,-9.945352],[-67.819201,-9.945393],[-67.819189,-9.945431],[-67.819181,-9.945469],[-67.819179,-9.945481],[-67.819175,-9.945492],[-67.819163,-9.945529],[-67.819154,-9.945568],[-67.819149,-9.94561],[-67.819144,-9.945662],[-67.819143,-9.94568],[-67.819142,-9.945708],[-67.819135,-9.945755],[-67.819134,-9.945761],[-67.819128,-9.945807],[-67.819125,-9.945837],[-67.819124,-9.945867],[-67.819125,-9.945897],[-67.819128,-9.945927],[-67.819134,-9.945971],[-67.819137,-9.94599],[-67.819145,-9.946026],[-67.819153,-9.946053],[-67.819155,-9.946076],[-67.819157,-9.946113],[-67.819159,-9.946161],[-67.819161,-9.946192],[-67.819165,-9.946222],[-67.819174,-9.946261],[-67.819186,-9.946298],[-67.819187,-9.946302],[-67.819198,-9.94633],[-67.8192,-9.946338],[-67.819206,-9.946359],[-67.819209,-9.946367],[-67.81921,-9.94637],[-67.819209,-9.946417],[-67.819211,-9.946457],[-67.819216,-9.946496],[-67.819223,-9.946528],[-67.819233,-9.94656],[-67.819258,-9.946634],[-67.819262,-9.946646],[-67.819269,-9.946663],[-67.819283,-9.946698],[-67.819305,-9.946756],[-67.81932,-9.946792],[-67.819338,-9.946826],[-67.819359,-9.946859],[-67.819383,-9.94689],[-67.81941,-9.946919],[-67.819427,-9.946934],[-67.819434,-9.946945],[-67.819458,-9.946977],[-67.819485,-9.947006],[-67.819514,-9.947032],[-67.819554,-9.947062],[-67.819622,-9.947107],[-67.819647,-9.947122],[-67.81965,-9.947124],[-67.819631,-9.947128],[-67.8196,-9.947138],[-67.81958,-9.947146],[-67.819566,-9.94715],[-67.819537,-9.947159],[-67.81951,-9.94717],[-67.819483,-9.947183],[-67.819463,-9.947189],[-67.819441,-9.947198],[-67.819416,-9.947208],[-67.819365,-9.947233],[-67.819332,-9.947254],[-67.8193,-9.947278],[-67.819271,-9.947305],[-67.819244,-9.947334],[-67.81922,-9.947365],[-67.819213,-9.947376],[-67.819202,-9.94738],[-67.819175,-9.947394],[-67.819146,-9.947408],[-67.819131,-9.947417],[-67.819097,-9.947438],[-67.819066,-9.947462],[-67.819038,-9.947487],[-67.819004,-9.94752],[-67.818976,-9.947551],[-67.818962,-9.947568],[-67.818949,-9.94758],[-67.818923,-9.947609],[-67.818898,-9.94764],[-67.818877,-9.947673],[-67.818868,-9.94769],[-67.818854,-9.947707],[-67.818852,-9.947709],[-67.818834,-9.947732],[-67.818822,-9.947748],[-67.818818,-9.947753],[-67.818798,-9.947779],[-67.818779,-9.947806],[-67.818758,-9.947839],[-67.818743,-9.947863],[-67.818736,-9.947876],[-67.81872,-9.947905],[-67.818714,-9.947917],[-67.818704,-9.947936],[-67.81869,-9.947962],[-67.818684,-9.947976],[-67.818674,-9.947999],[-67.81864,-9.947993],[-67.818608,-9.947989],[-67.818568,-9.947985],[-67.818525,-9.947983],[-67.81848,-9.947983],[-67.818436,-9.947985],[-67.818378,-9.947991],[-67.818343,-9.947995],[-67.818289,-9.948005],[-67.818254,-9.948012],[-67.818226,-9.948019],[-67.818174,-9.948031],[-67.818149,-9.948037],[-67.818115,-9.948046],[-67.818079,-9.948057],[-67.818051,-9.948068],[-67.818025,-9.948081],[-67.817998,-9.948095],[-67.817954,-9.948114],[-67.81795,-9.948116],[-67.81791,-9.948135],[-67.817895,-9.948142],[-67.817862,-9.948159],[-67.81784,-9.948169],[-67.817796,-9.948191],[-67.817763,-9.948212],[-67.817731,-9.948236],[-67.817702,-9.948263],[-67.817675,-9.948292],[-67.817672,-9.948295],[-67.817645,-9.948327],[-67.817623,-9.948357],[-67.817603,-9.948389],[-67.817599,-9.948395],[-67.817577,-9.948434],[-67.817557,-9.94847],[-67.817537,-9.948509],[-67.817518,-9.948552],[-67.817497,-9.948596],[-67.817495,-9.948601],[-67.817478,-9.948637],[-67.817466,-9.948668],[-67.817455,-9.948702],[-67.817447,-9.948736],[-67.817436,-9.948789],[-67.817435,-9.948797],[-67.81743,-9.948836],[-67.817428,-9.948875],[-67.817428,-9.94891],[-67.817429,-9.94895],[-67.817435,-9.948989],[-67.817442,-9.949024],[-67.817455,-9.949071],[-67.817467,-9.949111],[-67.817483,-9.949148],[-67.817501,-9.949183],[-67.817514,-9.949204],[-67.817545,-9.949251],[-67.817577,-9.949294],[-67.817604,-9.949323],[-67.817634,-9.94935],[-67.817674,-9.94938],[-67.817705,-9.9494],[-67.817728,-9.949414],[-67.817778,-9.949443],[-67.817814,-9.949462],[-67.817851,-9.949477],[-67.817889,-9.949489],[-67.817928,-9.949498],[-67.817975,-9.949506],[-67.817981,-9.949507],[-67.818045,-9.949517],[-67.818081,-9.949521],[-67.818117,-9.949523],[-67.818154,-9.949523],[-67.818169,-9.949529],[-67.818207,-9.949541],[-67.818246,-9.94955],[-67.818285,-9.949555],[-67.818324,-9.949556],[-67.818373,-9.949557],[-67.818414,-9.949555],[-67.818453,-9.94955],[-67.818492,-9.949541],[-67.818521,-9.949532],[-67.818527,-9.949542],[-67.818548,-9.949568],[-67.818571,-9.949595],[-67.818599,-9.949625],[-67.818546,-9.949632],[-67.818509,-9.94964],[-67.818476,-9.949648],[-67.818459,-9.949652],[-67.818451,-9.949652],[-67.818419,-9.949655],[-67.818392,-9.949659],[-67.818373,-9.949662],[-67.818332,-9.949671],[-67.818287,-9.949683],[-67.818251,-9.949694],[-67.818232,-9.949696],[-67.818216,-9.949699],[-67.818176,-9.949708],[-67.818084,-9.949732],[-67.818048,-9.949744],[-67.818022,-9.949754],[-67.817943,-9.949788],[-67.817904,-9.949807],[-67.817802,-9.949863],[-67.817799,-9.949865],[-67.817757,-9.949889],[-67.817753,-9.949891],[-67.81772,-9.949911],[-67.817679,-9.949939],[-67.817647,-9.949964],[-67.817631,-9.949977],[-67.817589,-9.950016],[-67.817568,-9.950036],[-67.817548,-9.950058],[-67.817534,-9.950077],[-67.817528,-9.950081],[-67.817503,-9.950101],[-67.817474,-9.950127],[-67.817447,-9.950156],[-67.817422,-9.950188],[-67.817416,-9.950198],[-67.817398,-9.950217],[-67.81739,-9.950227],[-67.817348,-9.950279],[-67.817337,-9.950292],[-67.81733,-9.950299],[-67.817306,-9.95033],[-67.817285,-9.950363],[-67.817267,-9.950398],[-67.817255,-9.950425],[-67.817248,-9.950431],[-67.817218,-9.950458],[-67.817192,-9.950487],[-67.817167,-9.950518],[-67.817146,-9.950551],[-67.817142,-9.950559],[-67.817138,-9.950563],[-67.817115,-9.950588],[-67.81711,-9.950594],[-67.817098,-9.950609],[-67.817079,-9.950633],[-67.817057,-9.950657],[-67.817047,-9.950669],[-67.817023,-9.9507],[-67.817001,-9.950734],[-67.816986,-9.950763],[-67.816956,-9.950824],[-67.816929,-9.95088],[-67.816912,-9.950921],[-67.816901,-9.950953],[-67.816886,-9.951005],[-67.816876,-9.951049],[-67.816874,-9.951062],[-67.816865,-9.951123],[-67.816862,-9.951155],[-67.81686,-9.951187],[-67.81686,-9.95126],[-67.81686,-9.951315],[-67.816862,-9.951355],[-67.816867,-9.951394],[-67.816875,-9.951431],[-67.816886,-9.951468],[-67.816899,-9.951504],[-67.816882,-9.951493],[-67.816874,-9.951489],[-67.816848,-9.951475],[-67.816817,-9.951459],[-67.816785,-9.951446],[-67.816781,-9.951445],[-67.816742,-9.951431],[-67.816711,-9.951421],[-67.816679,-9.951414],[-67.816647,-9.951407],[-67.816636,-9.951405],[-67.816625,-9.951403],[-67.8166,-9.9514],[-67.816568,-9.951396],[-67.816547,-9.951394],[-67.816511,-9.951393],[-67.816471,-9.951395],[-67.816432,-9.9514],[-67.816393,-9.951408],[-67.816355,-9.95142],[-67.816318,-9.951435],[-67.816283,-9.951453],[-67.816249,-9.951475],[-67.816218,-9.951499],[-67.816205,-9.95151],[-67.816163,-9.951547],[-67.81614,-9.951569],[-67.81612,-9.951592],[-67.816095,-9.951623],[-67.816074,-9.951656],[-67.816069,-9.951666],[-67.816044,-9.95171],[-67.816029,-9.951741],[-67.816016,-9.951772],[-67.816004,-9.95181],[-67.815995,-9.951848],[-67.81599,-9.951887],[-67.815989,-9.951926],[-67.815988,-9.951978],[-67.815989,-9.952008],[-67.815992,-9.952037],[-67.815998,-9.952079],[-67.816004,-9.952145],[-67.816009,-9.952183],[-67.81601,-9.952188],[-67.816019,-9.952236],[-67.81602,-9.952242],[-67.81601,-9.952242],[-67.815971,-9.952248],[-67.815932,-9.952256],[-67.815894,-9.952268],[-67.815857,-9.952283],[-67.815822,-9.952301],[-67.815775,-9.952332],[-67.815716,-9.952376],[-67.815697,-9.952391],[-67.815668,-9.952417],[-67.815641,-9.952447],[-67.815617,-9.952478],[-67.815596,-9.952511],[-67.815588,-9.952525],[-67.815558,-9.952581],[-67.81555,-9.952593],[-67.815532,-9.952628],[-67.815517,-9.952665],[-67.815505,-9.952702],[-67.815496,-9.952741],[-67.815491,-9.95278],[-67.815489,-9.952819],[-67.815492,-9.952866],[-67.815494,-9.952886],[-67.815488,-9.952883],[-67.815452,-9.952868],[-67.815434,-9.952862],[-67.815372,-9.952843],[-67.815343,-9.952834],[-67.815313,-9.952828],[-67.815274,-9.952823],[-67.815257,-9.952822],[-67.815253,-9.952819],[-67.815228,-9.952804],[-67.815199,-9.952788],[-67.81517,-9.952775],[-67.815127,-9.952759],[-67.815114,-9.952753],[-67.815102,-9.952749],[-67.815094,-9.952747],[-67.81507,-9.952736],[-67.81504,-9.952721],[-67.815026,-9.952709],[-67.814994,-9.952685],[-67.814961,-9.952664],[-67.814927,-9.952647],[-67.814847,-9.952609],[-67.814786,-9.95258],[-67.814763,-9.95257],[-67.814761,-9.952561],[-67.814749,-9.952523],[-67.814735,-9.952489],[-67.814718,-9.952456],[-67.814706,-9.952435],[-67.814679,-9.952383],[-67.814677,-9.95238],[-67.814658,-9.952343],[-67.814636,-9.952302],[-67.81462,-9.952271],[-67.814609,-9.952247],[-67.814606,-9.952218],[-67.814605,-9.952177],[-67.814603,-9.952145],[-67.814598,-9.952112],[-67.81459,-9.952074],[-67.814578,-9.952036],[-67.814577,-9.952034],[-67.81456,-9.951989],[-67.814559,-9.951985],[-67.814526,-9.951901],[-67.814512,-9.951868],[-67.814494,-9.951835],[-67.814465,-9.951785],[-67.814444,-9.951753],[-67.814421,-9.951723],[-67.814388,-9.951688],[-67.814331,-9.951633],[-67.814307,-9.951612],[-67.814276,-9.951588],[-67.814242,-9.951567],[-67.814225,-9.951558],[-67.814185,-9.951537],[-67.814179,-9.951531],[-67.81412,-9.951473],[-67.814091,-9.951447],[-67.814078,-9.951436],[-67.814049,-9.951414],[-67.814034,-9.951398],[-67.814001,-9.951358],[-67.813997,-9.951353],[-67.813975,-9.951329],[-67.813951,-9.951306],[-67.813924,-9.951283],[-67.813912,-9.951268],[-67.813903,-9.951256],[-67.813877,-9.951228],[-67.813849,-9.951202],[-67.813808,-9.951168],[-67.813806,-9.951166],[-67.813774,-9.951142],[-67.813741,-9.951121],[-67.813737,-9.951119],[-67.81369,-9.951093],[-67.813663,-9.951079],[-67.813635,-9.951067],[-67.813584,-9.951046],[-67.813571,-9.951041],[-67.813533,-9.951029],[-67.813494,-9.951021],[-67.813464,-9.951017],[-67.813438,-9.951015],[-67.81344,-9.95097],[-67.813439,-9.950931],[-67.813433,-9.950891],[-67.813425,-9.950853],[-67.813413,-9.950815],[-67.813396,-9.950776],[-67.813371,-9.950724],[-67.813354,-9.950691],[-67.813333,-9.950658],[-67.813308,-9.950627],[-67.813282,-9.950598],[-67.813252,-9.950571],[-67.813239,-9.95056],[-67.813212,-9.950531],[-67.813182,-9.950504],[-67.813151,-9.95048],[-67.813117,-9.950459],[-67.813082,-9.950441],[-67.813045,-9.950426],[-67.813007,-9.950414],[-67.812968,-9.950406],[-67.812957,-9.950404],[-67.812953,-9.950403],[-67.812946,-9.9504],[-67.812943,-9.950399],[-67.812878,-9.950374],[-67.812868,-9.95037],[-67.81283,-9.950358],[-67.812791,-9.95035],[-67.812783,-9.950348],[-67.81273,-9.95034],[-67.812723,-9.950339],[-67.812657,-9.95033],[-67.812591,-9.950319],[-67.812506,-9.950303],[-67.8125,-9.950302],[-67.81249,-9.9503],[-67.812415,-9.950289],[-67.812309,-9.95027],[-67.812258,-9.950264],[-67.812239,-9.950263],[-67.812221,-9.950257],[-67.81219,-9.950248],[-67.812158,-9.950241],[-67.812063,-9.950224],[-67.811998,-9.950212],[-67.811993,-9.950211],[-67.811984,-9.95021],[-67.81192,-9.9502],[-67.811885,-9.950196],[-67.81185,-9.950194],[-67.811837,-9.950195],[-67.81176,-9.950197],[-67.811756,-9.950197],[-67.811724,-9.95019],[-67.811672,-9.950184],[-67.811615,-9.95018],[-67.811589,-9.950179],[-67.811498,-9.950179],[-67.81143,-9.950179],[-67.81138,-9.950179],[-67.811292,-9.950178],[-67.811256,-9.95018],[-67.811222,-9.950184],[-67.811158,-9.950194],[-67.811148,-9.950195],[-67.811109,-9.950204],[-67.811071,-9.950216],[-67.811046,-9.950226],[-67.810967,-9.95026],[-67.810898,-9.950287],[-67.810869,-9.9503],[-67.810841,-9.950315],[-67.810828,-9.950323],[-67.810764,-9.950362],[-67.810761,-9.950364],[-67.810677,-9.950417],[-67.810652,-9.950434],[-67.810628,-9.950452],[-67.810598,-9.950479],[-67.810571,-9.950508],[-67.810547,-9.950539],[-67.810526,-9.950573],[-67.810507,-9.950608],[-67.810503,-9.950618],[-67.810493,-9.950626],[-67.810491,-9.950627],[-67.810481,-9.95062],[-67.810476,-9.950617],[-67.810451,-9.950601],[-67.810437,-9.950591],[-67.810406,-9.950571],[-67.810371,-9.950552],[-67.810334,-9.950537],[-67.810328,-9.950535],[-67.810279,-9.950514],[-67.810241,-9.950502],[-67.810202,-9.950494],[-67.810163,-9.950489],[-67.810124,-9.950487],[-67.810086,-9.950487],[-67.810035,-9.950487],[-67.809995,-9.950488],[-67.809963,-9.950491],[-67.809924,-9.950494],[-67.809901,-9.950488],[-67.809849,-9.950475],[-67.80981,-9.95047],[-67.809771,-9.950469],[-67.809762,-9.950468],[-67.809719,-9.95047],[-67.809628,-9.950479],[-67.809617,-9.95048],[-67.809562,-9.950486],[-67.809545,-9.950487],[-67.809506,-9.950492],[-67.809458,-9.950503],[-67.809408,-9.950518],[-67.809379,-9.950527],[-67.809342,-9.950542],[-67.809307,-9.95056],[-67.809295,-9.950567],[-67.809248,-9.950596],[-67.809221,-9.950614],[-67.809195,-9.950634],[-67.809165,-9.950661],[-67.809138,-9.95069],[-67.80911,-9.950728],[-67.809086,-9.950762],[-67.809069,-9.950789],[-67.809051,-9.950824],[-67.809036,-9.950861],[-67.809024,-9.950898],[-67.809015,-9.950937],[-67.809012,-9.950958],[-67.809009,-9.950981],[-67.809005,-9.951037],[-67.809005,-9.951043],[-67.809005,-9.951081],[-67.809007,-9.951121],[-67.809012,-9.95116],[-67.809021,-9.951199],[-67.809032,-9.951237],[-67.809048,-9.951273],[-67.809066,-9.951308],[-67.809076,-9.951325],[-67.809097,-9.951357],[-67.809113,-9.95138],[-67.809136,-9.951412],[-67.809156,-9.951436],[-67.809176,-9.951459],[-67.809198,-9.95148],[-67.809231,-9.951509],[-67.809243,-9.95152],[-67.80926,-9.951535],[-67.80921,-9.951526],[-67.809194,-9.951522],[-67.809177,-9.951517],[-67.809125,-9.951504],[-67.809086,-9.951499],[-67.809047,-9.951498],[-67.808983,-9.951497],[-67.808943,-9.951499],[-67.808904,-9.951504],[-67.808889,-9.951507],[-67.808848,-9.951516],[-67.80882,-9.951521],[-67.808785,-9.951529],[-67.808752,-9.95154],[-67.808715,-9.951555],[-67.80868,-9.951573],[-67.808646,-9.951594],[-67.808615,-9.951618],[-67.808585,-9.951645],[-67.808558,-9.951674],[-67.808537,-9.951702],[-67.808535,-9.951704],[-67.808511,-9.951729],[-67.808488,-9.951759],[-67.808468,-9.95179],[-67.808446,-9.951827],[-67.808444,-9.951831],[-67.808425,-9.951866],[-67.80841,-9.951902],[-67.808398,-9.95194],[-67.80839,-9.951978],[-67.808384,-9.952021],[-67.808381,-9.952061],[-67.808379,-9.952097],[-67.808381,-9.952136],[-67.808386,-9.952175],[-67.808399,-9.95223],[-67.808412,-9.95227],[-67.808419,-9.952292],[-67.808435,-9.952328],[-67.808453,-9.952363],[-67.80847,-9.95239],[-67.808489,-9.952417],[-67.808507,-9.952439],[-67.808515,-9.952456],[-67.808523,-9.952472],[-67.808502,-9.952492],[-67.808481,-9.952515],[-67.808457,-9.952546],[-67.808436,-9.95258],[-67.808417,-9.952615],[-67.808402,-9.952651],[-67.808391,-9.952685],[-67.808383,-9.952719],[-67.80837,-9.952784],[-67.808369,-9.952792],[-67.808363,-9.952831],[-67.808362,-9.95287],[-67.808363,-9.952878],[-67.808355,-9.952874],[-67.808327,-9.952856],[-67.808291,-9.952838],[-67.808261,-9.952825],[-67.808248,-9.952818],[-67.808213,-9.9528],[-67.808183,-9.952785],[-67.808153,-9.952773],[-67.808104,-9.952758],[-67.80807,-9.95275],[-67.808067,-9.952749],[-67.808057,-9.952745],[-67.808053,-9.952743],[-67.808027,-9.952727],[-67.80802,-9.952723],[-67.808006,-9.952715],[-67.807975,-9.952699],[-67.807947,-9.952686],[-67.807918,-9.952674],[-67.80788,-9.952662],[-67.807841,-9.952654],[-67.807788,-9.952648],[-67.807786,-9.952647],[-67.807782,-9.952647],[-67.807763,-9.952644],[-67.807722,-9.952638],[-67.807692,-9.952635],[-67.807662,-9.952634],[-67.807623,-9.952636],[-67.807583,-9.952641],[-67.807552,-9.952648],[-67.807521,-9.952655],[-67.807469,-9.952667],[-67.80744,-9.952674],[-67.80741,-9.952684],[-67.807383,-9.952694],[-67.807324,-9.95272],[-67.807315,-9.952724],[-67.80726,-9.95275],[-67.807224,-9.952768],[-67.807191,-9.952789],[-67.807154,-9.952814],[-67.807119,-9.952834],[-67.807115,-9.952836],[-67.807071,-9.952865],[-67.807019,-9.952903],[-67.806977,-9.952934],[-67.806955,-9.952951],[-67.806926,-9.952977],[-67.806899,-9.953006],[-67.806875,-9.953038],[-67.806854,-9.953071],[-67.806837,-9.953101],[-67.806823,-9.953133],[-67.806814,-9.953147],[-67.806809,-9.953156],[-67.806794,-9.953184],[-67.80678,-9.953214],[-67.806746,-9.953299],[-67.806741,-9.953312],[-67.80673,-9.953346],[-67.806714,-9.953402],[-67.806705,-9.953445],[-67.8067,-9.953483],[-67.806698,-9.953522],[-67.806698,-9.953586],[-67.806698,-9.953608],[-67.806696,-9.953601],[-67.806686,-9.95357],[-67.806671,-9.953534],[-67.806652,-9.953499],[-67.806652,-9.953482],[-67.806646,-9.953442],[-67.806638,-9.953404],[-67.806634,-9.953392],[-67.806626,-9.953355],[-67.806619,-9.95333],[-67.806607,-9.95329],[-67.806592,-9.953253],[-67.806582,-9.953236],[-67.806573,-9.953208],[-67.80657,-9.953201],[-67.806555,-9.953164],[-67.806536,-9.953129],[-67.806523,-9.953099],[-67.80651,-9.953059],[-67.806501,-9.953036],[-67.806499,-9.95303],[-67.806489,-9.952999],[-67.806474,-9.952962],[-67.806455,-9.952927],[-67.806434,-9.952894],[-67.806431,-9.95289],[-67.806428,-9.95288],[-67.80642,-9.952856],[-67.806405,-9.952819],[-67.806386,-9.952784],[-67.806365,-9.952751],[-67.806341,-9.95272],[-67.806327,-9.952705],[-67.806317,-9.952694],[-67.806316,-9.952691],[-67.806298,-9.952656],[-67.806276,-9.952623],[-67.806252,-9.952592],[-67.806225,-9.952563],[-67.806208,-9.952547],[-67.806202,-9.952539],[-67.806175,-9.95251],[-67.806146,-9.952483],[-67.806114,-9.952459],[-67.80608,-9.952438],[-67.806069,-9.952431],[-67.806027,-9.952409],[-67.806015,-9.952403],[-67.80599,-9.952391],[-67.805964,-9.952376],[-67.805935,-9.95236],[-67.805905,-9.952347],[-67.805857,-9.952328],[-67.805844,-9.952323],[-67.805806,-9.952311],[-67.805767,-9.952303],[-67.805753,-9.9523],[-67.805699,-9.952293],[-67.805648,-9.952282],[-67.805637,-9.95228],[-67.805596,-9.952275],[-67.805566,-9.952272],[-67.805536,-9.952264],[-67.805508,-9.952258],[-67.805488,-9.952255],[-67.805415,-9.952246],[-67.805386,-9.952243],[-67.805356,-9.952242],[-67.805322,-9.952243],[-67.805257,-9.952248],[-67.805226,-9.952248],[-67.805171,-9.952251],[-67.805145,-9.952254],[-67.805121,-9.952258],[-67.80509,-9.952264],[-67.805058,-9.952273],[-67.805049,-9.952276],[-67.805026,-9.952284],[-67.804999,-9.952286],[-67.804953,-9.952292],[-67.804915,-9.9523],[-67.804877,-9.952312],[-67.80484,-9.952327],[-67.804805,-9.952345],[-67.804777,-9.952363],[-67.80475,-9.952382],[-67.804702,-9.952419],[-67.804692,-9.952428],[-67.804663,-9.952454],[-67.804636,-9.952483],[-67.804611,-9.952515],[-67.80459,-9.952548],[-67.804568,-9.952591],[-67.804546,-9.952641],[-67.804534,-9.952669],[-67.804522,-9.952707],[-67.804514,-9.952745],[-67.804508,-9.952784],[-67.804507,-9.952824],[-67.804508,-9.952853],[-67.804511,-9.952883],[-67.804513,-9.9529],[-67.804513,-9.952914],[-67.804515,-9.952954],[-67.804516,-9.952966],[-67.804515,-9.952973],[-67.804514,-9.952978],[-67.804506,-9.952996],[-67.804484,-9.953049],[-67.804476,-9.953068],[-67.804465,-9.953103],[-67.804457,-9.953139],[-67.804425,-9.953198],[-67.804411,-9.953227],[-67.8044,-9.953256],[-67.804396,-9.953265],[-67.80437,-9.953342],[-67.80436,-9.953375],[-67.804353,-9.953408],[-67.80435,-9.953426],[-67.804341,-9.953449],[-67.804321,-9.953499],[-67.804303,-9.953536],[-67.804286,-9.953577],[-67.804274,-9.953615],[-67.804265,-9.953653],[-67.80426,-9.953692],[-67.804259,-9.95373],[-67.804258,-9.953788],[-67.80426,-9.953828],[-67.804265,-9.953867],[-67.804274,-9.953905],[-67.804286,-9.953943],[-67.804303,-9.953983],[-67.804331,-9.954043],[-67.804345,-9.954068],[-67.804373,-9.954119],[-67.804377,-9.954126],[-67.804386,-9.954141],[-67.804421,-9.954195],[-67.804436,-9.954218],[-67.804488,-9.954289],[-67.804494,-9.954296],[-67.804528,-9.954342],[-67.804543,-9.954361],[-67.804564,-9.954383],[-67.804562,-9.954403],[-67.80456,-9.954456],[-67.80456,-9.954474],[-67.804561,-9.954514],[-67.804567,-9.954553],[-67.804573,-9.954582],[-67.804562,-9.954617],[-67.804554,-9.954655],[-67.804549,-9.954694],[-67.804548,-9.954712],[-67.804547,-9.954733],[-67.804546,-9.954741],[-67.804544,-9.954777],[-67.804543,-9.954805],[-67.804542,-9.954837],[-67.804538,-9.954874],[-67.804534,-9.954917],[-67.804532,-9.95499],[-67.804532,-9.955003],[-67.804532,-9.955007],[-67.804532,-9.955017],[-67.804533,-9.955051],[-67.804537,-9.955085],[-67.804547,-9.955152],[-67.804556,-9.955211],[-67.80455,-9.955226],[-67.804538,-9.955262],[-67.80453,-9.955299],[-67.804529,-9.955304],[-67.80452,-9.955323],[-67.804511,-9.955347],[-67.804496,-9.955395],[-67.804485,-9.955441],[-67.804475,-9.955476],[-67.804457,-9.955523],[-67.804452,-9.955535],[-67.80444,-9.955573],[-67.804431,-9.955612],[-67.804427,-9.955645],[-67.804421,-9.955699],[-67.804414,-9.955731],[-67.804404,-9.955761],[-67.804392,-9.9558],[-67.804389,-9.95581],[-67.804387,-9.955821],[-67.804358,-9.955882],[-67.804344,-9.955917],[-67.804332,-9.955955],[-67.804323,-9.955994],[-67.804318,-9.956032],[-67.804317,-9.956041],[-67.804315,-9.956058],[-67.804312,-9.956088],[-67.804311,-9.956126],[-67.804311,-9.956139],[-67.804312,-9.956177],[-67.804314,-9.9562],[-67.804308,-9.95623],[-67.804307,-9.956237],[-67.804301,-9.956288],[-67.804297,-9.956358],[-67.804288,-9.956419],[-67.804275,-9.956517],[-67.804258,-9.956601],[-67.804256,-9.956612],[-67.804251,-9.95665],[-67.804249,-9.956689],[-67.804249,-9.956719],[-67.804246,-9.95673],[-67.804244,-9.956743],[-67.804243,-9.956748],[-67.804242,-9.956752],[-67.804224,-9.956776],[-67.804196,-9.956801],[-67.80418,-9.956817],[-67.804164,-9.956827],[-67.804158,-9.956831],[-67.804087,-9.956881],[-67.804082,-9.956884],[-67.804038,-9.956915],[-67.803999,-9.956931],[-67.80395,-9.956954],[-67.803908,-9.956976],[-67.803899,-9.956981],[-67.803869,-9.957],[-67.803848,-9.957015],[-67.803826,-9.957026],[-67.803796,-9.95704],[-67.803745,-9.957067],[-67.803734,-9.957074],[-67.8037,-9.957095],[-67.803668,-9.957119],[-67.803641,-9.957144],[-67.803618,-9.957166],[-67.803596,-9.957182],[-67.803577,-9.957196],[-67.803516,-9.957245],[-67.803508,-9.957251],[-67.803505,-9.957254],[-67.80346,-9.957292],[-67.803432,-9.957317],[-67.803407,-9.957345],[-67.803393,-9.957362],[-67.803355,-9.957395],[-67.803328,-9.95742],[-67.803303,-9.957447],[-67.803278,-9.957478],[-67.803257,-9.957512],[-67.803239,-9.957547],[-67.803223,-9.957583],[-67.803221,-9.957591],[-67.803178,-9.957715],[-67.803168,-9.957747],[-67.803161,-9.957779],[-67.803155,-9.957807],[-67.803141,-9.957862],[-67.803133,-9.957897],[-67.803128,-9.957937],[-67.803124,-9.957985],[-67.803123,-9.957989],[-67.803119,-9.958043],[-67.803118,-9.958078],[-67.803118,-9.958094],[-67.80312,-9.958147],[-67.803124,-9.958193],[-67.80313,-9.958236],[-67.803133,-9.958251],[-67.803141,-9.958289],[-67.803153,-9.958327],[-67.803162,-9.95835],[-67.803181,-9.958393],[-67.803189,-9.958411],[-67.80322,-9.958474],[-67.803235,-9.958503],[-67.803263,-9.958544],[-67.803285,-9.958574],[-67.803303,-9.958597],[-67.80333,-9.958627],[-67.80335,-9.958645],[-67.803354,-9.958655],[-67.803371,-9.958687],[-67.803392,-9.958719],[-67.803428,-9.95877],[-67.803406,-9.958794],[-67.803397,-9.958805],[-67.803364,-9.958833],[-67.803361,-9.958835],[-67.803353,-9.958842],[-67.803335,-9.958857],[-67.803317,-9.958863],[-67.80328,-9.958878],[-67.803245,-9.958896],[-67.803208,-9.95892],[-67.803173,-9.958945],[-67.803167,-9.958949],[-67.803119,-9.958985],[-67.803083,-9.959011],[-67.803061,-9.959028],[-67.803038,-9.959049],[-67.803015,-9.959072],[-67.802979,-9.959112],[-67.802969,-9.959124],[-67.802967,-9.959127],[-67.802933,-9.959166],[-67.802929,-9.959172],[-67.802929,-9.959154],[-67.802929,-9.959146],[-67.802931,-9.959104],[-67.802932,-9.959077],[-67.80293,-9.959038],[-67.802925,-9.958999],[-67.802918,-9.958969],[-67.802917,-9.958963],[-67.802917,-9.958959],[-67.802916,-9.958929],[-67.802913,-9.958899],[-67.802907,-9.958858],[-67.802906,-9.958847],[-67.802896,-9.958789],[-67.802895,-9.958782],[-67.802886,-9.958743],[-67.802874,-9.958705],[-67.802859,-9.958669],[-67.802841,-9.958634],[-67.802815,-9.958595],[-67.802808,-9.958585],[-67.802798,-9.958561],[-67.802782,-9.958533],[-67.802761,-9.9585],[-67.802737,-9.958468],[-67.802732,-9.958463],[-67.80273,-9.95846],[-67.802722,-9.958445],[-67.8027,-9.958411],[-67.802676,-9.95838],[-67.802659,-9.958361],[-67.802617,-9.958317],[-67.802578,-9.95828],[-67.802546,-9.958255],[-67.802489,-9.958216],[-67.802456,-9.958195],[-67.802421,-9.958177],[-67.802413,-9.958174],[-67.802398,-9.958163],[-67.802365,-9.958142],[-67.80233,-9.958124],[-67.802293,-9.958109],[-67.802255,-9.958097],[-67.802217,-9.958088],[-67.8022,-9.958086],[-67.802162,-9.958081],[-67.802137,-9.958074],[-67.802105,-9.958065],[-67.802073,-9.958057],[-67.80202,-9.958046],[-67.802004,-9.958043],[-67.801965,-9.958038],[-67.801926,-9.958036],[-67.801872,-9.958036],[-67.801832,-9.958038],[-67.801792,-9.958043],[-67.801751,-9.958052],[-67.8017,-9.958066],[-67.801664,-9.958077],[-67.801656,-9.95808],[-67.801591,-9.958105],[-67.801558,-9.958119],[-67.801527,-9.958135],[-67.801499,-9.958153],[-67.801472,-9.958172],[-67.801416,-9.958217],[-67.801405,-9.958225],[-67.801397,-9.958232],[-67.801346,-9.958276],[-67.801321,-9.9583],[-67.801298,-9.958325],[-67.801274,-9.958357],[-67.801252,-9.95839],[-67.801238,-9.958418],[-67.801229,-9.95843],[-67.801196,-9.958477],[-67.801165,-9.958529],[-67.801161,-9.958535],[-67.801143,-9.95857],[-67.801131,-9.958597],[-67.801124,-9.958607],[-67.801098,-9.958648],[-67.801083,-9.958675],[-67.80107,-9.958704],[-67.801055,-9.95874],[-67.801049,-9.958755],[-67.801037,-9.958793],[-67.801029,-9.958831],[-67.801024,-9.95887],[-67.801023,-9.958885],[-67.800998,-9.958935],[-67.800984,-9.958965],[-67.800968,-9.959003],[-67.800954,-9.959033],[-67.800944,-9.959059],[-67.800934,-9.959089],[-67.800926,-9.959116],[-67.800907,-9.959159],[-67.800893,-9.959193],[-67.800889,-9.959202],[-67.800878,-9.959235],[-67.800866,-9.959262],[-67.800858,-9.959277],[-67.800845,-9.959305],[-67.800832,-9.95932],[-67.800801,-9.959361],[-67.80079,-9.959378],[-67.800774,-9.959388],[-67.800743,-9.959412],[-67.800712,-9.959439],[-67.800698,-9.959449],[-67.800661,-9.959475],[-67.800644,-9.959488],[-67.800621,-9.959507],[-67.800606,-9.959514],[-67.800577,-9.959529],[-67.800551,-9.959545],[-67.800519,-9.959566],[-67.800498,-9.959576],[-67.800462,-9.959588],[-67.800411,-9.959593],[-67.800403,-9.959594],[-67.800323,-9.959604],[-67.800254,-9.959608],[-67.800225,-9.95961],[-67.800214,-9.959612],[-67.800185,-9.95961],[-67.800101,-9.959606],[-67.800043,-9.9596],[-67.800001,-9.959581],[-67.799975,-9.959571],[-67.799959,-9.959566],[-67.799951,-9.959561],[-67.799915,-9.959543],[-67.799879,-9.959528],[-67.799836,-9.959515],[-67.799814,-9.959509],[-67.799807,-9.959505],[-67.799784,-9.959493],[-67.799755,-9.959479],[-67.799724,-9.959466],[-67.799716,-9.959464],[-67.799662,-9.959445],[-67.799628,-9.959435],[-67.799593,-9.959428],[-67.799554,-9.959422],[-67.799515,-9.959421],[-67.799474,-9.959421],[-67.799434,-9.959422],[-67.799395,-9.959427],[-67.799347,-9.959439],[-67.799324,-9.959438],[-67.799267,-9.959442],[-67.799207,-9.959449],[-67.799184,-9.959453],[-67.799159,-9.959453],[-67.799124,-9.959455],[-67.79909,-9.95946],[-67.799058,-9.959467],[-67.79903,-9.959468],[-67.798996,-9.959473],[-67.798991,-9.959473],[-67.798933,-9.959476],[-67.798897,-9.959481],[-67.798875,-9.959484],[-67.798836,-9.959492],[-67.798798,-9.959504],[-67.798791,-9.959507],[-67.798751,-9.959522],[-67.798741,-9.959526],[-67.798704,-9.959541],[-67.798688,-9.959548],[-67.798628,-9.959575],[-67.798592,-9.959594],[-67.798581,-9.959576],[-67.798556,-9.959544],[-67.798545,-9.959531],[-67.798536,-9.959512],[-67.798521,-9.959481],[-67.798503,-9.959448],[-67.798496,-9.959436],[-67.798482,-9.959414],[-67.79848,-9.959399],[-67.798478,-9.959389],[-67.798472,-9.95936],[-67.798464,-9.959331],[-67.798455,-9.959304],[-67.798447,-9.959275],[-67.798437,-9.959247],[-67.798422,-9.95921],[-67.798404,-9.959176],[-67.798382,-9.959142],[-67.798379,-9.959137],[-67.79837,-9.959117],[-67.798347,-9.959072],[-67.79832,-9.959025],[-67.798301,-9.958994],[-67.798286,-9.958967],[-67.798283,-9.958957],[-67.798275,-9.958934],[-67.79826,-9.958898],[-67.798242,-9.958863],[-67.798229,-9.958843],[-67.79822,-9.958808],[-67.798206,-9.95876],[-67.798188,-9.958719],[-67.798169,-9.958678],[-67.798155,-9.958652],[-67.798153,-9.958645],[-67.798141,-9.958607],[-67.798126,-9.958571],[-67.798124,-9.958567],[-67.798123,-9.958562],[-67.798113,-9.958515],[-67.798111,-9.958505],[-67.798106,-9.958482],[-67.798101,-9.958462],[-67.798099,-9.958452],[-67.798093,-9.95843],[-67.798094,-9.958426],[-67.798095,-9.958421],[-67.798101,-9.958387],[-67.798105,-9.958354],[-67.798107,-9.958334],[-67.798112,-9.958314],[-67.798123,-9.958268],[-67.798127,-9.958239],[-67.79813,-9.95821],[-67.79813,-9.958205],[-67.798131,-9.9582],[-67.798149,-9.958149],[-67.79816,-9.958114],[-67.798167,-9.958079],[-67.798173,-9.95804],[-67.798173,-9.958026],[-67.798193,-9.957959],[-67.798213,-9.957894],[-67.798226,-9.957842],[-67.798228,-9.957829],[-67.79823,-9.957823],[-67.798243,-9.957768],[-67.798248,-9.95773],[-67.79825,-9.957691],[-67.79825,-9.957651],[-67.798248,-9.957611],[-67.798243,-9.957572],[-67.798241,-9.957558],[-67.798234,-9.957532],[-67.798227,-9.957493],[-67.798226,-9.957485],[-67.798218,-9.957449],[-67.798205,-9.957404],[-67.798201,-9.957392],[-67.798189,-9.957351],[-67.798186,-9.957342],[-67.798178,-9.95732],[-67.798173,-9.957298],[-67.798157,-9.957245],[-67.798142,-9.957209],[-67.798124,-9.957174],[-67.798114,-9.957158],[-67.798097,-9.957131],[-67.798094,-9.957126],[-67.798075,-9.957098],[-67.798042,-9.957054],[-67.798021,-9.95703],[-67.797997,-9.957008],[-67.79795,-9.956966],[-67.797939,-9.956956],[-67.79793,-9.956949],[-67.79792,-9.956941],[-67.797912,-9.956933],[-67.797883,-9.956907],[-67.797876,-9.956901],[-67.797845,-9.956876],[-67.797838,-9.956871],[-67.797797,-9.956839],[-67.797774,-9.956823],[-67.797718,-9.956785],[-67.797673,-9.956753],[-67.797635,-9.956728],[-67.79758,-9.956696],[-67.797568,-9.956689],[-67.797496,-9.95665],[-67.797465,-9.956636],[-67.797434,-9.956623],[-67.797396,-9.956611],[-67.797391,-9.95661],[-67.797359,-9.956596],[-67.797321,-9.956584],[-67.797282,-9.956576],[-67.797253,-9.956572],[-67.797197,-9.956565],[-67.79715,-9.956563],[-67.797119,-9.956563],[-67.797102,-9.95656],[-67.797098,-9.95656],[-67.797084,-9.956558],[-67.797079,-9.956557],[-67.797034,-9.956543],[-67.796992,-9.956532],[-67.796969,-9.956525],[-67.796942,-9.956511],[-67.796905,-9.956496],[-67.79686,-9.956483],[-67.796816,-9.956472],[-67.796784,-9.956465],[-67.796781,-9.956464],[-67.79676,-9.956461],[-67.796725,-9.956444],[-67.796681,-9.956426],[-67.796644,-9.956414],[-67.796594,-9.956401],[-67.796582,-9.956397],[-67.796535,-9.956386],[-67.796516,-9.956375],[-67.796484,-9.956358],[-67.796451,-9.956344],[-67.796422,-9.956333],[-67.796408,-9.956327],[-67.796399,-9.956322],[-67.796394,-9.956318],[-67.79639,-9.956315],[-67.796383,-9.956309],[-67.796352,-9.956285],[-67.796318,-9.956264],[-67.796312,-9.956261],[-67.796306,-9.956256],[-67.796275,-9.956232],[-67.796241,-9.956211],[-67.796206,-9.956192],[-67.796182,-9.956183],[-67.796145,-9.956159],[-67.79611,-9.956141],[-67.796085,-9.956131],[-67.796045,-9.956103],[-67.796008,-9.956079],[-67.795992,-9.95607],[-67.795951,-9.956049],[-67.795924,-9.956036],[-67.795896,-9.956025],[-67.795858,-9.956013],[-67.795819,-9.956004],[-67.795788,-9.956],[-67.795776,-9.955999],[-67.795764,-9.955995],[-67.795725,-9.955983],[-67.795709,-9.955978],[-67.795678,-9.95597],[-67.795655,-9.955961],[-67.79565,-9.955959],[-67.795612,-9.955948],[-67.795574,-9.955939],[-67.795565,-9.955937],[-67.795542,-9.955934],[-67.795533,-9.955932],[-67.795501,-9.955922],[-67.795447,-9.955909],[-67.795423,-9.955906],[-67.795379,-9.9559],[-67.795345,-9.955897],[-67.795307,-9.955896],[-67.795285,-9.955895],[-67.795245,-9.955897],[-67.795225,-9.955899],[-67.795198,-9.955898],[-67.795191,-9.955898],[-67.79516,-9.955895],[-67.79514,-9.955894],[-67.795123,-9.955889],[-67.795101,-9.955883],[-67.79509,-9.955877],[-67.795063,-9.955862],[-67.795034,-9.955849],[-67.795013,-9.955841],[-67.79501,-9.955839],[-67.794978,-9.955823],[-67.794958,-9.955814],[-67.79494,-9.955803],[-67.794927,-9.955795],[-67.794896,-9.955779],[-67.794865,-9.955765],[-67.79483,-9.955752],[-67.79482,-9.955748],[-67.794778,-9.955735],[-67.794749,-9.955727],[-67.794697,-9.955709],[-67.794662,-9.955698],[-67.794625,-9.955691],[-67.794586,-9.955686],[-67.794533,-9.955681],[-67.794486,-9.955675],[-67.794429,-9.955671],[-67.794389,-9.955673],[-67.794363,-9.955676],[-67.79436,-9.955656],[-67.794353,-9.955621],[-67.79434,-9.955572],[-67.794332,-9.955547],[-67.794364,-9.955547],[-67.794426,-9.95555],[-67.794448,-9.955551],[-67.794476,-9.95555],[-67.794553,-9.955545],[-67.79459,-9.955541],[-67.794635,-9.955535],[-67.794649,-9.955533],[-67.794688,-9.955524],[-67.794726,-9.955512],[-67.794771,-9.955493],[-67.794778,-9.95549],[-67.794804,-9.955476],[-67.794845,-9.955452],[-67.794883,-9.95543],[-67.794916,-9.95541],[-67.794946,-9.955386],[-67.794982,-9.955353],[-67.795014,-9.95532],[-67.795034,-9.955298],[-67.795059,-9.955267],[-67.79508,-9.955233],[-67.795098,-9.955198],[-67.795114,-9.955162],[-67.795122,-9.955137],[-67.79513,-9.955109],[-67.795143,-9.955057],[-67.79515,-9.955016],[-67.795155,-9.954968],[-67.795159,-9.954912],[-67.79516,-9.954884],[-67.795159,-9.954873],[-67.795164,-9.954848],[-67.795164,-9.954844],[-67.795167,-9.954829],[-67.795168,-9.954825],[-67.795178,-9.954792],[-67.795185,-9.954759],[-67.795188,-9.954738],[-67.795193,-9.954698],[-67.795196,-9.95467],[-67.795197,-9.954641],[-67.795195,-9.954602],[-67.795191,-9.954546],[-67.795185,-9.954506],[-67.795183,-9.954494],[-67.795171,-9.954438],[-67.795163,-9.954406],[-67.795153,-9.954374],[-67.795142,-9.954346],[-67.795129,-9.954319],[-67.79511,-9.954285],[-67.795104,-9.954273],[-67.795074,-9.95422],[-67.795071,-9.954216],[-67.795041,-9.95417],[-67.795021,-9.954144],[-67.795006,-9.954125],[-67.794979,-9.954096],[-67.79495,-9.954069],[-67.794927,-9.954051],[-67.794903,-9.954035],[-67.794874,-9.954016],[-67.794852,-9.954],[-67.794819,-9.953976],[-67.794791,-9.953958],[-67.794771,-9.953946],[-67.794723,-9.953922],[-67.794695,-9.95391],[-67.794674,-9.953901],[-67.794668,-9.953898],[-67.794616,-9.953874],[-67.794584,-9.953862],[-67.794546,-9.95385],[-67.794507,-9.953841],[-67.794468,-9.953836],[-67.794421,-9.953832],[-67.794393,-9.953828],[-67.794379,-9.953827],[-67.794316,-9.95382],[-67.794303,-9.953819],[-67.794281,-9.953812],[-67.794229,-9.9538],[-67.794189,-9.953795],[-67.79415,-9.953793],[-67.794135,-9.953793],[-67.794119,-9.953794],[-67.794095,-9.953792],[-67.794051,-9.95379],[-67.794011,-9.953791],[-67.793991,-9.953794],[-67.793972,-9.953797],[-67.793963,-9.953798],[-67.793939,-9.9538],[-67.793902,-9.953805],[-67.793857,-9.953813],[-67.793849,-9.953813],[-67.793818,-9.953815],[-67.793788,-9.953819],[-67.793756,-9.953826],[-67.793725,-9.953835],[-67.793643,-9.953862],[-67.79363,-9.953866],[-67.793594,-9.953881],[-67.793559,-9.953899],[-67.793548,-9.953905],[-67.793538,-9.953907],[-67.793526,-9.953906],[-67.793503,-9.953905],[-67.793482,-9.953896],[-67.79344,-9.953883],[-67.793414,-9.953877],[-67.793398,-9.953869],[-67.793379,-9.953858],[-67.793372,-9.953851],[-67.793354,-9.953835],[-67.79334,-9.953825],[-67.793331,-9.953813],[-67.793312,-9.953792],[-67.793265,-9.953742],[-67.793254,-9.953732],[-67.793236,-9.953709],[-67.7932,-9.953672],[-67.793191,-9.953663],[-67.793165,-9.953629],[-67.793138,-9.9536],[-67.793109,-9.953573],[-67.793077,-9.953549],[-67.793043,-9.953528],[-67.793023,-9.953517],[-67.792989,-9.953491],[-67.792958,-9.95347],[-67.792927,-9.95345],[-67.792878,-9.953426],[-67.792845,-9.953412],[-67.792821,-9.953403],[-67.792783,-9.953391],[-67.792744,-9.953382],[-67.792693,-9.953376],[-67.792652,-9.953374],[-67.792646,-9.953374],[-67.792594,-9.953371],[-67.792572,-9.953371],[-67.792532,-9.953372],[-67.792493,-9.953377],[-67.792454,-9.953386],[-67.792416,-9.953398],[-67.79237,-9.953417],[-67.792365,-9.95342],[-67.79233,-9.953431],[-67.792293,-9.953446],[-67.792258,-9.953464],[-67.792254,-9.953466],[-67.792218,-9.953488],[-67.792187,-9.953508],[-67.792157,-9.95353],[-67.79213,-9.953555],[-67.792096,-9.953588],[-67.792094,-9.95359],[-67.792067,-9.953619],[-67.792043,-9.95365],[-67.792022,-9.953683],[-67.791993,-9.953732],[-67.791975,-9.953768],[-67.791974,-9.95377],[-67.791926,-9.953759],[-67.791886,-9.953754],[-67.791847,-9.953752],[-67.791807,-9.953754],[-67.791767,-9.953759],[-67.791728,-9.953767],[-67.791691,-9.953779],[-67.791672,-9.953787],[-67.791625,-9.953806],[-67.791598,-9.953818],[-67.791572,-9.953832],[-67.791565,-9.953836],[-67.791521,-9.953862],[-67.791491,-9.953882],[-67.791463,-9.953903],[-67.791434,-9.95393],[-67.791407,-9.953959],[-67.791383,-9.95399],[-67.791361,-9.954023],[-67.79136,-9.954026],[-67.791337,-9.954066],[-67.791316,-9.954096],[-67.791293,-9.954131],[-67.791275,-9.954166],[-67.791259,-9.954202],[-67.79125,-9.954231],[-67.791242,-9.954261],[-67.791235,-9.954294],[-67.791232,-9.954312],[-67.791226,-9.954351],[-67.791225,-9.954391],[-67.791226,-9.95443],[-67.791232,-9.954469],[-67.791234,-9.954483],[-67.791244,-9.954529],[-67.791252,-9.954562],[-67.791274,-9.954637],[-67.791284,-9.954666],[-67.791299,-9.954702],[-67.791317,-9.954737],[-67.791344,-9.954778],[-67.791374,-9.954818],[-67.791386,-9.954834],[-67.791413,-9.954867],[-67.791437,-9.954903],[-67.791454,-9.954925],[-67.791462,-9.954934],[-67.791466,-9.95494],[-67.791469,-9.954946],[-67.791475,-9.954956],[-67.791483,-9.954969],[-67.791503,-9.955002],[-67.791521,-9.955029],[-67.791541,-9.955054],[-67.791568,-9.955083],[-67.791598,-9.95511],[-67.791629,-9.955134],[-67.791663,-9.955155],[-67.791701,-9.955174],[-67.791746,-9.955195],[-67.791775,-9.955207],[-67.791819,-9.955223],[-67.791823,-9.955225],[-67.791854,-9.955235],[-67.791866,-9.955238],[-67.791889,-9.955252],[-67.791891,-9.955261],[-67.791894,-9.955281],[-67.791891,-9.955305],[-67.791887,-9.955336],[-67.791886,-9.955368],[-67.791887,-9.955401],[-67.791893,-9.95547],[-67.791891,-9.955488],[-67.791889,-9.955531],[-67.791888,-9.955551],[-67.79189,-9.955591],[-67.791895,-9.95563],[-67.7919,-9.955652],[-67.791903,-9.955666],[-67.791873,-9.955667],[-67.79183,-9.955671],[-67.791818,-9.955672],[-67.79179,-9.955672],[-67.791733,-9.955676],[-67.791647,-9.955686],[-67.791624,-9.95569],[-67.791602,-9.955694],[-67.791547,-9.955707],[-67.791522,-9.955712],[-67.791481,-9.955714],[-67.791471,-9.955715],[-67.791401,-9.955719],[-67.791333,-9.955721],[-67.791299,-9.955723],[-67.791265,-9.955728],[-67.791249,-9.95573],[-67.79124,-9.95573],[-67.791204,-9.955732],[-67.791168,-9.955736],[-67.791125,-9.955742],[-67.791118,-9.95572],[-67.791113,-9.955704],[-67.791098,-9.955668],[-67.791079,-9.955633],[-67.791058,-9.9556],[-67.791034,-9.955568],[-67.79103,-9.955564],[-67.791019,-9.955545],[-67.791001,-9.955517],[-67.79098,-9.955487],[-67.79097,-9.955467],[-67.790955,-9.955428],[-67.79094,-9.955394],[-67.790923,-9.955362],[-67.790916,-9.95535],[-67.79088,-9.955291],[-67.790861,-9.955264],[-67.790841,-9.955238],[-67.79082,-9.955215],[-67.790777,-9.955171],[-67.790741,-9.955134],[-67.790726,-9.955119],[-67.790686,-9.955081],[-67.790664,-9.955061],[-67.790632,-9.955035],[-67.790601,-9.955011],[-67.790568,-9.95499],[-67.790539,-9.954975],[-67.790484,-9.954949],[-67.790479,-9.954946],[-67.790424,-9.954921],[-67.790387,-9.954906],[-67.790354,-9.954895],[-67.790321,-9.954887],[-67.79028,-9.954879],[-67.790269,-9.954877],[-67.790221,-9.954871],[-67.79019,-9.954869],[-67.790178,-9.954869],[-67.790124,-9.954866],[-67.790106,-9.954866],[-67.790066,-9.954868],[-67.790027,-9.954873],[-67.79001,-9.954876],[-67.789982,-9.954878],[-67.789943,-9.954883],[-67.789913,-9.954889],[-67.789885,-9.954897],[-67.789833,-9.954913],[-67.789821,-9.954917],[-67.789757,-9.954939],[-67.789751,-9.954941],[-67.789718,-9.954955],[-67.789655,-9.954983],[-67.789616,-9.955003],[-67.789583,-9.955024],[-67.789551,-9.955048],[-67.789534,-9.955063],[-67.789493,-9.955101],[-67.789454,-9.955141],[-67.78943,-9.955173],[-67.789408,-9.955206],[-67.789396,-9.955228],[-67.789386,-9.955247],[-67.789366,-9.955279],[-67.789358,-9.955293],[-67.789339,-9.955328],[-67.789324,-9.955365],[-67.789312,-9.955402],[-67.789303,-9.955441],[-67.789298,-9.955485],[-67.789293,-9.955548],[-67.789292,-9.955583],[-67.789294,-9.955631],[-67.789302,-9.955705],[-67.789304,-9.955741],[-67.789306,-9.95577],[-67.78931,-9.955799],[-67.789313,-9.955815],[-67.789327,-9.955881],[-67.789335,-9.955911],[-67.789345,-9.955941],[-67.789356,-9.955969],[-67.78937,-9.955997],[-67.789377,-9.95601],[-67.789391,-9.956055],[-67.789397,-9.956074],[-67.789409,-9.956103],[-67.789438,-9.956167],[-67.789441,-9.956174],[-67.789472,-9.95624],[-67.789491,-9.956276],[-67.789495,-9.956282],[-67.789499,-9.956289],[-67.789505,-9.956306],[-67.78952,-9.956342],[-67.789538,-9.956377],[-67.78956,-9.95641],[-67.789584,-9.956442],[-67.789588,-9.956447],[-67.789613,-9.956476],[-67.789616,-9.956481],[-67.789637,-9.956521],[-67.789658,-9.956555],[-67.789667,-9.956566],[-67.789656,-9.956588],[-67.789648,-9.956605],[-67.789638,-9.95662],[-67.789606,-9.956659],[-67.789588,-9.956682],[-67.789572,-9.956706],[-67.789537,-9.956763],[-67.789518,-9.95679],[-67.789498,-9.956823],[-67.789479,-9.956858],[-67.789464,-9.956894],[-67.789455,-9.956923],[-67.789444,-9.956958],[-67.789441,-9.956968],[-67.78943,-9.956985],[-67.789423,-9.956997],[-67.789404,-9.957032],[-67.789389,-9.957069],[-67.789373,-9.957122],[-67.789359,-9.957185],[-67.789357,-9.957191],[-67.789347,-9.957207],[-67.789337,-9.957223],[-67.789322,-9.957252],[-67.789308,-9.957283],[-67.789294,-9.957304],[-67.789277,-9.95733],[-67.789259,-9.957365],[-67.789244,-9.957402],[-67.789234,-9.957433],[-67.789221,-9.957458],[-67.78921,-9.957485],[-67.789199,-9.957495],[-67.789171,-9.95752],[-67.789154,-9.957537],[-67.789101,-9.95759],[-67.789078,-9.957615],[-67.789059,-9.95764],[-67.789041,-9.957666],[-67.789026,-9.95769],[-67.789021,-9.957696],[-67.788989,-9.957731],[-67.788975,-9.957746],[-67.788941,-9.957792],[-67.788914,-9.957833],[-67.788903,-9.957851],[-67.788884,-9.957886],[-67.788869,-9.957923],[-67.788857,-9.95796],[-67.78885,-9.957992],[-67.788842,-9.958003],[-67.788824,-9.958038],[-67.788809,-9.958074],[-67.788807,-9.958078],[-67.788794,-9.958085],[-67.788769,-9.958098],[-67.788751,-9.958107],[-67.788725,-9.958117],[-67.788685,-9.958129],[-67.788662,-9.958135],[-67.788655,-9.958136],[-67.788649,-9.958136],[-67.788636,-9.95811],[-67.78862,-9.958083],[-67.788618,-9.958079],[-67.788599,-9.95805],[-67.788579,-9.958022],[-67.788545,-9.95798],[-67.788538,-9.957972],[-67.78853,-9.957963],[-67.788531,-9.957949],[-67.788535,-9.957915],[-67.788537,-9.957869],[-67.788536,-9.95783],[-67.78853,-9.95779],[-67.788527,-9.957772],[-67.788525,-9.957764],[-67.788522,-9.957735],[-67.788513,-9.957696],[-67.788501,-9.957658],[-67.788487,-9.957625],[-67.78847,-9.957592],[-67.788454,-9.957563],[-67.788451,-9.957558],[-67.78844,-9.957541],[-67.788415,-9.957501],[-67.788399,-9.957476],[-67.788381,-9.95745],[-67.788361,-9.957425],[-67.788343,-9.957404],[-67.788317,-9.957377],[-67.788279,-9.957342],[-67.788248,-9.957318],[-67.788234,-9.957309],[-67.788212,-9.957263],[-67.788197,-9.957236],[-67.788193,-9.957229],[-67.788173,-9.957197],[-67.788149,-9.957167],[-67.788121,-9.957133],[-67.788119,-9.957131],[-67.788092,-9.957102],[-67.788063,-9.957075],[-67.788051,-9.957066],[-67.788035,-9.957053],[-67.788023,-9.957038],[-67.788018,-9.957032],[-67.788008,-9.95702],[-67.787999,-9.957006],[-67.787975,-9.956975],[-67.787963,-9.956961],[-67.787961,-9.956958],[-67.787959,-9.956954],[-67.787956,-9.956949],[-67.787938,-9.956922],[-67.787924,-9.956903],[-67.787921,-9.956897],[-67.787919,-9.956894],[-67.787898,-9.95686],[-67.787873,-9.956829],[-67.787867,-9.956822],[-67.787835,-9.956785],[-67.787818,-9.956767],[-67.787814,-9.956762],[-67.7878,-9.956742],[-67.787782,-9.956716],[-67.787763,-9.956692],[-67.787742,-9.956666],[-67.787732,-9.956648],[-67.787726,-9.956636],[-67.787704,-9.956603],[-67.78768,-9.956572],[-67.787676,-9.956567],[-67.787663,-9.956552],[-67.787661,-9.956549],[-67.787655,-9.95654],[-67.787654,-9.956537],[-67.787651,-9.956531],[-67.787636,-9.956494],[-67.787622,-9.956464],[-67.787618,-9.956457],[-67.787608,-9.956436],[-67.7876,-9.956412],[-67.787585,-9.956376],[-67.787578,-9.956362],[-67.787573,-9.956346],[-67.78756,-9.956308],[-67.787556,-9.956296],[-67.787541,-9.95626],[-67.787522,-9.956225],[-67.787492,-9.956179],[-67.787472,-9.956153],[-67.787448,-9.956114],[-67.787425,-9.956079],[-67.787394,-9.956037],[-67.787375,-9.956012],[-67.787353,-9.955988],[-67.78733,-9.955966],[-67.787293,-9.955933],[-67.787281,-9.955923],[-67.787252,-9.955901],[-67.78722,-9.95588],[-67.787205,-9.955871],[-67.787194,-9.95586],[-67.787167,-9.955833],[-67.787146,-9.955812],[-67.787134,-9.955801],[-67.787131,-9.955796],[-67.787121,-9.955783],[-67.787101,-9.955757],[-67.787089,-9.955742],[-67.787062,-9.955713],[-67.787032,-9.955687],[-67.787001,-9.955663],[-67.786967,-9.955641],[-67.78694,-9.955627],[-67.786912,-9.955615],[-67.786868,-9.955597],[-67.786851,-9.95559],[-67.786813,-9.955578],[-67.786774,-9.95557],[-67.786763,-9.955568],[-67.786723,-9.955562],[-67.786688,-9.955558],[-67.786678,-9.955557],[-67.786643,-9.955552],[-67.786609,-9.955548],[-67.786575,-9.955547],[-67.78656,-9.955547],[-67.786539,-9.955544],[-67.786526,-9.955542],[-67.786521,-9.955541],[-67.786482,-9.955536],[-67.786473,-9.955536],[-67.786454,-9.955532],[-67.786448,-9.955531],[-67.786409,-9.955526],[-67.786369,-9.955524],[-67.78633,-9.955526],[-67.78629,-9.955531],[-67.786282,-9.955533],[-67.786259,-9.955537],[-67.786244,-9.955539],[-67.786224,-9.95554],[-67.786169,-9.955546],[-67.78613,-9.955555],[-67.786092,-9.955567],[-67.786055,-9.955582],[-67.78602,-9.9556],[-67.78601,-9.955606],[-67.786003,-9.955609],[-67.785974,-9.955621],[-67.785961,-9.955611],[-67.785944,-9.955591],[-67.785931,-9.955574],[-67.785922,-9.955563],[-67.785895,-9.955534],[-67.785866,-9.955508],[-67.785848,-9.955494],[-67.785816,-9.95547],[-67.785814,-9.955467],[-67.785811,-9.955461],[-67.785784,-9.955427],[-67.785757,-9.955398],[-67.785728,-9.955371],[-67.785705,-9.955354],[-67.785686,-9.955337],[-67.785655,-9.955313],[-67.785621,-9.955292],[-67.785586,-9.955274],[-67.785571,-9.955267],[-67.785566,-9.955264],[-67.78553,-9.955246],[-67.785494,-9.955231],[-67.785456,-9.955219],[-67.785443,-9.955216],[-67.785435,-9.955213],[-67.785402,-9.955201],[-67.785398,-9.955199],[-67.785358,-9.955187],[-67.785332,-9.95518],[-67.785297,-9.955172],[-67.785267,-9.955167],[-67.785264,-9.955166],[-67.785207,-9.95516],[-67.785178,-9.955158],[-67.785155,-9.955158],[-67.785114,-9.95516],[-67.78507,-9.955164],[-67.785032,-9.955169],[-67.785002,-9.955175],[-67.784973,-9.955183],[-67.784934,-9.955195],[-67.784916,-9.955201],[-67.784904,-9.955206],[-67.78487,-9.955219],[-67.784855,-9.955225],[-67.784795,-9.955251],[-67.784749,-9.955274],[-67.784715,-9.955295],[-67.784684,-9.955319],[-67.784645,-9.955356],[-67.784608,-9.955395],[-67.784591,-9.955413],[-67.78458,-9.955427],[-67.784548,-9.955468],[-67.78453,-9.955493],[-67.784514,-9.955519],[-67.784507,-9.955531],[-67.784481,-9.955578],[-67.784468,-9.955604],[-67.784457,-9.955631],[-67.78444,-9.955676],[-67.784437,-9.955682],[-67.784425,-9.95572],[-67.784417,-9.955758],[-67.784411,-9.9558],[-67.784408,-9.95584],[-67.784401,-9.955884],[-67.784397,-9.95593],[-67.784394,-9.95598],[-67.784391,-9.956],[-67.78439,-9.956004],[-67.78438,-9.956067],[-67.784375,-9.956114],[-67.784371,-9.95618],[-67.78437,-9.956204],[-67.784372,-9.956243],[-67.784377,-9.956282],[-67.784379,-9.956292],[-67.784386,-9.956325],[-67.784394,-9.956359],[-67.784405,-9.956392],[-67.784407,-9.956398],[-67.784419,-9.956429],[-67.784433,-9.956463],[-67.784447,-9.956488],[-67.784429,-9.956531],[-67.784417,-9.956568],[-67.784408,-9.956607],[-67.784403,-9.956646],[-67.784402,-9.956685],[-67.784403,-9.956723],[-67.784405,-9.956747],[-67.784405,-9.956776],[-67.784407,-9.956816],[-67.784412,-9.956855],[-67.784421,-9.956893],[-67.784433,-9.956931],[-67.784445,-9.956962],[-67.78446,-9.956992],[-67.784485,-9.957037],[-67.784491,-9.957048],[-67.784507,-9.957073],[-67.784524,-9.957096],[-67.784554,-9.957136],[-67.784568,-9.957153],[-67.784595,-9.957182],[-67.784624,-9.957208],[-67.784655,-9.957232],[-67.784689,-9.957254],[-67.784713,-9.957267],[-67.784763,-9.957291],[-67.784783,-9.957301],[-67.784849,-9.957329],[-67.784877,-9.957341],[-67.784899,-9.957348],[-67.784969,-9.957369],[-67.785023,-9.957382],[-67.785062,-9.957387],[-67.78508,-9.957388],[-67.785101,-9.957389],[-67.785109,-9.957389],[-67.785139,-9.957392],[-67.785169,-9.957393],[-67.785243,-9.957393],[-67.785284,-9.957391],[-67.785323,-9.957386],[-67.785359,-9.957378],[-67.785394,-9.957368],[-67.785398,-9.957366],[-67.785401,-9.957375],[-67.785405,-9.957387],[-67.785418,-9.95742],[-67.785429,-9.957448],[-67.785444,-9.957485],[-67.785455,-9.957506],[-67.785463,-9.957528],[-67.785469,-9.957552],[-67.785481,-9.957589],[-67.785486,-9.957602],[-67.785489,-9.957613],[-67.78549,-9.957618],[-67.785493,-9.957639],[-67.785494,-9.957645],[-67.785495,-9.957654],[-67.7855,-9.95768],[-67.785501,-9.957688],[-67.785509,-9.957727],[-67.785521,-9.957765],[-67.785524,-9.957771],[-67.785534,-9.957796],[-67.785548,-9.957829],[-67.785565,-9.957861],[-67.785588,-9.957897],[-67.785604,-9.95792],[-67.785618,-9.957939],[-67.785644,-9.957971],[-67.785653,-9.957981],[-67.78566,-9.95799],[-67.785668,-9.958002],[-67.78569,-9.958034],[-67.785707,-9.958068],[-67.78574,-9.958135],[-67.785742,-9.95814],[-67.785754,-9.958163],[-67.785768,-9.958196],[-67.78578,-9.958223],[-67.785794,-9.958248],[-67.785807,-9.95827],[-67.785818,-9.958286],[-67.785822,-9.958293],[-67.78583,-9.958308],[-67.785852,-9.958341],[-67.785859,-9.958351],[-67.785862,-9.958357],[-67.785865,-9.958362],[-67.785868,-9.958368],[-67.785871,-9.958376],[-67.785884,-9.958405],[-67.7859,-9.958434],[-67.78593,-9.95848],[-67.785936,-9.958491],[-67.785948,-9.958514],[-67.78597,-9.958547],[-67.785994,-9.958579],[-67.786004,-9.95859],[-67.78601,-9.958597],[-67.786026,-9.958619],[-67.786035,-9.95863],[-67.786059,-9.958659],[-67.786065,-9.958667],[-67.786092,-9.958696],[-67.786107,-9.958709],[-67.786111,-9.958714],[-67.786138,-9.958743],[-67.786148,-9.958753],[-67.786163,-9.958776],[-67.786184,-9.958805],[-67.786204,-9.958831],[-67.786227,-9.958856],[-67.786239,-9.958868],[-67.786249,-9.958884],[-67.786257,-9.958899],[-67.78627,-9.958923],[-67.786289,-9.958953],[-67.786267,-9.958958],[-67.786233,-9.958965],[-67.786203,-9.958973],[-67.786174,-9.958982],[-67.786155,-9.95899],[-67.786119,-9.959004],[-67.786092,-9.959016],[-67.786067,-9.95903],[-67.786058,-9.959035],[-67.786034,-9.959049],[-67.786027,-9.959046],[-67.78599,-9.959031],[-67.785958,-9.959021],[-67.785926,-9.959013],[-67.785891,-9.959006],[-67.785874,-9.959002],[-67.785847,-9.958996],[-67.785808,-9.958991],[-67.785768,-9.95899],[-67.785741,-9.958991],[-67.785735,-9.95899],[-67.78572,-9.958988],[-67.785686,-9.958985],[-67.785682,-9.958984],[-67.785644,-9.958981],[-67.785614,-9.958979],[-67.785604,-9.958977],[-67.785573,-9.958971],[-67.785568,-9.958971],[-67.78553,-9.958966],[-67.78549,-9.958964],[-67.785458,-9.958964],[-67.78545,-9.958963],[-67.785423,-9.958963],[-67.785392,-9.958964],[-67.785361,-9.958967],[-67.785304,-9.958975],[-67.785288,-9.958977],[-67.785249,-9.958986],[-67.78521,-9.958998],[-67.785198,-9.959002],[-67.785183,-9.959006],[-67.785151,-9.959017],[-67.785112,-9.959033],[-67.785065,-9.959055],[-67.78504,-9.959066],[-67.785,-9.959086],[-67.784966,-9.959108],[-67.784935,-9.959132],[-67.784915,-9.959149],[-67.784884,-9.959178],[-67.784852,-9.959211],[-67.78485,-9.959206],[-67.784848,-9.959202],[-67.784833,-9.959175],[-67.784812,-9.959141],[-67.784787,-9.95911],[-67.784773,-9.959095],[-67.784766,-9.959086],[-67.784758,-9.959075],[-67.784734,-9.959041],[-67.784713,-9.959016],[-67.784708,-9.959008],[-67.784689,-9.958983],[-67.784676,-9.958965],[-67.784665,-9.958952],[-67.784662,-9.958949],[-67.784646,-9.958931],[-67.784621,-9.958904],[-67.784593,-9.958879],[-67.784583,-9.958871],[-67.784578,-9.958865],[-67.784574,-9.95886],[-67.784547,-9.958831],[-67.784525,-9.958811],[-67.784518,-9.958804],[-67.784495,-9.958784],[-67.784491,-9.95878],[-67.784466,-9.95876],[-67.784437,-9.958738],[-67.784418,-9.958726],[-67.784396,-9.95871],[-67.784362,-9.958688],[-67.784359,-9.958687],[-67.78434,-9.958676],[-67.784319,-9.958665],[-67.784312,-9.958659],[-67.784305,-9.958653],[-67.784276,-9.95863],[-67.784257,-9.958618],[-67.784242,-9.958603],[-67.784207,-9.958577],[-67.784197,-9.95857],[-67.784179,-9.958556],[-67.784171,-9.958552],[-67.784169,-9.958549],[-67.784164,-9.958545],[-67.784149,-9.958528],[-67.784128,-9.958506],[-67.784105,-9.958486],[-67.78408,-9.958467],[-67.784072,-9.958461],[-67.784052,-9.958443],[-67.784032,-9.958428],[-67.784009,-9.95841],[-67.78398,-9.958391],[-67.783974,-9.958388],[-67.78397,-9.958384],[-67.783945,-9.958362],[-67.783914,-9.958338],[-67.78388,-9.958316],[-67.783845,-9.958298],[-67.78383,-9.958292],[-67.783808,-9.958278],[-67.783773,-9.95826],[-67.783768,-9.958258],[-67.783762,-9.958254],[-67.783736,-9.958236],[-67.78372,-9.958226],[-67.783706,-9.958218],[-67.783671,-9.9582],[-67.783634,-9.958185],[-67.783628,-9.958183],[-67.783602,-9.958174],[-67.783564,-9.958162],[-67.783536,-9.958156],[-67.783515,-9.958151],[-67.783486,-9.958145],[-67.783475,-9.958143],[-67.783436,-9.958138],[-67.783403,-9.958136],[-67.783398,-9.958134],[-67.783378,-9.958128],[-67.78337,-9.958123],[-67.783367,-9.95812],[-67.783355,-9.958103],[-67.783347,-9.958094],[-67.783326,-9.95807],[-67.783315,-9.958057],[-67.783311,-9.958051],[-67.783302,-9.958035],[-67.78328,-9.958002],[-67.783256,-9.957971],[-67.783247,-9.957961],[-67.783239,-9.957948],[-67.783233,-9.957939],[-67.783212,-9.957898],[-67.783205,-9.957887],[-67.783204,-9.957884],[-67.783188,-9.957854],[-67.78318,-9.95784],[-67.783149,-9.957791],[-67.783122,-9.957754],[-67.783095,-9.957718],[-67.783074,-9.957692],[-67.783059,-9.957672],[-67.783048,-9.957661],[-67.783042,-9.957648],[-67.783033,-9.957632],[-67.783027,-9.95762],[-67.782996,-9.957575],[-67.782989,-9.957565],[-67.782984,-9.957557],[-67.782979,-9.957551],[-67.782976,-9.957546],[-67.782972,-9.957536],[-67.782953,-9.957501],[-67.782947,-9.95749],[-67.782945,-9.957485],[-67.782927,-9.957444],[-67.782905,-9.957398],[-67.782895,-9.957378],[-67.782866,-9.957326],[-67.782861,-9.957316],[-67.782841,-9.957285],[-67.782825,-9.957263],[-67.782811,-9.957237],[-67.782807,-9.95723],[-67.782783,-9.957193],[-67.782777,-9.957186],[-67.782772,-9.957175],[-67.782762,-9.957157],[-67.782743,-9.957127],[-67.782722,-9.957099],[-67.782676,-9.957043],[-67.78267,-9.957036],[-67.782643,-9.957007],[-67.782614,-9.95698],[-67.782598,-9.956968],[-67.782579,-9.956946],[-67.782551,-9.956917],[-67.782525,-9.956892],[-67.782522,-9.956888],[-67.782496,-9.956854],[-67.782479,-9.956832],[-67.78247,-9.956822],[-67.78242,-9.956766],[-67.782386,-9.956728],[-67.782362,-9.956703],[-67.782337,-9.95668],[-67.782328,-9.956674],[-67.782289,-9.956642],[-67.782257,-9.956619],[-67.782219,-9.956594],[-67.782206,-9.956586],[-67.782193,-9.95656],[-67.782182,-9.956527],[-67.782177,-9.956512],[-67.782162,-9.956477],[-67.782148,-9.956445],[-67.782139,-9.956424],[-67.782132,-9.956388],[-67.782125,-9.956356],[-67.782094,-9.956245],[-67.782083,-9.956208],[-67.782075,-9.956188],[-67.782035,-9.956093],[-67.782015,-9.956052],[-67.781992,-9.956011],[-67.781966,-9.955963],[-67.78196,-9.955952],[-67.781938,-9.955918],[-67.781914,-9.955887],[-67.781892,-9.955863],[-67.781868,-9.95584],[-67.78186,-9.955833],[-67.781856,-9.955828],[-67.781853,-9.955825],[-67.781826,-9.955796],[-67.781797,-9.955769],[-67.781765,-9.955745],[-67.781732,-9.955724],[-67.781696,-9.955706],[-67.78166,-9.955691],[-67.781656,-9.955689],[-67.781623,-9.955678],[-67.781587,-9.955667],[-67.78155,-9.955659],[-67.781518,-9.955654],[-67.781479,-9.95565],[-67.781434,-9.955648],[-67.781405,-9.955648],[-67.781365,-9.95565],[-67.781325,-9.955655],[-67.781278,-9.955666],[-67.781245,-9.955675],[-67.781216,-9.955685],[-67.78117,-9.955704],[-67.781143,-9.955717],[-67.781117,-9.955731],[-67.78107,-9.955762],[-67.781038,-9.955786],[-67.781019,-9.955801],[-67.780992,-9.955825],[-67.780979,-9.955838],[-67.780963,-9.955849],[-67.780927,-9.955876],[-67.780908,-9.955893],[-67.780865,-9.955933],[-67.780829,-9.955971],[-67.780805,-9.956002],[-67.780783,-9.956035],[-67.780765,-9.95607],[-67.78075,-9.956107],[-67.780746,-9.956117],[-67.780735,-9.95615],[-67.780725,-9.956183],[-67.780717,-9.956218],[-67.780711,-9.956253],[-67.780709,-9.956263],[-67.780704,-9.956277],[-67.780702,-9.956283],[-67.780689,-9.956307],[-67.780674,-9.956343],[-67.780662,-9.95638],[-67.780654,-9.956417],[-67.780633,-9.956531],[-67.78063,-9.956539],[-67.780625,-9.956551],[-67.780613,-9.956588],[-67.780604,-9.956627],[-67.780599,-9.956666],[-67.780598,-9.956705],[-67.780598,-9.956712],[-67.780599,-9.956815],[-67.780592,-9.956886],[-67.78059,-9.956928],[-67.78059,-9.956938],[-67.780592,-9.957002],[-67.780589,-9.957038],[-67.780588,-9.957073],[-67.78059,-9.957112],[-67.780595,-9.957151],[-67.780598,-9.957169],[-67.780613,-9.957238],[-67.780624,-9.957279],[-67.780633,-9.957305],[-67.780634,-9.957311],[-67.780623,-9.957311],[-67.780598,-9.957313],[-67.780568,-9.957312],[-67.780549,-9.957311],[-67.780548,-9.957289],[-67.780543,-9.95725],[-67.780532,-9.957202],[-67.780519,-9.957158],[-67.78051,-9.957129],[-67.780508,-9.957124],[-67.780487,-9.957071],[-67.780485,-9.957065],[-67.780465,-9.957016],[-67.780456,-9.956989],[-67.780444,-9.956939],[-67.780439,-9.956923],[-67.780426,-9.956877],[-67.780414,-9.956826],[-67.780398,-9.956774],[-67.780387,-9.956745],[-67.780382,-9.956735],[-67.78038,-9.956718],[-67.780376,-9.956694],[-67.780367,-9.956652],[-67.780366,-9.956642],[-67.780361,-9.956603],[-67.780352,-9.956564],[-67.78034,-9.956527],[-67.780325,-9.95649],[-67.780307,-9.956455],[-67.780285,-9.956422],[-67.780283,-9.956419],[-67.780281,-9.956415],[-67.780268,-9.956391],[-67.780267,-9.956388],[-67.780251,-9.956362],[-67.78023,-9.95633],[-67.780207,-9.9563],[-67.78018,-9.956271],[-67.780151,-9.956245],[-67.780121,-9.956222],[-67.780082,-9.956194],[-67.780075,-9.95619],[-67.780039,-9.956165],[-67.78001,-9.956147],[-67.779975,-9.956129],[-67.779938,-9.956114],[-67.77991,-9.956105],[-67.779882,-9.956098],[-67.779824,-9.956085],[-67.779768,-9.956072],[-67.779745,-9.956068],[-67.779706,-9.956062],[-67.779667,-9.956061],[-67.77966,-9.956061],[-67.779646,-9.956061],[-67.779615,-9.956056],[-67.779565,-9.95605],[-67.779536,-9.956047],[-67.779506,-9.956046],[-67.77947,-9.956046],[-67.779429,-9.956047],[-67.779416,-9.956047],[-67.779376,-9.956049],[-67.779336,-9.956054],[-67.779301,-9.956062],[-67.77927,-9.956063],[-67.77923,-9.956068],[-67.779213,-9.956071],[-67.779155,-9.956078],[-67.779143,-9.95608],[-67.779069,-9.95608],[-67.779029,-9.956082],[-67.77899,-9.956087],[-67.778953,-9.956095],[-67.778917,-9.956106],[-67.778877,-9.95612],[-67.778872,-9.956121],[-67.778839,-9.956135],[-67.778807,-9.956151],[-67.778783,-9.956164],[-67.778771,-9.956168],[-67.778764,-9.956171],[-67.778735,-9.956182],[-67.778685,-9.956204],[-67.778642,-9.956226],[-67.778604,-9.95625],[-67.778562,-9.95628],[-67.778551,-9.956289],[-67.778517,-9.956314],[-67.778502,-9.956326],[-67.778472,-9.956353],[-67.778445,-9.956383],[-67.778409,-9.956425],[-67.778382,-9.956462],[-67.778367,-9.956484],[-67.77835,-9.956511],[-67.778331,-9.956546],[-67.778316,-9.956582],[-67.778315,-9.956585],[-67.778309,-9.956598],[-67.778297,-9.956628],[-67.778294,-9.956637],[-67.778284,-9.956667],[-67.778274,-9.9567],[-67.778266,-9.956733],[-67.778263,-9.95676],[-67.778259,-9.956793],[-67.778256,-9.956845],[-67.778259,-9.9569],[-67.778264,-9.95694],[-67.778268,-9.956963],[-67.778276,-9.957001],[-67.778338,-9.957294],[-67.779171,-9.95785],[-67.779356,-9.957585],[-67.779358,-9.957575],[-67.779378,-9.957486],[-67.779381,-9.95747],[-67.779386,-9.957431],[-67.779388,-9.957392],[-67.779386,-9.95736],[-67.779383,-9.957329],[-67.779372,-9.957251],[-67.779369,-9.957235],[-67.779361,-9.957197],[-67.779349,-9.957159],[-67.779344,-9.957146],[-67.779314,-9.957071],[-67.779284,-9.956997],[-67.779275,-9.956978],[-67.779306,-9.956971],[-67.779346,-9.956966],[-67.779351,-9.956966],[-67.779362,-9.956966],[-67.779403,-9.956964],[-67.779442,-9.956959],[-67.779461,-9.956954],[-67.779465,-9.956954],[-67.779495,-9.956953],[-67.779503,-9.956989],[-67.779518,-9.95704],[-67.77953,-9.957069],[-67.779539,-9.957087],[-67.779541,-9.957094],[-67.779547,-9.957117],[-67.779561,-9.957166],[-67.779576,-9.957224],[-67.779585,-9.957257],[-67.779604,-9.957313],[-67.779608,-9.957324],[-67.779612,-9.957335],[-67.779634,-9.957391],[-67.779636,-9.957422],[-67.77964,-9.957459],[-67.779646,-9.957494],[-67.77965,-9.957529],[-67.779654,-9.957552],[-67.779662,-9.95759],[-67.779674,-9.957626],[-67.77969,-9.95767],[-67.779705,-9.957715],[-67.779708,-9.957722],[-67.779726,-9.957765],[-67.779758,-9.957829],[-67.779773,-9.957858],[-67.779794,-9.957891],[-67.779818,-9.957922],[-67.779855,-9.957966],[-67.779883,-9.957996],[-67.779912,-9.958022],[-67.77994,-9.958044],[-67.779979,-9.958072],[-67.780016,-9.958095],[-67.780052,-9.958114],[-67.780088,-9.958129],[-67.780094,-9.958131],[-67.780137,-9.958145],[-67.780179,-9.958158],[-67.780242,-9.958173],[-67.780255,-9.958176],[-67.780312,-9.958188],[-67.780315,-9.958189],[-67.780373,-9.958201],[-67.780386,-9.958203],[-67.780436,-9.958209],[-67.780516,-9.958214],[-67.780532,-9.958215],[-67.780592,-9.958217],[-67.780606,-9.958217],[-67.780638,-9.958215],[-67.78064,-9.958216],[-67.780644,-9.958216],[-67.780679,-9.95822],[-67.780729,-9.958225],[-67.78077,-9.958227],[-67.780825,-9.958223],[-67.78086,-9.958219],[-67.780871,-9.958218],[-67.780915,-9.958211],[-67.780928,-9.958209],[-67.780976,-9.958198],[-67.781013,-9.958187],[-67.781042,-9.958178],[-67.781074,-9.958165],[-67.781127,-9.958141],[-67.781167,-9.958121],[-67.7812,-9.9581],[-67.781232,-9.958076],[-67.78127,-9.958041],[-67.781303,-9.958006],[-67.781321,-9.957986],[-67.781344,-9.957956],[-67.781353,-9.957943],[-67.781367,-9.957928],[-67.781381,-9.957912],[-67.781405,-9.957881],[-67.781426,-9.957848],[-67.781432,-9.957836],[-67.781436,-9.957832],[-67.781456,-9.957807],[-67.781478,-9.957777],[-67.781503,-9.957738],[-67.781522,-9.957703],[-67.781537,-9.957666],[-67.781539,-9.957662],[-67.781559,-9.957605],[-67.781569,-9.95757],[-67.781577,-9.957534],[-67.781582,-9.957503],[-67.781584,-9.957471],[-67.781586,-9.957404],[-67.781587,-9.957389],[-67.781585,-9.957349],[-67.78158,-9.95731],[-67.781569,-9.957265],[-67.781561,-9.957235],[-67.781573,-9.957247],[-67.781607,-9.957279],[-67.781638,-9.957303],[-67.781672,-9.957324],[-67.781697,-9.957338],[-67.781725,-9.957354],[-67.78173,-9.957357],[-67.781737,-9.957366],[-67.781776,-9.957408],[-67.781795,-9.957435],[-67.781807,-9.95745],[-67.781834,-9.957483],[-67.781839,-9.957489],[-67.781872,-9.957524],[-67.781904,-9.957554],[-67.781943,-9.957599],[-67.781968,-9.957625],[-67.781994,-9.957649],[-67.782017,-9.957685],[-67.782025,-9.957697],[-67.782038,-9.95772],[-67.782042,-9.957727],[-67.782062,-9.957759],[-67.782077,-9.95778],[-67.782089,-9.957801],[-67.78209,-9.957804],[-67.782094,-9.957817],[-67.782109,-9.957853],[-67.782125,-9.957887],[-67.782144,-9.957923],[-67.78215,-9.957932],[-67.782155,-9.957945],[-67.782174,-9.95798],[-67.782193,-9.958011],[-67.782198,-9.958019],[-67.782202,-9.958025],[-67.782218,-9.95805],[-67.782227,-9.958062],[-67.782238,-9.958078],[-67.782241,-9.958082],[-67.78225,-9.958102],[-67.782263,-9.958124],[-67.782267,-9.95813],[-67.782292,-9.958169],[-67.782303,-9.958184],[-67.782311,-9.958196],[-67.782341,-9.958235],[-67.782365,-9.958261],[-67.782368,-9.958264],[-67.782372,-9.958269],[-67.782387,-9.95829],[-67.782393,-9.958302],[-67.782409,-9.958332],[-67.782426,-9.95836],[-67.782435,-9.958378],[-67.782443,-9.95839],[-67.782458,-9.958414],[-67.782464,-9.958425],[-67.78247,-9.958436],[-67.782496,-9.958476],[-67.782519,-9.958507],[-67.782539,-9.958532],[-67.782549,-9.958549],[-67.782571,-9.95858],[-67.782577,-9.958588],[-67.782589,-9.958605],[-67.78261,-9.958631],[-67.782621,-9.958644],[-67.782634,-9.958658],[-67.782644,-9.95867],[-67.782662,-9.958693],[-67.78267,-9.958703],[-67.782676,-9.958709],[-67.782695,-9.958731],[-67.782722,-9.958759],[-67.78275,-9.958786],[-67.782774,-9.958807],[-67.782784,-9.958815],[-67.782793,-9.958822],[-67.782797,-9.958827],[-67.782827,-9.958854],[-67.782833,-9.958859],[-67.782853,-9.958875],[-67.782882,-9.958896],[-67.782912,-9.958915],[-67.782929,-9.958925],[-67.782951,-9.958936],[-67.782977,-9.958948],[-67.783012,-9.958964],[-67.783041,-9.958975],[-67.783079,-9.958987],[-67.783102,-9.958992],[-67.783128,-9.959002],[-67.783136,-9.959005],[-67.783166,-9.959015],[-67.783197,-9.959023],[-67.783234,-9.95903],[-67.783249,-9.959033],[-67.783288,-9.959038],[-67.783302,-9.959039],[-67.783317,-9.959048],[-67.783324,-9.959052],[-67.783359,-9.95907],[-67.783366,-9.959073],[-67.783393,-9.95909],[-67.783402,-9.959094],[-67.783411,-9.959101],[-67.783438,-9.959118],[-67.783446,-9.959123],[-67.783455,-9.959129],[-67.783458,-9.959133],[-67.783485,-9.959157],[-67.783509,-9.959176],[-67.783515,-9.95918],[-67.783527,-9.959193],[-67.783543,-9.959208],[-67.783571,-9.959233],[-67.783582,-9.959242],[-67.783603,-9.959259],[-67.783621,-9.959273],[-67.783629,-9.959278],[-67.783647,-9.959292],[-67.783649,-9.959294],[-67.783671,-9.959314],[-67.783697,-9.959334],[-67.783725,-9.959351],[-67.783727,-9.959352],[-67.783731,-9.959355],[-67.783734,-9.959358],[-67.783751,-9.959372],[-67.783767,-9.959386],[-67.783794,-9.959406],[-67.783818,-9.959422],[-67.783842,-9.959438],[-67.783859,-9.959447],[-67.783876,-9.959456],[-67.7839,-9.959474],[-67.783905,-9.959477],[-67.783932,-9.959507],[-67.783954,-9.959529],[-67.783967,-9.959541],[-67.783969,-9.959544],[-67.783993,-9.959575],[-67.784012,-9.959595],[-67.784033,-9.95963],[-67.784057,-9.959661],[-67.784062,-9.959666],[-67.784068,-9.959714],[-67.784071,-9.959731],[-67.784083,-9.959782],[-67.784097,-9.959826],[-67.784105,-9.959851],[-67.78412,-9.959888],[-67.784139,-9.959923],[-67.78416,-9.959956],[-67.784184,-9.959987],[-67.784188,-9.959991],[-67.784193,-9.960002],[-67.784211,-9.96003],[-67.784231,-9.960057],[-67.784259,-9.960092],[-67.784267,-9.960102],[-67.784294,-9.960131],[-67.784323,-9.960157],[-67.784348,-9.960177],[-67.784381,-9.9602],[-67.784389,-9.960206],[-67.784423,-9.960229],[-67.784455,-9.96025],[-67.784468,-9.960256],[-67.784498,-9.960272],[-67.784527,-9.960287],[-67.784557,-9.960299],[-67.784567,-9.960302],[-67.784603,-9.960317],[-67.784636,-9.960327],[-67.784669,-9.960335],[-67.784703,-9.960345],[-67.784739,-9.960353],[-67.784774,-9.960357],[-67.784792,-9.960359],[-67.784815,-9.960362],[-67.784822,-9.960363],[-67.784851,-9.960366],[-67.784875,-9.960369],[-67.784931,-9.960372],[-67.784952,-9.960371],[-67.784974,-9.96037],[-67.785006,-9.960368],[-67.785034,-9.960365],[-67.78506,-9.960361],[-67.785099,-9.960352],[-67.785137,-9.96034],[-67.785167,-9.960328],[-67.785196,-9.960314],[-67.785223,-9.9603],[-67.785236,-9.960293],[-67.785283,-9.960262],[-67.785302,-9.960248],[-67.78532,-9.960233],[-67.78535,-9.960207],[-67.785376,-9.960177],[-67.78539,-9.96016],[-67.785411,-9.960134],[-67.785442,-9.960086],[-67.785461,-9.960051],[-67.785476,-9.960015],[-67.785485,-9.959987],[-67.785493,-9.959958],[-67.785497,-9.95994],[-67.785504,-9.959911],[-67.785509,-9.959893],[-67.785512,-9.959885],[-67.785517,-9.959886],[-67.785556,-9.959887],[-67.785602,-9.959885],[-67.785621,-9.959887],[-67.785637,-9.959889],[-67.785652,-9.959892],[-67.785655,-9.959892],[-67.785695,-9.959898],[-67.785705,-9.959898],[-67.785708,-9.959899],[-67.785742,-9.959913],[-67.785782,-9.959926],[-67.785821,-9.959936],[-67.785858,-9.959944],[-67.785886,-9.959948],[-67.785923,-9.959952],[-67.78593,-9.959953],[-67.785963,-9.959956],[-67.785982,-9.959959],[-67.786014,-9.959962],[-67.786046,-9.959963],[-67.78609,-9.959964],[-67.78613,-9.959962],[-67.786169,-9.959957],[-67.786199,-9.959951],[-67.78624,-9.95994],[-67.786287,-9.959926],[-67.786301,-9.959921],[-67.786343,-9.959904],[-67.786364,-9.959895],[-67.786406,-9.959876],[-67.786427,-9.959866],[-67.786471,-9.959843],[-67.786484,-9.959836],[-67.786487,-9.959835],[-67.786529,-9.959826],[-67.786581,-9.95981],[-67.786586,-9.959808],[-67.786606,-9.959801],[-67.786634,-9.959793],[-67.786637,-9.959792],[-67.786676,-9.95978],[-67.786679,-9.95978],[-67.786693,-9.959777],[-67.78675,-9.959765],[-67.786781,-9.95976],[-67.786793,-9.959758],[-67.786832,-9.95975],[-67.78687,-9.959738],[-67.786906,-9.959723],[-67.786942,-9.959704],[-67.786989,-9.959674],[-67.787018,-9.959651],[-67.787036,-9.959637],[-67.787066,-9.95961],[-67.787093,-9.959581],[-67.787117,-9.95955],[-67.787138,-9.959517],[-67.787143,-9.959508],[-67.787154,-9.959496],[-67.787175,-9.959469],[-67.787194,-9.95944],[-67.787215,-9.959406],[-67.78722,-9.959397],[-67.787224,-9.959391],[-67.787243,-9.959357],[-67.78726,-9.959324],[-67.787273,-9.959291],[-67.787285,-9.959254],[-67.787294,-9.959215],[-67.787297,-9.959194],[-67.787306,-9.959126],[-67.787306,-9.959122],[-67.787315,-9.959048],[-67.787319,-9.958994],[-67.787316,-9.95895],[-67.787313,-9.958916],[-67.787308,-9.958881],[-67.787302,-9.958852],[-67.787294,-9.958822],[-67.78728,-9.958779],[-67.787278,-9.958774],[-67.787257,-9.958712],[-67.787253,-9.958701],[-67.787238,-9.958664],[-67.78722,-9.958629],[-67.787204,-9.958604],[-67.787169,-9.958553],[-67.787139,-9.958513],[-67.787131,-9.958503],[-67.787103,-9.958472],[-67.78708,-9.958448],[-67.787055,-9.958426],[-67.787047,-9.958419],[-67.787018,-9.958396],[-67.787009,-9.958383],[-67.786988,-9.958347],[-67.786968,-9.958316],[-67.786945,-9.958287],[-67.786923,-9.958263],[-67.786901,-9.958242],[-67.786889,-9.958224],[-67.786866,-9.958193],[-67.786862,-9.958189],[-67.786834,-9.958157],[-67.78681,-9.958132],[-67.786807,-9.958128],[-67.78679,-9.958106],[-67.786763,-9.958077],[-67.786744,-9.958061],[-67.786727,-9.958038],[-67.786714,-9.958014],[-67.786694,-9.957984],[-67.786682,-9.957958],[-67.786677,-9.957951],[-67.786676,-9.957947],[-67.786661,-9.957911],[-67.786643,-9.957876],[-67.786621,-9.957843],[-67.786597,-9.957811],[-67.786592,-9.957806],[-67.78659,-9.957801],[-67.786577,-9.957773],[-67.786559,-9.957738],[-67.786526,-9.957671],[-67.786524,-9.957666],[-67.786501,-9.957619],[-67.786498,-9.957614],[-67.786483,-9.957586],[-67.786473,-9.957567],[-67.786456,-9.957541],[-67.786438,-9.957516],[-67.786433,-9.95751],[-67.786419,-9.957487],[-67.7864,-9.957458],[-67.786384,-9.957438],[-67.786382,-9.95743],[-67.786378,-9.957388],[-67.78637,-9.95735],[-67.786358,-9.957312],[-67.78635,-9.957295],[-67.786348,-9.957283],[-67.786336,-9.957245],[-67.786323,-9.957213],[-67.786308,-9.957183],[-67.786305,-9.957179],[-67.786295,-9.957153],[-67.786281,-9.95712],[-67.786274,-9.957106],[-67.786269,-9.957094],[-67.786261,-9.957074],[-67.786255,-9.957052],[-67.786248,-9.95703],[-67.786239,-9.956993],[-67.786225,-9.956948],[-67.786211,-9.956914],[-67.786206,-9.956905],[-67.786203,-9.956893],[-67.7862,-9.956873],[-67.786196,-9.956853],[-67.786195,-9.956846],[-67.786194,-9.956842],[-67.78619,-9.956811],[-67.786184,-9.956783],[-67.786173,-9.95674],[-67.786159,-9.956692],[-67.786144,-9.956655],[-67.786125,-9.95662],[-67.786093,-9.956573],[-67.786083,-9.956553],[-67.78607,-9.956533],[-67.78611,-9.956532],[-67.786149,-9.956527],[-67.786202,-9.956514],[-67.786228,-9.956506],[-67.786261,-9.956496],[-67.786283,-9.956489],[-67.786319,-9.956474],[-67.786355,-9.956456],[-67.786385,-9.956436],[-67.786389,-9.956437],[-67.786395,-9.956437],[-67.786429,-9.956442],[-67.786492,-9.956448],[-67.786497,-9.956449],[-67.786517,-9.956467],[-67.786533,-9.956483],[-67.78655,-9.956501],[-67.786573,-9.956526],[-67.786596,-9.956551],[-67.786622,-9.956574],[-67.786653,-9.956598],[-67.786688,-9.956619],[-67.786692,-9.956622],[-67.786701,-9.956636],[-67.786713,-9.956654],[-67.786724,-9.956688],[-67.786739,-9.956724],[-67.786741,-9.956729],[-67.786747,-9.956747],[-67.786759,-9.956777],[-67.786774,-9.956807],[-67.786789,-9.956834],[-67.786801,-9.956858],[-67.786805,-9.956866],[-67.786813,-9.956888],[-67.786827,-9.956921],[-67.786843,-9.956952],[-67.786859,-9.95698],[-67.786871,-9.957002],[-67.786875,-9.957008],[-67.786888,-9.95703],[-67.78691,-9.957063],[-67.786936,-9.957098],[-67.786952,-9.957118],[-67.786954,-9.957121],[-67.786965,-9.95714],[-67.786988,-9.957175],[-67.787016,-9.957213],[-67.787042,-9.957246],[-67.787054,-9.957262],[-67.787058,-9.957269],[-67.787063,-9.957278],[-67.787085,-9.957311],[-67.787109,-9.957342],[-67.787147,-9.957382],[-67.787155,-9.95739],[-67.787166,-9.957408],[-67.787179,-9.957425],[-67.787182,-9.95743],[-67.787186,-9.957434],[-67.787194,-9.957448],[-67.787214,-9.95748],[-67.787244,-9.95752],[-67.787248,-9.957526],[-67.787266,-9.957553],[-67.78729,-9.957584],[-67.787313,-9.95761],[-67.787324,-9.957621],[-67.787342,-9.957643],[-67.787367,-9.957669],[-67.787377,-9.957679],[-67.78738,-9.957682],[-67.787396,-9.957698],[-67.787407,-9.95771],[-67.787421,-9.957722],[-67.787422,-9.957725],[-67.787436,-9.957751],[-67.787448,-9.95777],[-67.787475,-9.957811],[-67.787489,-9.957833],[-67.787493,-9.957838],[-67.787497,-9.957845],[-67.787507,-9.957863],[-67.787528,-9.957896],[-67.787552,-9.957927],[-67.787579,-9.957956],[-67.787602,-9.957977],[-67.787601,-9.958004],[-67.787602,-9.958037],[-67.787606,-9.95807],[-67.787612,-9.958111],[-67.787616,-9.958146],[-67.78762,-9.958169],[-67.787628,-9.958208],[-67.78764,-9.958245],[-67.787642,-9.958249],[-67.787657,-9.95829],[-67.787672,-9.958325],[-67.787689,-9.958358],[-67.7877,-9.958375],[-67.787728,-9.958418],[-67.787743,-9.958441],[-67.787776,-9.958485],[-67.787795,-9.958509],[-67.787822,-9.958538],[-67.787842,-9.958558],[-67.787844,-9.958562],[-67.787861,-9.958594],[-67.787871,-9.95861],[-67.787873,-9.958615],[-67.787891,-9.95865],[-67.787908,-9.958676],[-67.787927,-9.958701],[-67.787951,-9.958732],[-67.787961,-9.958745],[-67.787988,-9.958774],[-67.788017,-9.9588],[-67.788048,-9.958824],[-67.788058,-9.95883],[-67.788066,-9.958836],[-67.78808,-9.958847],[-67.788088,-9.958856],[-67.78811,-9.958875],[-67.788136,-9.958896],[-67.788164,-9.958914],[-67.788184,-9.958926],[-67.7882,-9.958936],[-67.788216,-9.958946],[-67.78824,-9.958959],[-67.788261,-9.958969],[-67.788309,-9.958989],[-67.788327,-9.958996],[-67.78836,-9.959006],[-67.788389,-9.959014],[-67.788418,-9.95902],[-67.788429,-9.959022],[-67.78846,-9.959026],[-67.788477,-9.959029],[-67.788484,-9.95903],[-67.788519,-9.959036],[-67.788568,-9.95904],[-67.788613,-9.959042],[-67.788632,-9.959043],[-67.78867,-9.959041],[-67.788698,-9.959039],[-67.788732,-9.959037],[-67.788764,-9.959035],[-67.788795,-9.959031],[-67.788801,-9.95903],[-67.788854,-9.95902],[-67.7889,-9.959009],[-67.788947,-9.958995],[-67.78895,-9.958994],[-67.789004,-9.958977],[-67.789028,-9.95897],[-67.789089,-9.958947],[-67.789133,-9.958928],[-67.789182,-9.958905],[-67.789188,-9.958901],[-67.789192,-9.9589],[-67.789217,-9.958892],[-67.789264,-9.958876],[-67.789267,-9.958875],[-67.789303,-9.95886],[-67.789338,-9.958842],[-67.789397,-9.958808],[-67.789431,-9.958787],[-67.789463,-9.958763],[-67.789492,-9.958736],[-67.789519,-9.958707],[-67.789543,-9.958676],[-67.78955,-9.958665],[-67.789564,-9.95865],[-67.789588,-9.958619],[-67.789609,-9.958586],[-67.789628,-9.958551],[-67.789643,-9.958514],[-67.789646,-9.958505],[-67.789656,-9.958472],[-67.789659,-9.958464],[-67.789669,-9.958437],[-67.789677,-9.958399],[-67.789679,-9.958384],[-67.789683,-9.958377],[-67.789701,-9.958342],[-67.789717,-9.958306],[-67.789729,-9.958267],[-67.789739,-9.958254],[-67.789743,-9.95825],[-67.789762,-9.958226],[-67.78978,-9.9582],[-67.789786,-9.958191],[-67.789813,-9.958173],[-67.789845,-9.958149],[-67.789872,-9.958124],[-67.789898,-9.958097],[-67.789919,-9.958073],[-67.789921,-9.95807],[-67.789945,-9.95804],[-67.789965,-9.958008],[-67.789986,-9.957973],[-67.790006,-9.95794],[-67.790009,-9.957935],[-67.790027,-9.9579],[-67.790042,-9.957863],[-67.790045,-9.957858],[-67.790055,-9.957828],[-67.790066,-9.957807],[-67.790082,-9.957777],[-67.790094,-9.957746],[-67.790095,-9.957742],[-67.790109,-9.957722],[-67.790124,-9.957693],[-67.790137,-9.957662],[-67.79014,-9.957655],[-67.790149,-9.957642],[-67.790158,-9.957626],[-67.790173,-9.957599],[-67.790202,-9.95754],[-67.790221,-9.957496],[-67.790232,-9.957461],[-67.790241,-9.957425],[-67.790246,-9.957396],[-67.790252,-9.957386],[-67.79027,-9.957351],[-67.790286,-9.957315],[-67.79029,-9.957302],[-67.790308,-9.957246],[-67.790335,-9.957203],[-67.790361,-9.95717],[-67.790385,-9.957138],[-67.790427,-9.957076],[-67.790443,-9.957051],[-67.790463,-9.95701],[-67.790467,-9.957005],[-67.790488,-9.956979],[-67.79051,-9.95695],[-67.79053,-9.956919],[-67.790542,-9.956897],[-67.790562,-9.956858],[-67.790583,-9.95681],[-67.790599,-9.956767],[-67.790611,-9.956732],[-67.790649,-9.956744],[-67.790688,-9.956753],[-67.790717,-9.956757],[-67.790747,-9.956759],[-67.790766,-9.95676],[-67.790786,-9.956763],[-67.790832,-9.956769],[-67.790893,-9.956773],[-67.790923,-9.956774],[-67.790963,-9.956772],[-67.791003,-9.956767],[-67.791008,-9.956766],[-67.791059,-9.956756],[-67.791095,-9.956748],[-67.791131,-9.956737],[-67.791177,-9.956717],[-67.791228,-9.956692],[-67.791254,-9.956678],[-67.791261,-9.956675],[-67.791326,-9.956636],[-67.791331,-9.956632],[-67.791367,-9.956628],[-67.791388,-9.956624],[-67.791432,-9.956623],[-67.791454,-9.956622],[-67.79153,-9.956617],[-67.791602,-9.956613],[-67.791659,-9.956607],[-67.791672,-9.956604],[-67.791737,-9.956591],[-67.791746,-9.956589],[-67.791783,-9.956581],[-67.791817,-9.956577],[-67.791847,-9.956577],[-67.791877,-9.956576],[-67.791906,-9.956573],[-67.791925,-9.95657],[-67.791973,-9.956569],[-67.792004,-9.956573],[-67.792034,-9.956576],[-67.792065,-9.956577],[-67.792101,-9.956577],[-67.79212,-9.956577],[-67.79214,-9.956576],[-67.79216,-9.956579],[-67.792198,-9.95658],[-67.792237,-9.956578],[-67.792277,-9.956573],[-67.792316,-9.956565],[-67.792354,-9.956553],[-67.792365,-9.956549],[-67.792434,-9.956522],[-67.792464,-9.956508],[-67.792494,-9.956493],[-67.792522,-9.956475],[-67.792566,-9.956446],[-67.792573,-9.956441],[-67.792612,-9.956414],[-67.792642,-9.956391],[-67.792671,-9.956365],[-67.792698,-9.956335],[-67.792723,-9.956303],[-67.792753,-9.95626],[-67.792774,-9.956228],[-67.792792,-9.956193],[-67.792807,-9.956156],[-67.792819,-9.956119],[-67.792828,-9.95608],[-67.792833,-9.956042],[-67.792838,-9.955981],[-67.792844,-9.955927],[-67.792846,-9.955882],[-67.792846,-9.955878],[-67.792844,-9.95584],[-67.79284,-9.955802],[-67.792833,-9.955762],[-67.792833,-9.955711],[-67.792831,-9.955671],[-67.792826,-9.955632],[-67.792825,-9.955625],[-67.792812,-9.955559],[-67.79281,-9.955543],[-67.792805,-9.95552],[-67.792804,-9.955516],[-67.792806,-9.955476],[-67.792805,-9.955443],[-67.7928,-9.955383],[-67.792802,-9.955371],[-67.792805,-9.95534],[-67.792807,-9.95531],[-67.792807,-9.955255],[-67.792806,-9.955223],[-67.792802,-9.955191],[-67.792795,-9.955142],[-67.792788,-9.955076],[-67.792784,-9.955046],[-67.792771,-9.954995],[-67.792755,-9.954941],[-67.792747,-9.954916],[-67.792733,-9.954883],[-67.792717,-9.954851],[-67.792676,-9.954778],[-67.792672,-9.954772],[-67.792653,-9.954742],[-67.792661,-9.954737],[-67.792696,-9.95471],[-67.792726,-9.954683],[-67.792753,-9.954654],[-67.792777,-9.954623],[-67.792798,-9.95459],[-67.792811,-9.954566],[-67.792844,-9.954591],[-67.79288,-9.954614],[-67.792892,-9.954623],[-67.792942,-9.954653],[-67.792954,-9.95466],[-67.792994,-9.95468],[-67.793072,-9.954716],[-67.793105,-9.954729],[-67.793146,-9.954742],[-67.793189,-9.954753],[-67.793259,-9.954779],[-67.793298,-9.954791],[-67.793336,-9.954799],[-67.793328,-9.95481],[-67.793311,-9.954837],[-67.793295,-9.954867],[-67.793266,-9.954927],[-67.793248,-9.954969],[-67.793236,-9.955006],[-67.793228,-9.955045],[-67.793222,-9.955083],[-67.793221,-9.955122],[-67.79322,-9.9552],[-67.793223,-9.955247],[-67.793228,-9.955301],[-67.793231,-9.95532],[-67.793241,-9.955392],[-67.793244,-9.955405],[-67.793252,-9.955444],[-67.793264,-9.955481],[-67.79327,-9.955497],[-67.793292,-9.955551],[-67.793315,-9.955609],[-67.793326,-9.955636],[-67.79334,-9.955663],[-67.793364,-9.955707],[-67.79337,-9.955718],[-67.793399,-9.955761],[-67.793441,-9.955818],[-67.793446,-9.955825],[-67.793444,-9.955854],[-67.793439,-9.955874],[-67.79343,-9.955914],[-67.793425,-9.955946],[-67.793423,-9.955978],[-67.793421,-9.956039],[-67.793421,-9.956053],[-67.793422,-9.956092],[-67.793428,-9.956131],[-67.793436,-9.95617],[-67.793448,-9.956208],[-67.793469,-9.956255],[-67.793488,-9.956293],[-67.793501,-9.956317],[-67.793522,-9.95635],[-67.793547,-9.956382],[-67.793553,-9.956389],[-67.793577,-9.956417],[-67.793601,-9.956442],[-67.793627,-9.956465],[-67.793659,-9.956489],[-67.793692,-9.95651],[-67.793719,-9.956524],[-67.793747,-9.956537],[-67.793776,-9.956549],[-67.793794,-9.956556],[-67.793833,-9.956568],[-67.793893,-9.956583],[-67.793899,-9.956585],[-67.793962,-9.956601],[-67.793994,-9.956607],[-67.794028,-9.956612],[-67.794082,-9.956617],[-67.794126,-9.95662],[-67.794191,-9.95662],[-67.794226,-9.956619],[-67.79426,-9.956615],[-67.794316,-9.956606],[-67.794357,-9.956603],[-67.794394,-9.956598],[-67.794409,-9.956595],[-67.794459,-9.956584],[-67.794465,-9.956587],[-67.794503,-9.956598],[-67.794513,-9.956604],[-67.79455,-9.956623],[-67.794579,-9.956636],[-67.794591,-9.956643],[-67.794629,-9.956661],[-67.794632,-9.956663],[-67.794662,-9.956682],[-67.794698,-9.9567],[-67.794734,-9.956715],[-67.794742,-9.956718],[-67.794804,-9.956739],[-67.794834,-9.956748],[-67.794846,-9.956751],[-67.794849,-9.956753],[-67.794889,-9.95677],[-67.794927,-9.956781],[-67.794966,-9.95679],[-67.795005,-9.956795],[-67.795044,-9.956797],[-67.79509,-9.956797],[-67.795121,-9.9568],[-67.795166,-9.956802],[-67.795182,-9.956802],[-67.795199,-9.956803],[-67.795227,-9.956804],[-67.795267,-9.956803],[-67.795283,-9.956801],[-67.795293,-9.956804],[-67.795333,-9.956814],[-67.795369,-9.956822],[-67.795376,-9.956823],[-67.79538,-9.956824],[-67.795415,-9.956836],[-67.795459,-9.956847],[-67.795492,-9.956858],[-67.795548,-9.956875],[-67.795576,-9.956883],[-67.795579,-9.956884],[-67.795611,-9.956906],[-67.795645,-9.956927],[-67.79568,-9.956945],[-67.795703,-9.956954],[-67.795706,-9.956957],[-67.795743,-9.95698],[-67.795778,-9.956999],[-67.795788,-9.957007],[-67.795822,-9.957028],[-67.795834,-9.957034],[-67.795865,-9.957058],[-67.795899,-9.957079],[-67.795905,-9.957083],[-67.795932,-9.957098],[-67.795958,-9.957114],[-67.795968,-9.957119],[-67.796011,-9.957141],[-67.796063,-9.957164],[-67.796069,-9.957169],[-67.796097,-9.957186],[-67.796127,-9.957202],[-67.796158,-9.957215],[-67.796212,-9.957236],[-67.796223,-9.957241],[-67.796256,-9.957251],[-67.796289,-9.957259],[-67.796329,-9.957267],[-67.796363,-9.957275],[-67.796386,-9.957286],[-67.796429,-9.957304],[-67.796482,-9.957323],[-67.796521,-9.957336],[-67.79656,-9.957344],[-67.796563,-9.957345],[-67.796584,-9.957348],[-67.796587,-9.95735],[-67.796624,-9.957365],[-67.796643,-9.957372],[-67.796732,-9.957399],[-67.796757,-9.957406],[-67.796784,-9.957413],[-67.796807,-9.957422],[-67.796817,-9.957425],[-67.796855,-9.957437],[-67.796894,-9.957446],[-67.79692,-9.957449],[-67.796989,-9.957458],[-67.797031,-9.957463],[-67.797085,-9.957466],[-67.797096,-9.957467],[-67.797107,-9.95747],[-67.797128,-9.957481],[-67.797156,-9.957497],[-67.797187,-9.95752],[-67.797198,-9.957528],[-67.797249,-9.957562],[-67.797275,-9.957582],[-67.797284,-9.95759],[-67.797293,-9.957598],[-67.797319,-9.957622],[-67.797328,-9.957654],[-67.797331,-9.957663],[-67.79732,-9.957699],[-67.797319,-9.957702],[-67.797302,-9.957759],[-67.797283,-9.957813],[-67.797273,-9.957847],[-67.797265,-9.957882],[-67.79726,-9.957921],[-67.79726,-9.957935],[-67.797241,-9.957995],[-67.797228,-9.958049],[-67.797224,-9.958077],[-67.797222,-9.958106],[-67.797221,-9.958115],[-67.797218,-9.958126],[-67.797207,-9.958172],[-67.797202,-9.958211],[-67.797198,-9.958259],[-67.797191,-9.958287],[-67.797186,-9.95831],[-67.797182,-9.958341],[-67.79718,-9.958372],[-67.797178,-9.958418],[-67.797178,-9.958434],[-67.797178,-9.958484],[-67.797179,-9.958524],[-67.797184,-9.958563],[-67.797196,-9.95861],[-67.797207,-9.95865],[-67.797211,-9.95866],[-67.797212,-9.958664],[-67.797214,-9.95867],[-67.797221,-9.958702],[-67.797224,-9.958716],[-67.797227,-9.95875],[-67.797232,-9.958794],[-67.797241,-9.958833],[-67.797253,-9.95887],[-67.797268,-9.958907],[-67.79728,-9.958931],[-67.797292,-9.958969],[-67.797308,-9.959005],[-67.797326,-9.95904],[-67.797332,-9.95905],[-67.797348,-9.959076],[-67.797352,-9.959096],[-67.797362,-9.959128],[-67.797385,-9.959199],[-67.79739,-9.959214],[-67.797405,-9.95925],[-67.797424,-9.959285],[-67.79744,-9.95931],[-67.797452,-9.959339],[-67.797471,-9.959375],[-67.797485,-9.959399],[-67.797491,-9.959412],[-67.797508,-9.959445],[-67.797527,-9.959474],[-67.797538,-9.95949],[-67.797543,-9.959498],[-67.79756,-9.959537],[-67.79758,-9.959577],[-67.797582,-9.959602],[-67.797587,-9.959636],[-67.797596,-9.959675],[-67.797608,-9.959712],[-67.797611,-9.959722],[-67.797621,-9.959746],[-67.797634,-9.959777],[-67.797651,-9.959808],[-67.79767,-9.95984],[-67.797676,-9.959851],[-67.797697,-9.959884],[-67.797715,-9.959912],[-67.797718,-9.959916],[-67.797725,-9.959931],[-67.797739,-9.959962],[-67.797759,-9.959999],[-67.79778,-9.960033],[-67.797804,-9.960064],[-67.79781,-9.96007],[-67.797818,-9.96008],[-67.797824,-9.96009],[-67.797834,-9.960106],[-67.797852,-9.96014],[-67.797857,-9.960148],[-67.797873,-9.960179],[-67.797895,-9.960213],[-67.797916,-9.960243],[-67.79794,-9.960274],[-67.797977,-9.960312],[-67.797984,-9.960319],[-67.797995,-9.960332],[-67.797997,-9.960335],[-67.798024,-9.960364],[-67.798053,-9.96039],[-67.798088,-9.960417],[-67.798142,-9.960453],[-67.798171,-9.960472],[-67.798207,-9.96049],[-67.798243,-9.960505],[-67.798279,-9.960516],[-67.798316,-9.960525],[-67.798374,-9.960535],[-67.798378,-9.960536],[-67.798417,-9.960541],[-67.798456,-9.960543],[-67.798516,-9.960543],[-67.798527,-9.960543],[-67.798559,-9.960542],[-67.798591,-9.960539],[-67.7986,-9.960538],[-67.798655,-9.960531],[-67.798674,-9.960528],[-67.798697,-9.960523],[-67.798763,-9.960508],[-67.798817,-9.960492],[-67.798846,-9.960481],[-67.79889,-9.960461],[-67.798918,-9.960448],[-67.79899,-9.960411],[-67.799006,-9.960402],[-67.799014,-9.960397],[-67.799031,-9.960387],[-67.799055,-9.960376],[-67.799072,-9.960375],[-67.799106,-9.960371],[-67.79911,-9.960371],[-67.79913,-9.960371],[-67.79917,-9.960369],[-67.79921,-9.960364],[-67.799248,-9.960356],[-67.799275,-9.960354],[-67.799309,-9.960349],[-67.799332,-9.960345],[-67.799352,-9.960343],[-67.799357,-9.960343],[-67.799394,-9.960343],[-67.799432,-9.960341],[-67.79945,-9.960339],[-67.799458,-9.960342],[-67.7995,-9.96036],[-67.799538,-9.960372],[-67.799543,-9.960374],[-67.799573,-9.960389],[-67.799621,-9.96041],[-67.799661,-9.960422],[-67.799669,-9.960424],[-67.799687,-9.960432],[-67.799737,-9.960453],[-67.799763,-9.960464],[-67.799801,-9.960476],[-67.79984,-9.960484],[-67.799856,-9.960487],[-67.799919,-9.960495],[-67.799934,-9.960497],[-67.800017,-9.960506],[-67.800044,-9.960508],[-67.800099,-9.960511],[-67.80012,-9.960516],[-67.800148,-9.960522],[-67.800188,-9.960527],[-67.800227,-9.960528],[-67.800267,-9.960527],[-67.800306,-9.960522],[-67.800344,-9.960513],[-67.800362,-9.960508],[-67.800384,-9.960507],[-67.800422,-9.960503],[-67.800516,-9.960491],[-67.800608,-9.960481],[-67.800637,-9.960477],[-67.800667,-9.960471],[-67.800697,-9.960462],[-67.800804,-9.960428],[-67.800821,-9.960423],[-67.800857,-9.960408],[-67.800936,-9.960371],[-67.800972,-9.960353],[-67.800998,-9.960337],[-67.801032,-9.960314],[-67.801064,-9.960298],[-67.801093,-9.960283],[-67.801122,-9.960265],[-67.80115,-9.960245],[-67.801186,-9.960216],[-67.801199,-9.960211],[-67.801234,-9.960193],[-67.801268,-9.960171],[-67.8013,-9.960147],[-67.801329,-9.960121],[-67.801334,-9.960115],[-67.801358,-9.9601],[-67.80139,-9.960076],[-67.801419,-9.960049],[-67.801446,-9.96002],[-67.801461,-9.960001],[-67.80151,-9.959936],[-67.801526,-9.959914],[-67.801548,-9.95988],[-67.801578,-9.959845],[-67.801606,-9.959808],[-67.801611,-9.959801],[-67.801628,-9.959774],[-67.801645,-9.959742],[-67.80167,-9.95969],[-67.801682,-9.959666],[-67.801693,-9.959644],[-67.801722,-9.959577],[-67.801732,-9.959552],[-67.801736,-9.959542],[-67.801746,-9.959514],[-67.80177,-9.959461],[-67.801784,-9.959428],[-67.801794,-9.959397],[-67.801803,-9.959366],[-67.801805,-9.95936],[-67.801808,-9.959354],[-67.801819,-9.959329],[-67.801848,-9.959272],[-67.801851,-9.959266],[-67.801883,-9.959201],[-67.801901,-9.959157],[-67.801913,-9.95912],[-67.801922,-9.959081],[-67.801923,-9.959072],[-67.801928,-9.959042],[-67.801936,-9.959028],[-67.801963,-9.958975],[-67.801965,-9.95897],[-67.801977,-9.958975],[-67.801981,-9.958983],[-67.801995,-9.959],[-67.801996,-9.959003],[-67.802001,-9.959013],[-67.802001,-9.959019],[-67.802003,-9.959059],[-67.802008,-9.959098],[-67.802014,-9.959128],[-67.802016,-9.959134],[-67.802016,-9.959146],[-67.80201,-9.959169],[-67.802,-9.959212],[-67.801997,-9.959225],[-67.801986,-9.959304],[-67.801982,-9.959336],[-67.801981,-9.959369],[-67.801982,-9.959393],[-67.801985,-9.959461],[-67.801987,-9.959482],[-67.801988,-9.959494],[-67.801987,-9.959501],[-67.801982,-9.959539],[-67.80198,-9.959577],[-67.801982,-9.959616],[-67.801987,-9.959656],[-67.802001,-9.95971],[-67.802016,-9.959758],[-67.802023,-9.95978],[-67.802044,-9.959828],[-67.802071,-9.959882],[-67.802084,-9.959905],[-67.802105,-9.959939],[-67.802129,-9.95997],[-67.802139,-9.959981],[-67.802172,-9.960017],[-67.802195,-9.960046],[-67.8022,-9.960051],[-67.802226,-9.96008],[-67.802256,-9.960107],[-67.802287,-9.960131],[-67.802321,-9.960152],[-67.802352,-9.960168],[-67.802383,-9.960182],[-67.802402,-9.960189],[-67.802424,-9.9602],[-67.802451,-9.960214],[-67.80248,-9.960225],[-67.802518,-9.960237],[-67.802557,-9.960245],[-67.802597,-9.96025],[-67.802602,-9.960251],[-67.802639,-9.960259],[-67.802678,-9.960265],[-67.802718,-9.960266],[-67.802748,-9.960265],[-67.802778,-9.960262],[-67.80283,-9.960256],[-67.802849,-9.960253],[-67.802871,-9.960248],[-67.80292,-9.960237],[-67.802989,-9.960225],[-67.803029,-9.960217],[-67.803067,-9.960205],[-67.803113,-9.960185],[-67.803187,-9.960149],[-67.803247,-9.960122],[-67.803285,-9.960102],[-67.803319,-9.960081],[-67.80335,-9.960057],[-67.803372,-9.960038],[-67.803393,-9.960017],[-67.8034,-9.960009],[-67.80343,-9.95999],[-67.803454,-9.959974],[-67.803477,-9.959956],[-67.803507,-9.959929],[-67.803534,-9.9599],[-67.803558,-9.959869],[-67.803579,-9.959835],[-67.803583,-9.959828],[-67.803599,-9.959799],[-67.803612,-9.959782],[-67.803634,-9.959753],[-67.803659,-9.959715],[-67.803663,-9.95971],[-67.803682,-9.959696],[-67.803716,-9.959682],[-67.803744,-9.959669],[-67.803782,-9.95965],[-67.803803,-9.959637],[-67.803847,-9.959608],[-67.803891,-9.959576],[-67.803899,-9.959569],[-67.803949,-9.959526],[-67.804018,-9.95947],[-67.804021,-9.959467],[-67.80405,-9.959441],[-67.804077,-9.959412],[-67.804083,-9.959404],[-67.804112,-9.959386],[-67.804161,-9.959354],[-67.804186,-9.959337],[-67.804209,-9.959319],[-67.804238,-9.959293],[-67.804265,-9.959264],[-67.804289,-9.959232],[-67.804311,-9.959199],[-67.804318,-9.959186],[-67.804349,-9.959128],[-67.804363,-9.9591],[-67.804375,-9.95907],[-67.80439,-9.959021],[-67.804402,-9.958969],[-67.804408,-9.958942],[-67.804419,-9.958903],[-67.80443,-9.958858],[-67.804435,-9.958819],[-67.804437,-9.958779],[-67.804435,-9.95874],[-67.80443,-9.958701],[-67.804421,-9.958662],[-67.804409,-9.958625],[-67.804394,-9.958588],[-67.804385,-9.95857],[-67.804376,-9.95854],[-67.80437,-9.958522],[-67.804354,-9.958485],[-67.804336,-9.95845],[-67.804315,-9.958417],[-67.80429,-9.958386],[-67.804265,-9.958358],[-67.804238,-9.958333],[-67.804231,-9.958327],[-67.804223,-9.958317],[-67.804186,-9.958267],[-67.804173,-9.958248],[-67.804168,-9.958236],[-67.804154,-9.958203],[-67.804136,-9.95817],[-67.804114,-9.958132],[-67.804093,-9.958099],[-67.804069,-9.958069],[-67.804042,-9.95804],[-67.804038,-9.958036],[-67.804042,-9.95802],[-67.804047,-9.957995],[-67.804054,-9.957989],[-67.804079,-9.957962],[-67.804092,-9.957946],[-67.804138,-9.957909],[-67.804179,-9.95788],[-67.804206,-9.957859],[-67.804232,-9.957836],[-67.804234,-9.957834],[-67.804275,-9.957817],[-67.804316,-9.957796],[-67.804347,-9.957777],[-67.804376,-9.957755],[-67.804412,-9.95774],[-67.804442,-9.957727],[-67.80447,-9.957712],[-67.804475,-9.95771],[-67.804521,-9.957683],[-67.804556,-9.95766],[-67.804613,-9.957619],[-67.804678,-9.957574],[-67.804726,-9.957542],[-67.804763,-9.957514],[-67.804791,-9.957489],[-67.804819,-9.957461],[-67.804845,-9.957441],[-67.804856,-9.957432],[-67.804885,-9.957406],[-67.804912,-9.957377],[-67.80494,-9.957339],[-67.804963,-9.957306],[-67.804996,-9.957268],[-67.804998,-9.957265],[-67.805022,-9.957234],[-67.805044,-9.957201],[-67.805062,-9.957166],[-67.805077,-9.957129],[-67.805087,-9.957098],[-67.805088,-9.957091],[-67.805091,-9.957082],[-67.805105,-9.957049],[-67.805114,-9.957026],[-67.805126,-9.956989],[-67.805135,-9.95695],[-67.805137,-9.956937],[-67.805141,-9.956907],[-67.805147,-9.956881],[-67.805151,-9.956854],[-67.805158,-9.956799],[-67.805161,-9.956749],[-67.805161,-9.956736],[-67.805172,-9.956682],[-67.805174,-9.956671],[-67.805176,-9.956654],[-67.805192,-9.95654],[-67.805203,-9.956461],[-67.805206,-9.956429],[-67.805209,-9.956374],[-67.805215,-9.95635],[-67.805218,-9.956337],[-67.805224,-9.956283],[-67.805227,-9.956235],[-67.805228,-9.956211],[-67.805228,-9.956201],[-67.805226,-9.956177],[-67.805249,-9.956124],[-67.80526,-9.956099],[-67.805271,-9.956061],[-67.80528,-9.956022],[-67.805282,-9.956011],[-67.805284,-9.956004],[-67.805293,-9.955975],[-67.805301,-9.955946],[-67.805319,-9.955861],[-67.805321,-9.955847],[-67.805326,-9.955813],[-67.805328,-9.955798],[-67.805332,-9.955787],[-67.805337,-9.955774],[-67.805348,-9.955739],[-67.805366,-9.955674],[-67.80537,-9.955661],[-67.805374,-9.955645],[-67.805387,-9.955615],[-67.805396,-9.955591],[-67.805408,-9.955555],[-67.805412,-9.955535],[-67.805424,-9.955511],[-67.805436,-9.955483],[-67.805444,-9.955462],[-67.805456,-9.955425],[-67.805465,-9.955386],[-67.805469,-9.955354],[-67.805471,-9.955322],[-67.805474,-9.955251],[-67.805474,-9.955237],[-67.805471,-9.95519],[-67.805463,-9.955115],[-67.805461,-9.955095],[-67.805449,-9.955017],[-67.805444,-9.954989],[-67.805445,-9.954967],[-67.805451,-9.954924],[-67.805454,-9.954868],[-67.805454,-9.954864],[-67.805454,-9.95484],[-67.80546,-9.954826],[-67.805472,-9.954789],[-67.805481,-9.95475],[-67.805484,-9.954725],[-67.805485,-9.954712],[-67.805492,-9.954663],[-67.805495,-9.954633],[-67.805496,-9.954603],[-67.805496,-9.954591],[-67.805494,-9.954521],[-67.805492,-9.954487],[-67.805487,-9.954454],[-67.805478,-9.954415],[-67.805481,-9.954365],[-67.805481,-9.954245],[-67.805479,-9.954205],[-67.805474,-9.954166],[-67.805466,-9.954127],[-67.805454,-9.95409],[-67.805438,-9.954053],[-67.80542,-9.954017],[-67.805379,-9.953948],[-67.805338,-9.95388],[-67.805318,-9.953848],[-67.805294,-9.953817],[-67.805267,-9.953788],[-67.805238,-9.953761],[-67.805217,-9.953745],[-67.805209,-9.953735],[-67.805216,-9.953718],[-67.805229,-9.953675],[-67.805232,-9.953664],[-67.805239,-9.953632],[-67.805245,-9.9536],[-67.805248,-9.95359],[-67.805253,-9.953581],[-67.805271,-9.953554],[-67.805284,-9.953533],[-67.805302,-9.953498],[-67.805317,-9.953462],[-67.805328,-9.953427],[-67.805337,-9.953391],[-67.805344,-9.953354],[-67.805348,-9.953344],[-67.805362,-9.953318],[-67.805384,-9.953269],[-67.805396,-9.953231],[-67.805405,-9.953192],[-67.805407,-9.953177],[-67.805409,-9.953165],[-67.805442,-9.95317],[-67.805494,-9.953174],[-67.805532,-9.953181],[-67.805535,-9.953182],[-67.805539,-9.953188],[-67.805563,-9.95322],[-67.805591,-9.95325],[-67.805593,-9.953254],[-67.80561,-9.953287],[-67.805625,-9.953321],[-67.805642,-9.953354],[-67.805653,-9.953371],[-67.805664,-9.953409],[-67.805682,-9.953451],[-67.805686,-9.953458],[-67.805693,-9.953476],[-67.805708,-9.953513],[-67.805726,-9.953548],[-67.80573,-9.953554],[-67.805732,-9.953558],[-67.805732,-9.953573],[-67.805733,-9.953613],[-67.805739,-9.953652],[-67.805747,-9.95369],[-67.805759,-9.953728],[-67.805775,-9.953767],[-67.805783,-9.953782],[-67.805795,-9.953824],[-67.80581,-9.95386],[-67.805829,-9.953895],[-67.805831,-9.953902],[-67.80584,-9.953932],[-67.805852,-9.953961],[-67.805864,-9.953989],[-67.805867,-9.953996],[-67.805868,-9.954021],[-67.805873,-9.95406],[-67.805886,-9.954115],[-67.805892,-9.954135],[-67.805896,-9.954154],[-67.805904,-9.954186],[-67.805914,-9.954217],[-67.80593,-9.954254],[-67.805948,-9.954289],[-67.805969,-9.954322],[-67.805994,-9.954353],[-67.806017,-9.954378],[-67.806042,-9.954402],[-67.806066,-9.954423],[-67.806074,-9.95443],[-67.806105,-9.954454],[-67.806139,-9.954475],[-67.806185,-9.954498],[-67.806218,-9.954512],[-67.80623,-9.954517],[-67.806258,-9.954529],[-67.806272,-9.954534],[-67.806292,-9.954541],[-67.806333,-9.954553],[-67.806381,-9.954565],[-67.806416,-9.954572],[-67.806426,-9.954575],[-67.80648,-9.954588],[-67.806524,-9.954596],[-67.806627,-9.954616],[-67.806636,-9.954617],[-67.806676,-9.954623],[-67.806716,-9.954624],[-67.806752,-9.954623],[-67.806789,-9.954618],[-67.806819,-9.954614],[-67.806865,-9.954618],[-67.806908,-9.95462],[-67.806913,-9.95462],[-67.806919,-9.954621],[-67.806962,-9.954627],[-67.806996,-9.954629],[-67.807031,-9.954631],[-67.80706,-9.954631],[-67.807099,-9.954631],[-67.807131,-9.954631],[-67.807161,-9.95463],[-67.807191,-9.954627],[-67.807249,-9.95462],[-67.807268,-9.954617],[-67.807307,-9.954608],[-67.807345,-9.954596],[-67.807381,-9.954581],[-67.807417,-9.954563],[-67.80745,-9.954542],[-67.807482,-9.954518],[-67.807511,-9.954491],[-67.807538,-9.954462],[-67.807562,-9.954431],[-67.807584,-9.954398],[-67.807604,-9.954357],[-67.807619,-9.954324],[-67.807641,-9.954283],[-67.807655,-9.954255],[-67.807667,-9.954226],[-67.807679,-9.954188],[-67.807688,-9.95415],[-67.807693,-9.954111],[-67.807695,-9.954071],[-67.807693,-9.954032],[-67.807688,-9.953993],[-67.807686,-9.953983],[-67.807679,-9.953949],[-67.807676,-9.953898],[-67.80767,-9.953849],[-67.807658,-9.953799],[-67.807644,-9.953752],[-67.807642,-9.953726],[-67.807636,-9.953676],[-67.807629,-9.953642],[-67.807619,-9.953609],[-67.807614,-9.953595],[-67.807622,-9.953591],[-67.807626,-9.953589],[-67.807659,-9.953568],[-67.807664,-9.953564],[-67.807687,-9.953573],[-67.807713,-9.953583],[-67.807719,-9.953585],[-67.807754,-9.9536],[-67.807782,-9.953609],[-67.807824,-9.953621],[-67.807835,-9.953627],[-67.807848,-9.953634],[-67.807863,-9.953646],[-67.807897,-9.953667],[-67.807904,-9.953671],[-67.807931,-9.953691],[-67.807964,-9.953712],[-67.807977,-9.953719],[-67.807981,-9.953723],[-67.808012,-9.953746],[-67.808045,-9.953767],[-67.808053,-9.953771],[-67.808056,-9.953775],[-67.808067,-9.953784],[-67.808098,-9.953808],[-67.808132,-9.953829],[-67.808167,-9.953847],[-67.808181,-9.953853],[-67.808176,-9.953873],[-67.808168,-9.953906],[-67.808163,-9.953945],[-67.80816,-9.953981],[-67.808158,-9.95402],[-67.808161,-9.954069],[-67.808167,-9.954122],[-67.808171,-9.954152],[-67.808177,-9.95418],[-67.808185,-9.954208],[-67.8082,-9.954255],[-67.808207,-9.954276],[-67.808222,-9.954312],[-67.80824,-9.954347],[-67.808262,-9.95438],[-67.808286,-9.954412],[-67.808335,-9.954469],[-67.808361,-9.954497],[-67.808391,-9.954524],[-67.808446,-9.95457],[-67.808477,-9.954593],[-67.808509,-9.954614],[-67.808545,-9.954632],[-67.808581,-9.954647],[-67.808626,-9.954661],[-67.808699,-9.954679],[-67.80873,-9.954685],[-67.808757,-9.954689],[-67.808835,-9.954698],[-67.808887,-9.954701],[-67.808971,-9.954701],[-67.809019,-9.954702],[-67.809095,-9.954707],[-67.809126,-9.954708],[-67.809166,-9.954706],[-67.809205,-9.954701],[-67.809223,-9.954697],[-67.809305,-9.95468],[-67.809344,-9.954669],[-67.80941,-9.954649],[-67.80943,-9.954642],[-67.809466,-9.954627],[-67.809502,-9.954609],[-67.809537,-9.954587],[-67.809583,-9.954554],[-67.809592,-9.954549],[-67.809625,-9.954528],[-67.809657,-9.954504],[-67.809674,-9.95449],[-67.809714,-9.954466],[-67.809747,-9.954446],[-67.809777,-9.954422],[-67.809787,-9.954414],[-67.809837,-9.95437],[-67.809882,-9.954332],[-67.809972,-9.954262],[-67.809981,-9.954254],[-67.809985,-9.954251],[-67.810032,-9.954211],[-67.810057,-9.954188],[-67.810081,-9.954162],[-67.810098,-9.954143],[-67.810122,-9.954121],[-67.810143,-9.9541],[-67.810163,-9.954079],[-67.810177,-9.954061],[-67.810205,-9.954024],[-67.810229,-9.953989],[-67.810255,-9.953947],[-67.810293,-9.953896],[-67.810318,-9.953857],[-67.810342,-9.953809],[-67.810364,-9.953759],[-67.810382,-9.953734],[-67.810406,-9.953697],[-67.810424,-9.953662],[-67.81044,-9.953626],[-67.810452,-9.953588],[-67.81046,-9.95355],[-67.810465,-9.953511],[-67.810467,-9.953472],[-67.810467,-9.953418],[-67.810472,-9.953367],[-67.810474,-9.953327],[-67.810474,-9.953321],[-67.810473,-9.953302],[-67.810471,-9.953228],[-67.810468,-9.953198],[-67.810464,-9.953168],[-67.810455,-9.953129],[-67.810443,-9.953092],[-67.810428,-9.953055],[-67.81041,-9.95302],[-67.810388,-9.952987],[-67.810364,-9.952956],[-67.810339,-9.952928],[-67.810311,-9.952903],[-67.810268,-9.952866],[-67.810264,-9.952863],[-67.810228,-9.952835],[-67.810199,-9.952816],[-67.810189,-9.952807],[-67.810167,-9.952789],[-67.810107,-9.952746],[-67.810065,-9.952719],[-67.810046,-9.952708],[-67.809943,-9.952656],[-67.809917,-9.952643],[-67.80989,-9.952633],[-67.809859,-9.952623],[-67.809816,-9.952611],[-67.809769,-9.9526],[-67.809751,-9.952597],[-67.809704,-9.952591],[-67.809674,-9.952588],[-67.809644,-9.952587],[-67.809567,-9.952587],[-67.809563,-9.952586],[-67.809558,-9.952539],[-67.809556,-9.952483],[-67.809589,-9.952483],[-67.809629,-9.952481],[-67.809669,-9.952476],[-67.809689,-9.952472],[-67.809749,-9.952459],[-67.809787,-9.952453],[-67.809797,-9.952452],[-67.809814,-9.952448],[-67.809838,-9.952475],[-67.809862,-9.9525],[-67.809887,-9.952522],[-67.809918,-9.952546],[-67.809952,-9.952568],[-67.809987,-9.952586],[-67.810024,-9.952601],[-67.810062,-9.952613],[-67.810101,-9.952621],[-67.81014,-9.952626],[-67.81018,-9.952628],[-67.81022,-9.952626],[-67.810251,-9.952624],[-67.81029,-9.952619],[-67.810329,-9.95261],[-67.810367,-9.952598],[-67.810404,-9.952583],[-67.810439,-9.952565],[-67.810443,-9.952562],[-67.810542,-9.952504],[-67.810569,-9.952487],[-67.810594,-9.952468],[-67.810654,-9.952421],[-67.810662,-9.952415],[-67.810688,-9.952391],[-67.810712,-9.952366],[-67.810766,-9.952305],[-67.810772,-9.952298],[-67.810782,-9.952286],[-67.81079,-9.952276],[-67.810811,-9.952261],[-67.810837,-9.95224],[-67.810866,-9.952214],[-67.810893,-9.952185],[-67.810917,-9.952153],[-67.810938,-9.95212],[-67.810975,-9.952064],[-67.810992,-9.952038],[-67.811001,-9.952022],[-67.811024,-9.951985],[-67.811029,-9.951976],[-67.811041,-9.951955],[-67.811044,-9.951949],[-67.811065,-9.951899],[-67.811077,-9.951862],[-67.811086,-9.951823],[-67.81109,-9.951794],[-67.811096,-9.951743],[-67.811122,-9.951613],[-67.811123,-9.951604],[-67.811128,-9.951566],[-67.81113,-9.951527],[-67.81113,-9.951457],[-67.811131,-9.951454],[-67.811133,-9.951447],[-67.811138,-9.951408],[-67.811139,-9.951369],[-67.81114,-9.951296],[-67.811139,-9.951276],[-67.811139,-9.951271],[-67.811163,-9.951249],[-67.811189,-9.951223],[-67.811246,-9.951156],[-67.81125,-9.951152],[-67.811274,-9.951121],[-67.811282,-9.951109],[-67.811314,-9.951096],[-67.811325,-9.951091],[-67.811344,-9.951083],[-67.811378,-9.951083],[-67.811428,-9.951083],[-67.811495,-9.951083],[-67.811566,-9.951083],[-67.811581,-9.951088],[-67.811601,-9.951093],[-67.811641,-9.951103],[-67.811673,-9.95111],[-67.811713,-9.951115],[-67.811752,-9.951117],[-67.811792,-9.951115],[-67.811831,-9.95111],[-67.811854,-9.951105],[-67.811898,-9.951113],[-67.811948,-9.951122],[-67.811936,-9.951159],[-67.811927,-9.951197],[-67.811922,-9.951236],[-67.81192,-9.951275],[-67.81192,-9.951325],[-67.811922,-9.951365],[-67.811927,-9.951404],[-67.811929,-9.951412],[-67.811927,-9.951424],[-67.811926,-9.951463],[-67.811925,-9.951491],[-67.811927,-9.95153],[-67.811933,-9.951594],[-67.811938,-9.951635],[-67.811942,-9.951656],[-67.811942,-9.951674],[-67.811944,-9.951714],[-67.811949,-9.951753],[-67.811957,-9.951792],[-67.811969,-9.951829],[-67.811986,-9.95187],[-67.81199,-9.951877],[-67.811989,-9.95191],[-67.811991,-9.951955],[-67.811997,-9.952009],[-67.812001,-9.952042],[-67.812009,-9.952077],[-67.81202,-9.95212],[-67.812028,-9.952146],[-67.81205,-9.952214],[-67.812055,-9.95223],[-67.812071,-9.952266],[-67.812089,-9.952301],[-67.812121,-9.952349],[-67.812162,-9.952403],[-67.812176,-9.95242],[-67.812198,-9.952444],[-67.812258,-9.952505],[-67.812304,-9.952553],[-67.812339,-9.952585],[-67.812375,-9.952615],[-67.812407,-9.952639],[-67.81244,-9.952661],[-67.812472,-9.952677],[-67.812515,-9.952697],[-67.812556,-9.952714],[-67.812601,-9.952728],[-67.812646,-9.952739],[-67.812678,-9.952746],[-67.812717,-9.952751],[-67.812757,-9.952753],[-67.81277,-9.952753],[-67.812829,-9.952751],[-67.812862,-9.952749],[-67.812895,-9.952744],[-67.812933,-9.952736],[-67.813002,-9.952718],[-67.813041,-9.952706],[-67.813078,-9.95269],[-67.813113,-9.952672],[-67.813132,-9.952661],[-67.813176,-9.952633],[-67.813222,-9.952599],[-67.813251,-9.952573],[-67.813278,-9.952544],[-67.813302,-9.952512],[-67.813324,-9.952479],[-67.813327,-9.952474],[-67.813364,-9.952407],[-67.813368,-9.952403],[-67.813382,-9.952388],[-67.813406,-9.952357],[-67.813427,-9.952323],[-67.813439,-9.952302],[-67.813451,-9.952279],[-67.813483,-9.952237],[-67.813501,-9.952213],[-67.813517,-9.952187],[-67.813528,-9.952165],[-67.813537,-9.952174],[-67.813543,-9.952179],[-67.8136,-9.952234],[-67.813623,-9.952254],[-67.813655,-9.952278],[-67.813688,-9.9523],[-67.813698,-9.952305],[-67.813699,-9.95231],[-67.8137,-9.952363],[-67.813702,-9.952397],[-67.813707,-9.95243],[-67.813715,-9.952469],[-67.813727,-9.952507],[-67.81374,-9.952537],[-67.813763,-9.952589],[-67.813767,-9.952597],[-67.813798,-9.952661],[-67.813802,-9.952671],[-67.813822,-9.95271],[-67.813825,-9.952716],[-67.813849,-9.952762],[-67.813867,-9.952796],[-67.813866,-9.95281],[-67.813864,-9.952822],[-67.813864,-9.952826],[-67.81386,-9.952853],[-67.813857,-9.952909],[-67.813857,-9.952915],[-67.813858,-9.952955],[-67.813863,-9.952994],[-67.813872,-9.953033],[-67.813884,-9.95307],[-67.813899,-9.953107],[-67.813918,-9.953142],[-67.813939,-9.953175],[-67.813963,-9.953206],[-67.81399,-9.953236],[-67.814019,-9.953262],[-67.814048,-9.953284],[-67.814078,-9.953304],[-67.814096,-9.953314],[-67.814103,-9.953318],[-67.814138,-9.953336],[-67.814175,-9.953351],[-67.814228,-9.953367],[-67.814275,-9.953378],[-67.814299,-9.953383],[-67.814338,-9.953388],[-67.814364,-9.953389],[-67.814387,-9.953395],[-67.814409,-9.953403],[-67.814451,-9.953424],[-67.814456,-9.953426],[-67.814476,-9.953435],[-67.814479,-9.953438],[-67.814511,-9.953462],[-67.814544,-9.953483],[-67.814552,-9.953488],[-67.814609,-9.953519],[-67.814634,-9.953531],[-67.814682,-9.953554],[-67.81473,-9.953576],[-67.814768,-9.953592],[-67.81478,-9.953596],[-67.81479,-9.953599],[-67.814798,-9.953605],[-67.814823,-9.95362],[-67.814853,-9.953636],[-67.814884,-9.953649],[-67.814949,-9.953675],[-67.81496,-9.953678],[-67.814981,-9.953685],[-67.814996,-9.953705],[-67.815021,-9.953737],[-67.81503,-9.953747],[-67.815057,-9.953776],[-67.815086,-9.953803],[-67.815117,-9.953827],[-67.815151,-9.953848],[-67.815186,-9.953866],[-67.815223,-9.953882],[-67.815235,-9.953886],[-67.81524,-9.953887],[-67.815288,-9.9539],[-67.815336,-9.953911],[-67.815353,-9.953914],[-67.815356,-9.953914],[-67.815366,-9.953916],[-67.815383,-9.953919],[-67.81543,-9.953925],[-67.815507,-9.953937],[-67.815581,-9.95395],[-67.815634,-9.953956],[-67.815695,-9.953959],[-67.81572,-9.95396],[-67.815785,-9.95396],[-67.815819,-9.953964],[-67.815848,-9.953967],[-67.815884,-9.953968],[-67.815907,-9.953969],[-67.815941,-9.953968],[-67.815975,-9.953964],[-67.816041,-9.953954],[-67.816045,-9.953953],[-67.816118,-9.953942],[-67.816126,-9.953941],[-67.816165,-9.953932],[-67.816203,-9.95392],[-67.816254,-9.953898],[-67.816311,-9.953869],[-67.816399,-9.953824],[-67.816418,-9.953814],[-67.816452,-9.953793],[-67.816484,-9.953769],[-67.816497,-9.953757],[-67.816538,-9.95372],[-67.816561,-9.953698],[-67.816582,-9.953675],[-67.816583,-9.953673],[-67.816641,-9.953604],[-67.816687,-9.953553],[-67.816697,-9.953542],[-67.816721,-9.953511],[-67.816742,-9.953477],[-67.816761,-9.953443],[-67.816776,-9.953406],[-67.816788,-9.953368],[-67.816793,-9.953345],[-67.816798,-9.953332],[-67.816809,-9.953295],[-67.816817,-9.953258],[-67.816823,-9.953219],[-67.816824,-9.95318],[-67.816823,-9.95314],[-67.816817,-9.953101],[-67.816807,-9.953056],[-67.816786,-9.952984],[-67.816776,-9.952953],[-67.816761,-9.952917],[-67.816743,-9.952882],[-67.816729,-9.95286],[-67.816761,-9.952825],[-67.816778,-9.952806],[-67.816803,-9.952775],[-67.816824,-9.952742],[-67.816842,-9.952707],[-67.816858,-9.95267],[-67.816865,-9.95265],[-67.81688,-9.952623],[-67.816887,-9.952607],[-67.816913,-9.952613],[-67.816923,-9.952614],[-67.81697,-9.952621],[-67.816979,-9.952623],[-67.817041,-9.952631],[-67.817071,-9.952637],[-67.817079,-9.952638],[-67.817128,-9.952644],[-67.817186,-9.952648],[-67.817217,-9.952649],[-67.817247,-9.952648],[-67.817277,-9.952645],[-67.817341,-9.952636],[-67.817361,-9.952633],[-67.817399,-9.952625],[-67.817437,-9.952613],[-67.817474,-9.952598],[-67.817509,-9.95258],[-67.817543,-9.952559],[-67.817574,-9.952535],[-67.817586,-9.952524],[-67.81759,-9.952522],[-67.817607,-9.952513],[-67.81764,-9.952492],[-67.817672,-9.952468],[-67.817699,-9.952443],[-67.817761,-9.952383],[-67.81779,-9.952352],[-67.817815,-9.952318],[-67.81783,-9.952298],[-67.817835,-9.952293],[-67.817864,-9.952262],[-67.817888,-9.952231],[-67.817909,-9.952197],[-67.817917,-9.952184],[-67.817946,-9.952129],[-67.81796,-9.952101],[-67.817972,-9.952071],[-67.817984,-9.952033],[-67.817993,-9.951995],[-67.817993,-9.951992],[-67.818005,-9.951923],[-67.81801,-9.951886],[-67.818012,-9.951848],[-67.818012,-9.951845],[-67.818011,-9.951814],[-67.818008,-9.951784],[-67.818001,-9.951738],[-67.817999,-9.95172],[-67.817996,-9.951699],[-67.817988,-9.95166],[-67.817976,-9.951623],[-67.817973,-9.951615],[-67.817958,-9.951577],[-67.817944,-9.951545],[-67.817927,-9.951514],[-67.817918,-9.951499],[-67.817908,-9.951479],[-67.817885,-9.951416],[-67.81787,-9.95138],[-67.817851,-9.951345],[-67.817839,-9.951325],[-67.817817,-9.951291],[-67.817798,-9.951251],[-67.817781,-9.95122],[-67.817778,-9.951215],[-67.817783,-9.95121],[-67.817793,-9.951198],[-67.817803,-9.951185],[-67.817818,-9.951172],[-67.817843,-9.951148],[-67.817867,-9.951123],[-67.817891,-9.951092],[-67.817913,-9.951057],[-67.817922,-9.951048],[-67.81795,-9.951018],[-67.818006,-9.950952],[-67.81803,-9.950921],[-67.818051,-9.950888],[-67.818069,-9.950853],[-67.818083,-9.95082],[-67.818085,-9.950816],[-67.818093,-9.950808],[-67.818095,-9.950805],[-67.818101,-9.9508],[-67.818124,-9.950775],[-67.818135,-9.95076],[-67.81814,-9.950756],[-67.818165,-9.950735],[-67.818187,-9.950711],[-67.818234,-9.95066],[-67.818246,-9.950653],[-67.818327,-9.950608],[-67.818355,-9.950596],[-67.818387,-9.950588],[-67.818468,-9.950576],[-67.818485,-9.950574],[-67.818524,-9.950565],[-67.818561,-9.950554],[-67.818572,-9.950549],[-67.818597,-9.950546],[-67.818608,-9.950544],[-67.818669,-9.950532],[-67.818682,-9.950529],[-67.818719,-9.950536],[-67.818748,-9.950542],[-67.818759,-9.950544],[-67.818798,-9.950549],[-67.818837,-9.950551],[-67.81889,-9.950551],[-67.81893,-9.950549],[-67.81897,-9.950544],[-67.819014,-9.950534],[-67.819079,-9.950516],[-67.819111,-9.950506],[-67.819148,-9.95049],[-67.819183,-9.950472],[-67.819223,-9.950447],[-67.819269,-9.950413],[-67.819295,-9.950394],[-67.819309,-9.950386],[-67.819342,-9.950366],[-67.819372,-9.950342],[-67.8194,-9.950317],[-67.819452,-9.950266],[-67.819481,-9.950235],[-67.819505,-9.950204],[-67.819527,-9.95017],[-67.81955,-9.950124],[-67.819563,-9.950094],[-67.819573,-9.950076],[-67.819576,-9.95007],[-67.819595,-9.950035],[-67.81961,-9.949999],[-67.81962,-9.949967],[-67.819628,-9.949934],[-67.819644,-9.949858],[-67.819646,-9.949847],[-67.819651,-9.949807],[-67.819653,-9.949768],[-67.819652,-9.949734],[-67.819648,-9.9497],[-67.819642,-9.94966],[-67.81964,-9.94965],[-67.819638,-9.949637],[-67.819622,-9.949564],[-67.819613,-9.949528],[-67.819598,-9.949476],[-67.819589,-9.949449],[-67.819568,-9.949402],[-67.819532,-9.949328],[-67.819519,-9.949305],[-67.819497,-9.949271],[-67.819473,-9.94924],[-67.819453,-9.949218],[-67.819438,-9.949204],[-67.819436,-9.9492],[-67.819402,-9.949155],[-67.819365,-9.949116],[-67.819348,-9.9491],[-67.819322,-9.949066],[-67.819295,-9.949037],[-67.819266,-9.949009],[-67.819264,-9.949005],[-67.819234,-9.948962],[-67.819231,-9.948958],[-67.819227,-9.948951],[-67.819217,-9.948934],[-67.819211,-9.948924],[-67.819199,-9.948906],[-67.819182,-9.948882],[-67.819164,-9.948858],[-67.819139,-9.948832],[-67.819144,-9.948828],[-67.819174,-9.948801],[-67.819176,-9.948799],[-67.819202,-9.94878],[-67.819246,-9.948745],[-67.819256,-9.948737],[-67.819279,-9.948717],[-67.819281,-9.948715],[-67.819303,-9.9487],[-67.819329,-9.94868],[-67.819354,-9.948658],[-67.819377,-9.948633],[-67.819397,-9.948611],[-67.819405,-9.948602],[-67.819429,-9.94857],[-67.819451,-9.948537],[-67.819469,-9.948502],[-67.819484,-9.948466],[-67.819487,-9.948459],[-67.819489,-9.948451],[-67.819498,-9.948434],[-67.819512,-9.948399],[-67.819524,-9.948362],[-67.819533,-9.948323],[-67.819533,-9.948318],[-67.819546,-9.948302],[-67.819563,-9.948278],[-67.819569,-9.948269],[-67.819585,-9.948249],[-67.819587,-9.948247],[-67.819603,-9.948226],[-67.819626,-9.948221],[-67.819664,-9.948209],[-67.8197,-9.948194],[-67.819736,-9.948176],[-67.819764,-9.948159],[-67.819791,-9.948139],[-67.819809,-9.948124],[-67.81982,-9.948116],[-67.819834,-9.948104],[-67.819859,-9.948082],[-67.81988,-9.948061],[-67.819901,-9.948038],[-67.819925,-9.948007],[-67.819938,-9.947986],[-67.819944,-9.947985],[-67.819974,-9.947979],[-67.819998,-9.947974],[-67.820029,-9.947966],[-67.82006,-9.947956],[-67.820081,-9.947948],[-67.820107,-9.947937],[-67.820131,-9.947926],[-67.820143,-9.94792],[-67.820174,-9.947907],[-67.820204,-9.947891],[-67.820233,-9.947873],[-67.820257,-9.947866],[-67.820285,-9.947857],[-67.820331,-9.947837],[-67.820362,-9.947822],[-67.820388,-9.947808],[-67.820422,-9.947787],[-67.820453,-9.947763],[-67.820477,-9.947742],[-67.820499,-9.947719],[-67.820518,-9.947698],[-67.820528,-9.947687],[-67.820552,-9.947655],[-67.820574,-9.947622],[-67.820592,-9.947588],[-67.820606,-9.947555],[-67.820607,-9.947553],[-67.820613,-9.947544],[-67.820624,-9.947522],[-67.820644,-9.947485],[-67.820665,-9.947435],[-67.82068,-9.947387],[-67.820687,-9.947359],[-67.820692,-9.947331],[-67.820693,-9.947328],[-67.820702,-9.947297],[-67.820709,-9.947265],[-67.820714,-9.947227],[-67.820716,-9.947188],[-67.820716,-9.947146],[-67.820714,-9.947106],[-67.820709,-9.947067],[-67.820699,-9.947025],[-67.820683,-9.946967],[-67.820672,-9.946933],[-67.820652,-9.946886],[-67.820636,-9.946855],[-67.820619,-9.946812],[-67.820598,-9.946754],[-67.820583,-9.946718],[-67.820565,-9.946684],[-67.820544,-9.946651],[-67.820519,-9.946619],[-67.820492,-9.94659],[-67.82046,-9.946558],[-67.820431,-9.946532],[-67.820399,-9.946508],[-67.820366,-9.946487],[-67.820335,-9.94647],[-67.820315,-9.946461],[-67.820312,-9.946459],[-67.82028,-9.946434],[-67.820247,-9.946413],[-67.820223,-9.9464],[-67.820198,-9.946388],[-67.820143,-9.946358],[-67.820138,-9.946356],[-67.820127,-9.946341],[-67.820122,-9.946336],[-67.820122,-9.946327],[-67.82012,-9.946288],[-67.820115,-9.946249],[-67.820105,-9.946192],[-67.820099,-9.946162],[-67.820091,-9.946134],[-67.820079,-9.946097],[-67.820074,-9.946078],[-67.820067,-9.946057],[-67.820066,-9.946029],[-67.820065,-9.946009],[-67.820061,-9.945962],[-67.820059,-9.945945],[-67.820053,-9.945896],[-67.820049,-9.945873],[-67.820044,-9.945849],[-67.820053,-9.945851],[-67.820065,-9.945851],[-67.820086,-9.945858],[-67.820108,-9.945869],[-67.820153,-9.945889],[-67.820186,-9.945902],[-67.820224,-9.945914],[-67.820262,-9.945922],[-67.820274,-9.945924],[-67.820329,-9.945932],[-67.820357,-9.945936],[-67.820433,-9.945942],[-67.820455,-9.945949],[-67.820466,-9.945952],[-67.820558,-9.945976],[-67.820578,-9.945981],[-67.820641,-9.945994],[-67.820659,-9.945998],[-67.820677,-9.946],[-67.820681,-9.946004],[-67.820687,-9.946009],[-67.820729,-9.946042],[-67.820738,-9.94605],[-67.82077,-9.946074],[-67.820804,-9.946101],[-67.820831,-9.94613],[-67.820863,-9.94616],[-67.820879,-9.946176],[-67.820934,-9.946225],[-67.820946,-9.946236],[-67.820965,-9.94625],[-67.820984,-9.946271],[-67.821014,-9.946297],[-67.821054,-9.946327],[-67.821111,-9.946365],[-67.821116,-9.946369],[-67.821137,-9.946388],[-67.821146,-9.946396],[-67.821188,-9.946433],[-67.821201,-9.946448],[-67.821235,-9.946483],[-67.821268,-9.946513],[-67.821312,-9.946557],[-67.821328,-9.946571],[-67.821337,-9.946609],[-67.821349,-9.946647],[-67.821364,-9.946684],[-67.821382,-9.946718],[-67.821404,-9.946752],[-67.821428,-9.946783],[-67.821455,-9.946812],[-67.821484,-9.946839],[-67.82151,-9.946858],[-67.821513,-9.946863],[-67.82152,-9.946895],[-67.821533,-9.946932],[-67.82155,-9.946979],[-67.821564,-9.947012],[-67.821581,-9.947045],[-67.821603,-9.947083],[-67.821605,-9.947087],[-67.821609,-9.947093],[-67.821629,-9.947127],[-67.821649,-9.947157],[-67.821671,-9.947185],[-67.821698,-9.947214],[-67.821727,-9.947241],[-67.821746,-9.947256],[-67.821789,-9.947287],[-67.821834,-9.947317],[-67.82187,-9.947335],[-67.821906,-9.947351],[-67.821928,-9.947358],[-67.821961,-9.947368],[-67.822016,-9.947381],[-67.822062,-9.947387],[-67.822098,-9.947389],[-67.822132,-9.947391],[-67.822171,-9.947389],[-67.822212,-9.947384],[-67.82225,-9.947377],[-67.822282,-9.947376],[-67.822313,-9.947373],[-67.822344,-9.947369],[-67.822383,-9.94736],[-67.822411,-9.947353],[-67.82244,-9.947344],[-67.822514,-9.947319],[-67.822524,-9.947316],[-67.82256,-9.947301],[-67.822596,-9.947283],[-67.822619,-9.947269],[-67.822652,-9.947247],[-67.82269,-9.947228],[-67.822709,-9.947217],[-67.822742,-9.947196],[-67.822774,-9.947172],[-67.822788,-9.94716],[-67.822821,-9.947129],[-67.822843,-9.947108],[-67.822863,-9.947086],[-67.822888,-9.947055],[-67.822909,-9.947022],[-67.822927,-9.946987],[-67.822943,-9.94695],[-67.82296,-9.946934],[-67.822987,-9.946904],[-67.823011,-9.946873],[-67.823015,-9.946868],[-67.823018,-9.946864],[-67.823042,-9.946833],[-67.823064,-9.9468],[-67.823075,-9.946778],[-67.823078,-9.946773],[-67.823083,-9.946763],[-67.823105,-9.946713],[-67.823117,-9.946675],[-67.823125,-9.946637],[-67.823127,-9.946627],[-67.823135,-9.946577],[-67.823139,-9.946543],[-67.82314,-9.946509],[-67.82314,-9.946491],[-67.82314,-9.946488],[-67.823138,-9.946439],[-67.823133,-9.946393],[-67.823128,-9.946364],[-67.823126,-9.946351],[-67.823113,-9.94629],[-67.82311,-9.946277],[-67.823111,-9.94627],[-67.823112,-9.946249],[-67.823113,-9.946231],[-67.823113,-9.946218],[-67.823114,-9.946211],[-67.823115,-9.946181],[-67.823115,-9.94617],[-67.823115,-9.946163],[-67.823115,-9.946129],[-67.823113,-9.946083],[-67.823107,-9.94602],[-67.823105,-9.945987],[-67.823099,-9.945934],[-67.823097,-9.945929],[-67.823116,-9.945934],[-67.823146,-9.94594],[-67.823185,-9.945945],[-67.823225,-9.945947],[-67.823265,-9.945945],[-67.823304,-9.94594],[-67.823321,-9.945937],[-67.823344,-9.945932],[-67.823349,-9.945931],[-67.823353,-9.945932],[-67.823364,-9.945933],[-67.823401,-9.945948],[-67.823405,-9.945949],[-67.823461,-9.94597],[-67.823467,-9.945972],[-67.823485,-9.945978],[-67.823489,-9.945981],[-67.823512,-9.945996],[-67.823536,-9.946011],[-67.823548,-9.946018],[-67.823568,-9.946028],[-67.823579,-9.946037],[-67.823625,-9.946066],[-67.82363,-9.946069],[-67.823665,-9.946089],[-67.823686,-9.946102],[-67.823705,-9.946114],[-67.82374,-9.946132],[-67.823777,-9.946147],[-67.823794,-9.946153],[-67.823842,-9.946168],[-67.823855,-9.946172],[-67.823879,-9.946179],[-67.823915,-9.946192],[-67.823917,-9.946193],[-67.823943,-9.946201],[-67.823947,-9.946202],[-67.823973,-9.946213],[-67.823994,-9.946222],[-67.824039,-9.946235],[-67.824092,-9.946248],[-67.824124,-9.946255],[-67.824163,-9.94626],[-67.824203,-9.946262],[-67.824243,-9.94626],[-67.824263,-9.946258],[-67.824294,-9.946255],[-67.824339,-9.94625],[-67.824373,-9.946242],[-67.824407,-9.946232],[-67.82445,-9.946218],[-67.824459,-9.946215],[-67.824495,-9.9462],[-67.824531,-9.946181],[-67.824548,-9.946171],[-67.824578,-9.946152],[-67.824626,-9.946122],[-67.824653,-9.946104],[-67.824679,-9.946085],[-67.824708,-9.946058],[-67.824735,-9.946029],[-67.824759,-9.945998],[-67.82478,-9.945964],[-67.824786,-9.945953],[-67.824795,-9.945941],[-67.824809,-9.945918],[-67.82482,-9.945896],[-67.824829,-9.945883],[-67.824839,-9.94587],[-67.824858,-9.94584],[-67.824863,-9.945831],[-67.82489,-9.945782],[-67.824901,-9.945768],[-67.824922,-9.945735],[-67.824938,-9.945706],[-67.824951,-9.945675],[-67.824974,-9.945619],[-67.824992,-9.945582],[-67.825001,-9.945561],[-67.825011,-9.945549],[-67.825031,-9.945523],[-67.825048,-9.945495],[-67.82506,-9.945473],[-67.825064,-9.945466],[-67.825066,-9.945461],[-67.825082,-9.945441],[-67.825085,-9.945436],[-67.825116,-9.945409],[-67.825142,-9.94538],[-67.825147,-9.945373],[-67.825161,-9.945356],[-67.825167,-9.945349],[-67.82518,-9.945336],[-67.825204,-9.945304],[-67.825226,-9.945271],[-67.825243,-9.945239],[-67.825247,-9.94523],[-67.825249,-9.945226],[-67.825254,-9.945218],[-67.825272,-9.945183],[-67.825288,-9.945146],[-67.825291,-9.945136],[-67.825302,-9.945103],[-67.825305,-9.945093],[-67.82532,-9.945099],[-67.825345,-9.945107],[-67.825391,-9.945121],[-67.825419,-9.945131],[-67.825426,-9.945134],[-67.825447,-9.945141],[-67.825491,-9.945154],[-67.825519,-9.945164],[-67.825541,-9.945174],[-67.825549,-9.945177],[-67.82559,-9.945194],[-67.825607,-9.9452],[-67.825646,-9.945212],[-67.825651,-9.945213],[-67.825659,-9.945217],[-67.825682,-9.945234],[-67.825715,-9.945255],[-67.825751,-9.945274],[-67.825787,-9.945289],[-67.825832,-9.945302],[-67.825839,-9.945304],[-67.825848,-9.945308],[-67.825852,-9.94531],[-67.825883,-9.945325],[-67.825896,-9.94533],[-67.825938,-9.945349],[-67.825964,-9.945359],[-67.825984,-9.945365],[-67.826043,-9.945384],[-67.826066,-9.945397],[-67.826069,-9.945399],[-67.826104,-9.945418],[-67.826141,-9.945433],[-67.826171,-9.945442],[-67.826201,-9.94545],[-67.826216,-9.945453],[-67.826221,-9.945455],[-67.826233,-9.945459],[-67.826254,-9.945472],[-67.826257,-9.945473],[-67.826287,-9.945489],[-67.826338,-9.945513],[-67.82638,-9.945531],[-67.826413,-9.945541],[-67.82644,-9.945549],[-67.826463,-9.945557],[-67.826496,-9.945566],[-67.826529,-9.945573],[-67.826553,-9.945576],[-67.8266,-9.945582],[-67.826604,-9.945583],[-67.826637,-9.945586],[-67.826688,-9.945589],[-67.826728,-9.945588],[-67.826768,-9.945582],[-67.826802,-9.945575],[-67.826845,-9.945564],[-67.826861,-9.94556],[-67.826917,-9.945543],[-67.826944,-9.945534],[-67.826972,-9.945523],[-67.826998,-9.945511],[-67.827034,-9.945492],[-67.827052,-9.945483],[-67.827093,-9.945456],[-67.827127,-9.945431],[-67.827169,-9.945404],[-67.827211,-9.945373],[-67.827226,-9.94536],[-67.827236,-9.945355],[-67.827257,-9.945344],[-67.827263,-9.945341],[-67.827286,-9.945328],[-67.827334,-9.945303],[-67.827341,-9.945299],[-67.827379,-9.945277],[-67.827425,-9.945253],[-67.827439,-9.945245],[-67.827457,-9.945234],[-67.827465,-9.945229],[-67.82748,-9.945223],[-67.827521,-9.945206],[-67.827544,-9.945196],[-67.827549,-9.945195],[-67.827554,-9.945193],[-67.827605,-9.945178],[-67.827642,-9.945163],[-67.827677,-9.945145],[-67.827689,-9.945138],[-67.82771,-9.945125],[-67.827742,-9.945105],[-67.827757,-9.945096],[-67.82779,-9.945074],[-67.827829,-9.945045],[-67.827859,-9.945018],[-67.827886,-9.945011],[-67.827917,-9.945001],[-67.827954,-9.944986],[-67.827989,-9.944967],[-67.828012,-9.944953],[-67.828019,-9.944948],[-67.828028,-9.944943],[-67.828031,-9.944941],[-67.82804,-9.944936],[-67.828054,-9.944928],[-67.828091,-9.944905],[-67.828096,-9.944901],[-67.828104,-9.944898],[-67.828127,-9.944897],[-67.828147,-9.944895],[-67.828168,-9.944894],[-67.828199,-9.944892],[-67.82823,-9.944887],[-67.828269,-9.944879],[-67.828307,-9.944867],[-67.828344,-9.944852],[-67.828376,-9.944835],[-67.828403,-9.944831],[-67.828421,-9.944828],[-67.828438,-9.944824],[-67.828472,-9.944827],[-67.828508,-9.944825],[-67.828562,-9.944821],[-67.828587,-9.944818],[-67.828647,-9.94481],[-67.828685,-9.94481],[-67.828717,-9.944809],[-67.82878,-9.944805],[-67.828827,-9.944803],[-67.828843,-9.944803],[-67.82886,-9.944806],[-67.828884,-9.944809],[-67.828937,-9.944814],[-67.82898,-9.944816],[-67.829051,-9.944816],[-67.829095,-9.944816],[-67.829135,-9.944815],[-67.829174,-9.944809],[-67.829213,-9.944801],[-67.829251,-9.944789],[-67.829258,-9.944787],[-67.829293,-9.944773],[-67.829339,-9.944767],[-67.829383,-9.944759],[-67.829404,-9.944756],[-67.829425,-9.944753],[-67.829443,-9.944751],[-67.829491,-9.94474],[-67.829523,-9.944731],[-67.829552,-9.944721],[-67.82959,-9.944705],[-67.829634,-9.944685],[-67.829667,-9.944668],[-67.829711,-9.944639],[-67.829748,-9.944611],[-67.829755,-9.944606],[-67.829761,-9.944603],[-67.829795,-9.944582],[-67.829827,-9.944558],[-67.829856,-9.94453],[-67.829882,-9.944503],[-67.829892,-9.94449],[-67.829912,-9.944473],[-67.829943,-9.944446],[-67.82997,-9.944417],[-67.82999,-9.94439],[-67.830003,-9.944386],[-67.830066,-9.944364],[-67.830069,-9.944363],[-67.830106,-9.944348],[-67.830141,-9.944329],[-67.830175,-9.944308],[-67.830187,-9.944299],[-67.830179,-9.944318],[-67.830167,-9.944356],[-67.830159,-9.944394],[-67.830153,-9.944434],[-67.830153,-9.94445],[-67.830148,-9.944469],[-67.830143,-9.944508],[-67.830141,-9.944548],[-67.830144,-9.944593],[-67.830151,-9.944664],[-67.830154,-9.944688],[-67.83016,-9.944726],[-67.830164,-9.944759],[-67.830168,-9.944785],[-67.830176,-9.944824],[-67.830188,-9.944861],[-67.8302,-9.944888],[-67.830202,-9.944905],[-67.830211,-9.944944],[-67.830223,-9.944981],[-67.830238,-9.945018],[-67.830256,-9.945053],[-67.830278,-9.945086],[-67.830302,-9.945117],[-67.830323,-9.945141],[-67.830346,-9.945163],[-67.830444,-9.94525],[-67.830456,-9.94526],[-67.830489,-9.945285],[-67.830503,-9.945294],[-67.830538,-9.945328],[-67.830558,-9.945346],[-67.830594,-9.945372],[-67.830655,-9.945414],[-67.830685,-9.945432],[-67.83072,-9.94545],[-67.830757,-9.945465],[-67.830773,-9.945471],[-67.830856,-9.945497],[-67.830894,-9.945511],[-67.830903,-9.945514],[-67.831009,-9.945549],[-67.831042,-9.945559],[-67.831075,-9.945566],[-67.831089,-9.945568],[-67.831156,-9.945577],[-67.831189,-9.945581],[-67.831221,-9.945582],[-67.831259,-9.945581],[-67.831333,-9.945574],[-67.831361,-9.945571],[-67.831426,-9.945562],[-67.831439,-9.94556],[-67.831478,-9.945551],[-67.831516,-9.945539],[-67.831562,-9.94552],[-67.83161,-9.945496],[-67.83168,-9.945463],[-67.831697,-9.945455],[-67.831727,-9.945439],[-67.831762,-9.945426],[-67.831777,-9.945423],[-67.831838,-9.945417],[-67.831874,-9.945412],[-67.831918,-9.945402],[-67.831984,-9.945384],[-67.832059,-9.945363],[-67.832188,-9.945338],[-67.83222,-9.945331],[-67.832252,-9.945321],[-67.832321,-9.945297],[-67.832402,-9.945277],[-67.83245,-9.945263],[-67.832486,-9.945248],[-67.832541,-9.945223],[-67.832559,-9.945214],[-67.832586,-9.9452],[-67.832597,-9.945194],[-67.832643,-9.945169],[-67.83265,-9.945165],[-67.832683,-9.945144],[-67.832715,-9.94512],[-67.832744,-9.945093],[-67.832771,-9.945064],[-67.832795,-9.945033],[-67.832816,-9.944999],[-67.832828,-9.944978],[-67.832848,-9.944938],[-67.83287,-9.944889],[-67.832882,-9.944851],[-67.832891,-9.944813],[-67.832896,-9.944774],[-67.832897,-9.944755],[-67.8329,-9.944727],[-67.832903,-9.944672],[-67.832902,-9.944633],[-67.832897,-9.944594],[-67.832889,-9.944561],[-67.8329,-9.944538],[-67.832909,-9.94451],[-67.83291,-9.944506],[-67.832919,-9.944508],[-67.83295,-9.944511],[-67.83298,-9.944512],[-67.833035,-9.944512],[-67.833075,-9.94451],[-67.833115,-9.944505],[-67.833154,-9.944497],[-67.833193,-9.944484],[-67.833242,-9.944466],[-67.833295,-9.944451],[-67.833324,-9.944442],[-67.833361,-9.944427],[-67.833396,-9.944408],[-67.833404,-9.944404],[-67.83344,-9.944382],[-67.833469,-9.944363],[-67.833497,-9.944341],[-67.833513,-9.944327],[-67.83355,-9.944294],[-67.833602,-9.944255],[-67.833661,-9.944217],[-67.833727,-9.944177],[-67.833755,-9.944159],[-67.833782,-9.944138],[-67.833791,-9.94413],[-67.83385,-9.944079],[-67.833922,-9.944019],[-67.833928,-9.944015],[-67.83395,-9.944005],[-67.83396,-9.944002],[-67.834001,-9.94399],[-67.834031,-9.943977],[-67.834068,-9.943961],[-67.834083,-9.943954],[-67.83413,-9.943931],[-67.834133,-9.94393],[-67.834146,-9.943927],[-67.834198,-9.943911],[-67.834214,-9.943905],[-67.834229,-9.943899],[-67.834295,-9.943902],[-67.834316,-9.943903],[-67.834343,-9.943903],[-67.834352,-9.943909],[-67.834387,-9.943946],[-67.834405,-9.943966],[-67.834427,-9.943998],[-67.834452,-9.944031],[-67.83449,-9.944077],[-67.834493,-9.944081],[-67.83452,-9.94411],[-67.834549,-9.944137],[-67.834581,-9.944161],[-67.834594,-9.944169],[-67.834612,-9.944188],[-67.834641,-9.944215],[-67.834673,-9.944239],[-67.834706,-9.94426],[-67.834715,-9.944265],[-67.834718,-9.944267],[-67.834743,-9.944293],[-67.834776,-9.944325],[-67.834787,-9.944339],[-67.834795,-9.944354],[-67.834797,-9.944358],[-67.834819,-9.944391],[-67.834843,-9.944422],[-67.83487,-9.944451],[-67.834899,-9.944478],[-67.834931,-9.944502],[-67.834964,-9.944523],[-67.834989,-9.944536],[-67.835001,-9.944544],[-67.835022,-9.944558],[-67.835041,-9.94457],[-67.83507,-9.944592],[-67.835097,-9.944612],[-67.835124,-9.944629],[-67.835138,-9.944636],[-67.835152,-9.944644],[-67.835186,-9.944677],[-67.835218,-9.944701],[-67.835251,-9.944722],[-67.835286,-9.94474],[-67.835332,-9.944761],[-67.835359,-9.94478],[-67.835388,-9.944798],[-67.835431,-9.944823],[-67.835434,-9.944825],[-67.835483,-9.944849],[-67.835536,-9.944872],[-67.83556,-9.944881],[-67.835579,-9.944887],[-67.835592,-9.944896],[-67.835608,-9.944904],[-67.835656,-9.94493],[-67.835706,-9.944952],[-67.835759,-9.944972],[-67.835766,-9.944974],[-67.835803,-9.944986],[-67.835842,-9.944995],[-67.835862,-9.944998],[-67.83589,-9.945006],[-67.835922,-9.945014],[-67.835962,-9.945023],[-67.835977,-9.945026],[-67.836014,-9.94503],[-67.836018,-9.945031],[-67.836053,-9.945039],[-67.836093,-9.945044],[-67.836132,-9.945046],[-67.836155,-9.945045],[-67.836195,-9.945043],[-67.836235,-9.94504],[-67.836238,-9.945039],[-67.836254,-9.945041],[-67.836263,-9.945042],[-67.836269,-9.945044],[-67.836276,-9.945047],[-67.836279,-9.94505],[-67.836311,-9.945074],[-67.836344,-9.945096],[-67.836365,-9.945106],[-67.83638,-9.945126],[-67.836386,-9.945133],[-67.836402,-9.945154],[-67.836429,-9.945184],[-67.836458,-9.94521],[-67.836485,-9.945231],[-67.836512,-9.945249],[-67.836526,-9.945258],[-67.83653,-9.945261],[-67.836521,-9.945266],[-67.836483,-9.94529],[-67.836438,-9.945324],[-67.836408,-9.94535],[-67.836381,-9.945379],[-67.836356,-9.945412],[-67.836341,-9.945433],[-67.836338,-9.945439],[-67.836307,-9.945462],[-67.836303,-9.945463],[-67.836282,-9.94547],[-67.836278,-9.945471],[-67.836246,-9.945478],[-67.836215,-9.945488],[-67.836178,-9.945504],[-67.836143,-9.945522],[-67.836109,-9.945543],[-67.836078,-9.945567],[-67.836048,-9.945594],[-67.836021,-9.945623],[-67.835997,-9.945654],[-67.835976,-9.945687],[-67.835957,-9.945722],[-67.835942,-9.945759],[-67.83593,-9.945796],[-67.835922,-9.945835],[-67.835916,-9.945874],[-67.835911,-9.94589],[-67.835903,-9.945929],[-67.835899,-9.945954],[-67.835894,-9.945993],[-67.835884,-9.946038],[-67.83588,-9.946057],[-67.835875,-9.946096],[-67.835867,-9.946131],[-67.835858,-9.946164],[-67.835851,-9.946197],[-67.835846,-9.946235],[-67.835844,-9.946274],[-67.835844,-9.946296],[-67.835838,-9.946316],[-67.835831,-9.946349],[-67.835826,-9.946387],[-67.835821,-9.946437],[-67.835819,-9.946477],[-67.835819,-9.946518],[-67.835819,-9.946527],[-67.835819,-9.946589],[-67.83582,-9.946612],[-67.835822,-9.946653],[-67.835823,-9.946671],[-67.835827,-9.946719],[-67.835828,-9.946728],[-67.835834,-9.946782],[-67.83584,-9.946849],[-67.835845,-9.946888],[-67.835848,-9.946902],[-67.835857,-9.946943],[-67.835865,-9.946975],[-67.835875,-9.947005],[-67.83589,-9.947042],[-67.835908,-9.947077],[-67.83593,-9.94711],[-67.835954,-9.947141],[-67.835977,-9.947166],[-67.836002,-9.94719],[-67.836039,-9.947223],[-67.836045,-9.94723],[-67.836072,-9.947259],[-67.836101,-9.947286],[-67.836121,-9.947301],[-67.83613,-9.947308],[-67.836175,-9.947338],[-67.836189,-9.947345],[-67.83622,-9.947368],[-67.836254,-9.94739],[-67.836289,-9.947408],[-67.836326,-9.947423],[-67.836342,-9.947428],[-67.836353,-9.947438],[-67.836385,-9.947462],[-67.836392,-9.947466],[-67.836405,-9.947481],[-67.836434,-9.947507],[-67.836466,-9.947531],[-67.836492,-9.947548],[-67.836495,-9.947555],[-67.836528,-9.947618],[-67.83653,-9.947621],[-67.836551,-9.947662],[-67.836558,-9.947674],[-67.836562,-9.947687],[-67.836562,-9.947708],[-67.836564,-9.947748],[-67.836569,-9.947787],[-67.836577,-9.947826],[-67.836589,-9.947863],[-67.836598,-9.947886],[-67.836615,-9.947925],[-67.83664,-9.947974],[-67.836661,-9.948008],[-67.836686,-9.948039],[-67.836689,-9.948043],[-67.836692,-9.948048],[-67.836714,-9.948082],[-67.836719,-9.948088],[-67.836732,-9.948115],[-67.836752,-9.948154],[-67.836761,-9.94817],[-67.836781,-9.948202],[-67.836799,-9.948235],[-67.836819,-9.948267],[-67.836836,-9.948291],[-67.836852,-9.948312],[-67.836855,-9.948319],[-67.836864,-9.948337],[-67.836877,-9.948361],[-67.836893,-9.948386],[-67.836895,-9.948389],[-67.8369,-9.948398],[-67.836904,-9.948405],[-67.836909,-9.948421],[-67.836924,-9.948457],[-67.836942,-9.948492],[-67.836964,-9.948525],[-67.836968,-9.94853],[-67.836967,-9.948543],[-67.83696,-9.948567],[-67.836951,-9.948605],[-67.836946,-9.948644],[-67.836945,-9.948652],[-67.836941,-9.948657],[-67.836917,-9.948688],[-67.836896,-9.948721],[-67.836877,-9.948756],[-67.836862,-9.948793],[-67.83685,-9.94883],[-67.836842,-9.948868],[-67.836837,-9.948896],[-67.836836,-9.9489],[-67.836834,-9.948904],[-67.83682,-9.948938],[-67.836815,-9.948954],[-67.836798,-9.949004],[-67.83679,-9.949033],[-67.836783,-9.949063],[-67.836768,-9.949092],[-67.836753,-9.949128],[-67.836747,-9.949146],[-67.836735,-9.949183],[-67.836732,-9.949193],[-67.836727,-9.94921],[-67.836715,-9.949225],[-67.836694,-9.949259],[-67.836675,-9.949294],[-67.83666,-9.94933],[-67.836648,-9.949368],[-67.83664,-9.949406],[-67.836634,-9.949445],[-67.836633,-9.949475],[-67.836625,-9.949486],[-67.836603,-9.949519],[-67.836585,-9.949554],[-67.83657,-9.94959],[-67.836558,-9.949628],[-67.836549,-9.949667],[-67.836543,-9.949714],[-67.836541,-9.949747],[-67.836539,-9.949777],[-67.836537,-9.949811],[-67.836539,-9.94985],[-67.836544,-9.949889],[-67.836547,-9.949905],[-67.836554,-9.949937],[-67.836556,-9.949944],[-67.836563,-9.949973],[-67.836579,-9.950027],[-67.836594,-9.950063],[-67.836612,-9.950098],[-67.83663,-9.950126],[-67.836669,-9.950183],[-67.836678,-9.950197],[-67.836682,-9.950206],[-67.836702,-9.950243],[-67.836725,-9.950279],[-67.836764,-9.950333],[-67.836786,-9.950362],[-67.836794,-9.950371],[-67.836828,-9.95041],[-67.836835,-9.950417],[-67.836836,-9.950419],[-67.836843,-9.950428],[-67.836867,-9.95046],[-67.836894,-9.950489],[-67.836923,-9.950515],[-67.836963,-9.950545],[-67.83698,-9.950556],[-67.83699,-9.950564],[-67.837018,-9.950585],[-67.837048,-9.950604],[-67.837076,-9.950619],[-67.837088,-9.950628],[-67.837121,-9.950649],[-67.837156,-9.950667],[-67.837193,-9.950682],[-67.837208,-9.950687],[-67.837222,-9.950697],[-67.837229,-9.950702],[-67.837256,-9.950718],[-67.837291,-9.950737],[-67.837328,-9.950752],[-67.837358,-9.950761],[-67.837366,-9.950764],[-67.837397,-9.950773],[-67.837416,-9.950782],[-67.837441,-9.950792],[-67.837472,-9.950806],[-67.837502,-9.950819],[-67.837552,-9.950846],[-67.837565,-9.950853],[-67.8376,-9.95087],[-67.837634,-9.950886],[-67.837667,-9.950898],[-67.83768,-9.950904],[-67.83771,-9.950913],[-67.837742,-9.950921],[-67.837783,-9.95093],[-67.837798,-9.950933],[-67.837824,-9.950935],[-67.837837,-9.950938],[-67.837862,-9.950943],[-67.837872,-9.950945],[-67.8379,-9.950949],[-67.837935,-9.950953],[-67.837969,-9.950954],[-67.838008,-9.950959],[-67.838047,-9.950961],[-67.838064,-9.950961],[-67.838111,-9.950959],[-67.838135,-9.950959],[-67.838189,-9.950956],[-67.838243,-9.95095],[-67.838269,-9.950946],[-67.83828,-9.950944],[-67.838322,-9.950935],[-67.838379,-9.950929],[-67.838403,-9.950926],[-67.838442,-9.95092],[-67.838448,-9.950919],[-67.838487,-9.95091],[-67.838525,-9.950898],[-67.838562,-9.950883],[-67.838569,-9.95088],[-67.838596,-9.950871],[-67.838616,-9.950865],[-67.838637,-9.950856],[-67.838647,-9.950852],[-67.838654,-9.95085],[-67.8387,-9.950831],[-67.838713,-9.950824],[-67.838748,-9.950807],[-67.838769,-9.950797],[-67.838796,-9.950783],[-67.838829,-9.950762],[-67.838861,-9.950738],[-67.838863,-9.950736],[-67.838884,-9.950721],[-67.838898,-9.95071],[-67.838909,-9.950701],[-67.838919,-9.950693],[-67.838948,-9.950666],[-67.838975,-9.950637],[-67.838999,-9.950606],[-67.839021,-9.950573],[-67.839039,-9.950538],[-67.839054,-9.950501],[-67.839066,-9.950464],[-67.839075,-9.950426],[-67.839076,-9.950423],[-67.839077,-9.950417],[-67.839084,-9.950398],[-67.839085,-9.950404],[-67.839094,-9.950439],[-67.839094,-9.950466],[-67.839095,-9.950488],[-67.839096,-9.950498],[-67.839093,-9.950509],[-67.839082,-9.950544],[-67.839066,-9.950581],[-67.839059,-9.9506],[-67.839047,-9.950636],[-67.839034,-9.950684],[-67.839033,-9.950687],[-67.83902,-9.950738],[-67.839014,-9.950767],[-67.839011,-9.950775],[-67.839,-9.950798],[-67.838994,-9.950814],[-67.83899,-9.950821],[-67.838987,-9.950825],[-67.838969,-9.95086],[-67.838954,-9.950897],[-67.83895,-9.950906],[-67.838941,-9.950935],[-67.838939,-9.95094],[-67.838937,-9.950945],[-67.838928,-9.950968],[-67.838914,-9.951012],[-67.838903,-9.951056],[-67.838896,-9.951089],[-67.838892,-9.95111],[-67.838887,-9.95115],[-67.838881,-9.951183],[-67.838881,-9.951185],[-67.838876,-9.951224],[-67.838874,-9.951262],[-67.838874,-9.951287],[-67.838876,-9.951327],[-67.838881,-9.951366],[-67.838889,-9.951402],[-67.838899,-9.951437],[-67.838911,-9.951469],[-67.838913,-9.951474],[-67.838925,-9.951502],[-67.838925,-9.951504],[-67.838936,-9.951531],[-67.838947,-9.951557],[-67.838951,-9.951565],[-67.838961,-9.951586],[-67.838963,-9.951593],[-67.838972,-9.951621],[-67.838987,-9.951658],[-67.839006,-9.951693],[-67.839027,-9.951726],[-67.839051,-9.951757],[-67.839079,-9.951786],[-67.839111,-9.951819],[-67.83914,-9.951845],[-67.839172,-9.951869],[-67.839205,-9.95189],[-67.839242,-9.951909],[-67.839279,-9.951926],[-67.839314,-9.95194],[-67.839326,-9.951944],[-67.83934,-9.951955],[-67.839374,-9.951976],[-67.839405,-9.951993],[-67.839443,-9.95201],[-67.83947,-9.952022],[-67.839478,-9.952026],[-67.839492,-9.952031],[-67.839529,-9.952042],[-67.839568,-9.952051],[-67.839609,-9.952056],[-67.839628,-9.952058],[-67.839667,-9.95206],[-67.839713,-9.952057],[-67.839737,-9.952055],[-67.839751,-9.952055],[-67.839785,-9.952054],[-67.839807,-9.952052],[-67.839852,-9.952046],[-67.839889,-9.952039],[-67.839962,-9.952019],[-67.840002,-9.952007],[-67.840039,-9.951992],[-67.840075,-9.951974],[-67.840106,-9.951954],[-67.840136,-9.951931],[-67.840146,-9.951923],[-67.840149,-9.95192],[-67.840179,-9.951894],[-67.840206,-9.951865],[-67.840224,-9.951841],[-67.840242,-9.951824],[-67.840254,-9.951813],[-67.840283,-9.951787],[-67.840309,-9.951759],[-67.840323,-9.951742],[-67.840347,-9.95171],[-67.840379,-9.951662],[-67.840397,-9.951627],[-67.840412,-9.951591],[-67.840424,-9.951553],[-67.840432,-9.951519],[-67.840433,-9.951515],[-67.840435,-9.951502],[-67.840436,-9.951498],[-67.840437,-9.951491],[-67.840439,-9.951487],[-67.84044,-9.951481],[-67.840446,-9.951454],[-67.840448,-9.951438],[-67.840481,-9.951454],[-67.84051,-9.951469],[-67.84054,-9.951481],[-67.840578,-9.951493],[-67.840617,-9.951501],[-67.840624,-9.951502],[-67.840674,-9.95151],[-67.840691,-9.951512],[-67.840722,-9.951521],[-67.840775,-9.951533],[-67.840794,-9.951536],[-67.840821,-9.95154],[-67.84087,-9.951546],[-67.840922,-9.951549],[-67.840937,-9.951548],[-67.840979,-9.951547],[-67.841012,-9.951545],[-67.841044,-9.95154],[-67.841073,-9.951534],[-67.841101,-9.951526],[-67.84112,-9.951521],[-67.841127,-9.951519],[-67.841157,-9.951511],[-67.841187,-9.951503],[-67.84122,-9.951495],[-67.841241,-9.95149],[-67.841293,-9.951475],[-67.841322,-9.951465],[-67.841358,-9.95145],[-67.841394,-9.951432],[-67.841427,-9.951411],[-67.841459,-9.951387],[-67.841478,-9.95137],[-67.841486,-9.951363],[-67.841529,-9.951339],[-67.841535,-9.951336],[-67.841568,-9.951315],[-67.841626,-9.951275],[-67.841658,-9.95125],[-67.841688,-9.951224],[-67.841714,-9.951195],[-67.841719,-9.951188],[-67.841723,-9.951185],[-67.841757,-9.951155],[-67.841797,-9.951115],[-67.841829,-9.951078],[-67.841835,-9.951071],[-67.84186,-9.95104],[-67.841881,-9.951006],[-67.841884,-9.951],[-67.841893,-9.95099],[-67.841915,-9.950961],[-67.841934,-9.950931],[-67.841952,-9.950896],[-67.841967,-9.95086],[-67.841979,-9.950822],[-67.841988,-9.950784],[-67.841993,-9.950745],[-67.841994,-9.950727],[-67.841995,-9.950707],[-67.841995,-9.950703],[-67.841996,-9.950695],[-67.842,-9.950674],[-67.842002,-9.950665],[-67.842006,-9.950633],[-67.842009,-9.9506],[-67.84201,-9.95054],[-67.842011,-9.950526],[-67.84201,-9.950506],[-67.842007,-9.950439],[-67.842006,-9.950377],[-67.842004,-9.950348],[-67.842003,-9.950341],[-67.842006,-9.950323],[-67.842008,-9.950295],[-67.842009,-9.950266],[-67.842008,-9.950238],[-67.842004,-9.950165],[-67.842001,-9.95014],[-67.841994,-9.950074],[-67.84199,-9.950018],[-67.841984,-9.94997],[-67.841983,-9.949964],[-67.841976,-9.949928],[-67.84197,-9.94988],[-67.841967,-9.949858],[-67.841991,-9.949872],[-67.842024,-9.949889],[-67.842058,-9.949903],[-67.842088,-9.949914],[-67.842092,-9.949916],[-67.842132,-9.949928],[-67.842167,-9.949938],[-67.842205,-9.949946],[-67.842235,-9.94995],[-67.842265,-9.949952],[-67.842314,-9.949954],[-67.842331,-9.949955],[-67.842346,-9.949955],[-67.842354,-9.949955],[-67.842367,-9.949955],[-67.842408,-9.949953],[-67.842447,-9.949948],[-67.842482,-9.94994],[-67.842517,-9.94993],[-67.842554,-9.949917],[-67.842561,-9.949915],[-67.842579,-9.949908],[-67.842601,-9.949899],[-67.842615,-9.949893],[-67.842635,-9.949884],[-67.842664,-9.94987],[-67.842708,-9.949846],[-67.842721,-9.949839],[-67.842755,-9.949818],[-67.842786,-9.949794],[-67.842793,-9.949788],[-67.84281,-9.949777],[-67.84286,-9.949744],[-67.842881,-9.94973],[-67.842889,-9.949725],[-67.84291,-9.949708],[-67.842939,-9.949681],[-67.842966,-9.949652],[-67.84299,-9.949621],[-67.843012,-9.949587],[-67.843019,-9.949574],[-67.843032,-9.94955],[-67.843061,-9.949536],[-67.843094,-9.949519],[-67.843128,-9.949498],[-67.84316,-9.949474],[-67.843189,-9.949447],[-67.843216,-9.949418],[-67.84324,-9.949387],[-67.843261,-9.949354],[-67.843266,-9.949345],[-67.84327,-9.94934],[-67.843303,-9.949338],[-67.843334,-9.949333],[-67.843373,-9.949325],[-67.843411,-9.949313],[-67.843447,-9.949298],[-67.843477,-9.949282],[-67.843499,-9.949273],[-67.843512,-9.949266],[-67.843548,-9.949259],[-67.843578,-9.949252],[-67.843607,-9.949242],[-67.843651,-9.949227],[-67.843688,-9.949211],[-67.843724,-9.949193],[-67.843753,-9.949175],[-67.843781,-9.949154],[-67.843812,-9.949129],[-67.84382,-9.949123],[-67.843849,-9.949096],[-67.843876,-9.949067],[-67.843899,-9.949037],[-67.84392,-9.949005],[-67.843942,-9.948969],[-67.843943,-9.948966],[-67.843962,-9.948931],[-67.843977,-9.948895],[-67.843989,-9.948857],[-67.843997,-9.948819],[-67.844002,-9.94878],[-67.844004,-9.948742],[-67.844004,-9.948738],[-67.844004,-9.948712],[-67.844001,-9.948656],[-67.843997,-9.948626],[-67.843994,-9.948603],[-67.843985,-9.948564],[-67.84398,-9.94855],[-67.843993,-9.94853],[-67.844011,-9.948495],[-67.844026,-9.948459],[-67.844038,-9.948421],[-67.844047,-9.948381],[-67.844057,-9.948352],[-67.844065,-9.948323],[-67.844075,-9.948279],[-67.844078,-9.94826],[-67.844084,-9.948221],[-67.844085,-9.948182],[-67.844084,-9.948142],[-67.844078,-9.948103],[-67.844071,-9.948071],[-67.844062,-9.948039],[-67.844048,-9.947999],[-67.844044,-9.947987],[-67.844039,-9.947972],[-67.844022,-9.947931],[-67.84402,-9.947921],[-67.844011,-9.947883],[-67.843999,-9.947846],[-67.843995,-9.947835],[-67.843981,-9.947799],[-67.843973,-9.947776],[-67.843971,-9.94777],[-67.843961,-9.947748],[-67.843964,-9.947747],[-67.84399,-9.947734],[-67.844001,-9.947729],[-67.844019,-9.947725],[-67.844095,-9.947705],[-67.84412,-9.947704],[-67.844126,-9.947703],[-67.844166,-9.9477],[-67.844275,-9.947705],[-67.844354,-9.94771],[-67.844386,-9.947711],[-67.844426,-9.94771],[-67.844441,-9.947708],[-67.844463,-9.947709],[-67.844495,-9.947708],[-67.844526,-9.947704],[-67.844536,-9.947703],[-67.844545,-9.94771],[-67.844579,-9.947731],[-67.844609,-9.947747],[-67.844614,-9.947749],[-67.844626,-9.947759],[-67.844633,-9.947765],[-67.844639,-9.947772],[-67.844654,-9.947791],[-67.844663,-9.947801],[-67.844713,-9.947857],[-67.844774,-9.947927],[-67.844798,-9.947953],[-67.844802,-9.947957],[-67.844831,-9.947983],[-67.844863,-9.948007],[-67.844897,-9.948029],[-67.844928,-9.948047],[-67.844963,-9.948064],[-67.844998,-9.948079],[-67.845043,-9.948092],[-67.845052,-9.948095],[-67.845112,-9.948109],[-67.845144,-9.948116],[-67.845182,-9.948121],[-67.845222,-9.948123],[-67.845267,-9.948123],[-67.845307,-9.948121],[-67.845347,-9.948116],[-67.845386,-9.948108],[-67.845424,-9.948096],[-67.84546,-9.948081],[-67.845496,-9.948063],[-67.845525,-9.948044],[-67.845554,-9.948023],[-67.84558,-9.948002],[-67.845587,-9.947996],[-67.845602,-9.947983],[-67.845636,-9.947953],[-67.845657,-9.947932],[-67.845676,-9.94791],[-67.845679,-9.947907],[-67.84571,-9.94787],[-67.845733,-9.94784],[-67.845753,-9.947809],[-67.845771,-9.947774],[-67.845786,-9.947737],[-67.845793,-9.947719],[-67.845803,-9.947686],[-67.845807,-9.947674],[-67.845814,-9.947664],[-67.845852,-9.947604],[-67.845859,-9.947591],[-67.845878,-9.947556],[-67.845893,-9.947519],[-67.845905,-9.947482],[-67.845914,-9.947443],[-67.845917,-9.947416],[-67.845919,-9.947411],[-67.845924,-9.947399],[-67.845926,-9.947393],[-67.845928,-9.947391],[-67.845931,-9.947387],[-67.845955,-9.947358],[-67.845983,-9.94732],[-67.846009,-9.947281],[-67.846023,-9.947259],[-67.846026,-9.947253],[-67.846028,-9.947251],[-67.846052,-9.947219],[-67.846074,-9.947186],[-67.846092,-9.947151],[-67.846107,-9.947115],[-67.846118,-9.947083],[-67.846117,-9.94708],[-67.846119,-9.947077],[-67.846128,-9.947061],[-67.846138,-9.947044],[-67.84614,-9.94704],[-67.846159,-9.947005],[-67.846174,-9.946969],[-67.846186,-9.946931],[-67.846187,-9.946924],[-67.846194,-9.946893],[-67.846195,-9.94689],[-67.846199,-9.946881],[-67.846208,-9.946839],[-67.846213,-9.9468],[-67.846215,-9.946762],[-67.846215,-9.946728],[-67.846213,-9.946688],[-67.846208,-9.946649],[-67.8462,-9.946611],[-67.846188,-9.946573],[-67.84618,-9.946555],[-67.846178,-9.94655],[-67.84617,-9.946523],[-67.846155,-9.946487],[-67.846137,-9.946452],[-67.846128,-9.946438],[-67.846109,-9.946407],[-67.846091,-9.946381],[-67.846072,-9.946357],[-67.846043,-9.946327],[-67.846022,-9.946304],[-67.846016,-9.946297],[-67.845986,-9.94627],[-67.845955,-9.946246],[-67.845921,-9.946225],[-67.845897,-9.946212],[-67.845875,-9.946201],[-67.84584,-9.946181],[-67.84583,-9.946175],[-67.845787,-9.946152],[-67.845756,-9.946137],[-67.845725,-9.946125],[-67.845729,-9.946122],[-67.845756,-9.946103],[-67.845762,-9.946098],[-67.8458,-9.94609],[-67.845837,-9.946079],[-67.845895,-9.946058],[-67.845898,-9.946057],[-67.845903,-9.946055],[-67.845928,-9.946046],[-67.845934,-9.946045],[-67.845947,-9.946043],[-67.845986,-9.946034],[-67.846024,-9.946022],[-67.846056,-9.94601],[-67.846086,-9.945995],[-67.846129,-9.945971],[-67.846181,-9.945955],[-67.846194,-9.94595],[-67.846229,-9.945936],[-67.846262,-9.945919],[-67.84632,-9.945886],[-67.846324,-9.945884],[-67.846357,-9.945863],[-67.846389,-9.945839],[-67.846403,-9.945826],[-67.846451,-9.945795],[-67.846493,-9.945764],[-67.846523,-9.945737],[-67.84655,-9.945708],[-67.846567,-9.945685],[-67.84657,-9.945684],[-67.846578,-9.94568],[-67.846639,-9.94565],[-67.846699,-9.945621],[-67.846725,-9.945607],[-67.846759,-9.945586],[-67.846763,-9.945583],[-67.846766,-9.945581],[-67.846799,-9.945564],[-67.846833,-9.945543],[-67.846856,-9.945525],[-67.846865,-9.945519],[-67.846888,-9.945504],[-67.846896,-9.945499],[-67.846959,-9.945456],[-67.846964,-9.945452],[-67.846993,-9.945432],[-67.847022,-9.94541],[-67.847051,-9.945383],[-67.847078,-9.945354],[-67.847102,-9.945323],[-67.847107,-9.945315],[-67.847114,-9.945311],[-67.847142,-9.945289],[-67.847172,-9.945262],[-67.847199,-9.945233],[-67.847224,-9.945201],[-67.847225,-9.945199],[-67.847235,-9.94519],[-67.847245,-9.94518],[-67.84725,-9.945175],[-67.847279,-9.945144],[-67.847297,-9.945122],[-67.84734,-9.945064],[-67.847367,-9.945022],[-67.847386,-9.944987],[-67.847401,-9.94495],[-67.847404,-9.944941],[-67.847407,-9.944933],[-67.847417,-9.9449],[-67.847424,-9.944866],[-67.847426,-9.944853],[-67.847437,-9.94478],[-67.847441,-9.944747],[-67.847442,-9.944714],[-67.847442,-9.944693],[-67.847439,-9.94464],[-67.847437,-9.944612],[-67.847435,-9.944603],[-67.847446,-9.944624],[-67.847468,-9.944657],[-67.847492,-9.944688],[-67.847502,-9.944699],[-67.847511,-9.944717],[-67.847532,-9.94475],[-67.847557,-9.944781],[-67.847584,-9.94481],[-67.847613,-9.944837],[-67.847644,-9.944861],[-67.847678,-9.944882],[-67.847727,-9.944906],[-67.847745,-9.944914],[-67.847768,-9.944923],[-67.847806,-9.944935],[-67.847817,-9.944937],[-67.84782,-9.944938],[-67.847858,-9.94495],[-67.847875,-9.944954],[-67.847889,-9.944961],[-67.847937,-9.944982],[-67.847975,-9.944993],[-67.848014,-9.945002],[-67.848047,-9.945006],[-67.848069,-9.945011],[-67.848077,-9.945012],[-67.848101,-9.945016],[-67.848136,-9.94502],[-67.848156,-9.94503],[-67.848165,-9.945043],[-67.848192,-9.945072],[-67.848222,-9.945098],[-67.848253,-9.945122],[-67.848284,-9.945142],[-67.848287,-9.945144],[-67.848294,-9.94515],[-67.848326,-9.945175],[-67.848365,-9.945202],[-67.848385,-9.945214],[-67.848398,-9.945231],[-67.848425,-9.94526],[-67.848443,-9.945277],[-67.84845,-9.945284],[-67.848454,-9.945287],[-67.848477,-9.945314],[-67.848506,-9.94534],[-67.848538,-9.945364],[-67.848571,-9.945386],[-67.848582,-9.945392],[-67.848612,-9.945408],[-67.848641,-9.945427],[-67.848662,-9.945439],[-67.848673,-9.945445],[-67.848695,-9.945457],[-67.848706,-9.945464],[-67.848735,-9.945481],[-67.848742,-9.945485],[-67.848777,-9.945503],[-67.848794,-9.94551],[-67.848813,-9.945519],[-67.848823,-9.945524],[-67.848852,-9.945536],[-67.84889,-9.945548],[-67.848929,-9.945556],[-67.848944,-9.945558],[-67.84897,-9.945564],[-67.849009,-9.945569],[-67.849018,-9.945569],[-67.849048,-9.945571],[-67.84906,-9.945572],[-67.849086,-9.945574],[-67.849109,-9.945577],[-67.849121,-9.94558],[-67.849125,-9.94558],[-67.849136,-9.945582],[-67.849173,-9.945587],[-67.849211,-9.945588],[-67.849224,-9.945588],[-67.849238,-9.945588],[-67.849265,-9.945589],[-67.849271,-9.945589],[-67.849288,-9.945589],[-67.849294,-9.945589],[-67.849317,-9.945589],[-67.849339,-9.945589],[-67.849373,-9.945587],[-67.849407,-9.945584],[-67.849411,-9.945583],[-67.849428,-9.945585],[-67.849468,-9.945587],[-67.849507,-9.945585],[-67.849547,-9.94558],[-67.849586,-9.945572],[-67.84962,-9.945561],[-67.849652,-9.945566],[-67.849709,-9.945572],[-67.849756,-9.945574],[-67.849796,-9.945573],[-67.849836,-9.945568],[-67.849862,-9.945562],[-67.849912,-9.94555],[-67.849962,-9.945535],[-67.849999,-9.94552],[-67.850034,-9.945502],[-67.850052,-9.945492],[-67.850098,-9.945469],[-67.850131,-9.945448],[-67.850163,-9.945424],[-67.850192,-9.945397],[-67.850219,-9.945368],[-67.850221,-9.945365],[-67.850232,-9.945353],[-67.850251,-9.945333],[-67.850275,-9.945302],[-67.850296,-9.945268],[-67.850308,-9.945247],[-67.85031,-9.945243],[-67.850332,-9.945193],[-67.850343,-9.945159],[-67.850349,-9.945138],[-67.850359,-9.945095],[-67.850363,-9.945063],[-67.850365,-9.945044],[-67.850368,-9.944999],[-67.850368,-9.944989],[-67.850368,-9.944955],[-67.850366,-9.944915],[-67.850361,-9.944876],[-67.850352,-9.944837],[-67.85034,-9.9448],[-67.850329,-9.944773],[-67.850317,-9.944747],[-67.850287,-9.94469],[-67.850277,-9.944672],[-67.85025,-9.944631],[-67.850246,-9.944626],[-67.850235,-9.944611],[-67.850215,-9.944586],[-67.850176,-9.944545],[-67.850148,-9.944519],[-67.850132,-9.944504],[-67.8501,-9.94448],[-67.850066,-9.944459],[-67.850042,-9.944446],[-67.85003,-9.944441],[-67.850066,-9.944426],[-67.850101,-9.944408],[-67.850135,-9.944387],[-67.850179,-9.944356],[-67.85021,-9.944332],[-67.85024,-9.944306],[-67.850266,-9.944277],[-67.850291,-9.944245],[-67.850312,-9.944212],[-67.85033,-9.944177],[-67.850346,-9.944141],[-67.850358,-9.944103],[-67.850366,-9.944065],[-67.850369,-9.944047],[-67.850373,-9.944021],[-67.850376,-9.943991],[-67.850377,-9.94396],[-67.850377,-9.943951],[-67.850375,-9.943911],[-67.85037,-9.943872],[-67.850361,-9.943833],[-67.850354,-9.943811],[-67.85035,-9.943796],[-67.850345,-9.943773],[-67.850333,-9.943735],[-67.850324,-9.943712],[-67.850315,-9.943687],[-67.8503,-9.94365],[-67.850282,-9.943615],[-67.850265,-9.943589],[-67.850243,-9.943553],[-67.850224,-9.943523],[-67.850202,-9.943495],[-67.850188,-9.943481],[-67.850194,-9.943483],[-67.850238,-9.943493],[-67.85027,-9.9435],[-67.850309,-9.943505],[-67.850349,-9.943507],[-67.850395,-9.943505],[-67.850447,-9.943499],[-67.85048,-9.943495],[-67.850521,-9.943486],[-67.85057,-9.943472],[-67.850601,-9.943463],[-67.850619,-9.94346],[-67.850648,-9.943454],[-67.850691,-9.943444],[-67.850706,-9.943442],[-67.850718,-9.943439],[-67.850784,-9.943426],[-67.850816,-9.943419],[-67.850834,-9.943412],[-67.850845,-9.943409],[-67.850868,-9.943402],[-67.850879,-9.943398],[-67.850904,-9.943392],[-67.850927,-9.943384],[-67.850964,-9.943369],[-67.850999,-9.943351],[-67.851022,-9.943337],[-67.851039,-9.943326],[-67.851071,-9.943303],[-67.851112,-9.943271],[-67.851122,-9.943263],[-67.851151,-9.943236],[-67.851178,-9.943207],[-67.851199,-9.94318],[-67.851218,-9.943151],[-67.851227,-9.943138],[-67.851232,-9.943129],[-67.85125,-9.943094],[-67.851265,-9.943058],[-67.851277,-9.94302],[-67.851286,-9.942982],[-67.851286,-9.942979],[-67.851289,-9.942963],[-67.851293,-9.942932],[-67.851303,-9.9429],[-67.851316,-9.942845],[-67.851318,-9.942832],[-67.851324,-9.942794],[-67.851328,-9.942762],[-67.851329,-9.94273],[-67.851329,-9.942727],[-67.851327,-9.942687],[-67.851322,-9.942648],[-67.851316,-9.942622],[-67.851303,-9.942565],[-67.851288,-9.942515],[-67.851273,-9.942479],[-67.851254,-9.942444],[-67.851233,-9.94241],[-67.851209,-9.942379],[-67.851182,-9.94235],[-67.851152,-9.942323],[-67.851121,-9.942299],[-67.851087,-9.942278],[-67.851063,-9.942265],[-67.851036,-9.942252],[-67.850988,-9.942231],[-67.85095,-9.94222],[-67.850911,-9.942211],[-67.850893,-9.942208],[-67.85085,-9.942202],[-67.850843,-9.9422],[-67.85088,-9.942181],[-67.850913,-9.94216],[-67.850916,-9.942158],[-67.850923,-9.942154],[-67.850932,-9.942149],[-67.850951,-9.942149],[-67.850991,-9.942148],[-67.851031,-9.942143],[-67.85107,-9.942134],[-67.851107,-9.942122],[-67.851144,-9.942107],[-67.851179,-9.942089],[-67.851213,-9.942068],[-67.851245,-9.942044],[-67.851274,-9.942017],[-67.851301,-9.941988],[-67.851305,-9.941982],[-67.851318,-9.941967],[-67.85133,-9.941951],[-67.851349,-9.941945],[-67.851376,-9.941941],[-67.851382,-9.94194],[-67.851421,-9.941931],[-67.851428,-9.941929],[-67.851446,-9.941942],[-67.851471,-9.941958],[-67.851489,-9.941976],[-67.851499,-9.941986],[-67.851506,-9.941997],[-67.851531,-9.942028],[-67.851558,-9.942057],[-67.851564,-9.942063],[-67.851566,-9.942065],[-67.85159,-9.942097],[-67.851614,-9.942123],[-67.851641,-9.942148],[-67.851679,-9.942181],[-67.851681,-9.942185],[-67.851688,-9.942205],[-67.851703,-9.942242],[-67.851721,-9.942277],[-67.851743,-9.94231],[-67.851767,-9.942341],[-67.851794,-9.94237],[-67.851823,-9.942397],[-67.851852,-9.942419],[-67.851875,-9.942434],[-67.851884,-9.942443],[-67.851913,-9.94247],[-67.851944,-9.942494],[-67.851978,-9.942515],[-67.851991,-9.942522],[-67.852041,-9.942549],[-67.85207,-9.942563],[-67.8521,-9.942575],[-67.852149,-9.94259],[-67.852201,-9.942602],[-67.852214,-9.942605],[-67.852248,-9.942612],[-67.852264,-9.942615],[-67.852284,-9.942618],[-67.852339,-9.942626],[-67.852382,-9.942629],[-67.852434,-9.942631],[-67.85245,-9.942631],[-67.852486,-9.942631],[-67.852526,-9.94263],[-67.852566,-9.942624],[-67.852605,-9.942616],[-67.852628,-9.942609],[-67.852641,-9.942609],[-67.852681,-9.942608],[-67.85272,-9.942602],[-67.85277,-9.942591],[-67.852812,-9.942578],[-67.852839,-9.94257],[-67.852847,-9.942567],[-67.852884,-9.942553],[-67.852917,-9.942539],[-67.852949,-9.942522],[-67.852983,-9.942501],[-67.85301,-9.942484],[-67.853016,-9.942481],[-67.853042,-9.942465],[-67.853087,-9.942443],[-67.853104,-9.942434],[-67.853142,-9.942414],[-67.853151,-9.942409],[-67.853184,-9.942388],[-67.853216,-9.942364],[-67.853229,-9.942351],[-67.853245,-9.942337],[-67.853257,-9.942327],[-67.853285,-9.942302],[-67.853306,-9.942281],[-67.853326,-9.942259],[-67.853351,-9.942227],[-67.853372,-9.942194],[-67.853384,-9.942172],[-67.85339,-9.94216],[-67.853409,-9.942119],[-67.853426,-9.942075],[-67.853429,-9.942067],[-67.853441,-9.942029],[-67.853449,-9.941991],[-67.853455,-9.941952],[-67.853455,-9.941931],[-67.853456,-9.941913],[-67.853457,-9.941903],[-67.853457,-9.941899],[-67.853459,-9.94187],[-67.853459,-9.94186],[-67.853459,-9.941847],[-67.853458,-9.941839],[-67.853473,-9.941826],[-67.8535,-9.941797],[-67.853529,-9.941757],[-67.853541,-9.941744],[-67.853557,-9.941726],[-67.853578,-9.941699],[-67.853598,-9.94167],[-67.853606,-9.941657],[-67.853622,-9.941652],[-67.85363,-9.941649],[-67.853699,-9.941622],[-67.853731,-9.941608],[-67.853763,-9.941592],[-67.853771,-9.941587],[-67.85379,-9.941579],[-67.853794,-9.941577],[-67.853827,-9.94157],[-67.853864,-9.941558],[-67.853893,-9.941547],[-67.85392,-9.941534],[-67.853971,-9.941507],[-67.853987,-9.941498],[-67.854021,-9.941477],[-67.854039,-9.941463],[-67.854071,-9.941462],[-67.854126,-9.941455],[-67.854155,-9.941449],[-67.854183,-9.941442],[-67.854249,-9.941421],[-67.854269,-9.941414],[-67.854282,-9.941409],[-67.854294,-9.941412],[-67.854339,-9.941417],[-67.854351,-9.941418],[-67.854358,-9.941434],[-67.854387,-9.941491],[-67.8544,-9.941515],[-67.854421,-9.941548],[-67.85445,-9.941589],[-67.854475,-9.94162],[-67.854495,-9.941642],[-67.854516,-9.941663],[-67.854549,-9.941694],[-67.854572,-9.941719],[-67.854594,-9.941741],[-67.854618,-9.941762],[-67.854649,-9.941786],[-67.854683,-9.941807],[-67.854718,-9.941826],[-67.854755,-9.941841],[-67.85476,-9.941842],[-67.854843,-9.941871],[-67.854878,-9.941882],[-67.854914,-9.94189],[-67.854954,-9.941895],[-67.854994,-9.941897],[-67.855033,-9.941895],[-67.855073,-9.94189],[-67.855112,-9.941881],[-67.85515,-9.941869],[-67.855186,-9.941854],[-67.855221,-9.941836],[-67.855271,-9.941808],[-67.855305,-9.941786],[-67.855337,-9.941762],[-67.855366,-9.941736],[-67.855393,-9.941707],[-67.855415,-9.941679],[-67.855465,-9.941609],[-67.855488,-9.941573],[-67.855507,-9.941538],[-67.855522,-9.941501],[-67.855534,-9.941464],[-67.855543,-9.941425],[-67.855548,-9.941386],[-67.855549,-9.941347],[-67.855548,-9.941307],[-67.855543,-9.941268],[-67.855534,-9.94123],[-67.855532,-9.941223],[-67.855539,-9.941219],[-67.85561,-9.941178],[-67.855643,-9.941157],[-67.855674,-9.941134],[-67.855703,-9.941108],[-67.855732,-9.941079],[-67.855752,-9.941058],[-67.855791,-9.941015],[-67.855796,-9.941009],[-67.855827,-9.940973],[-67.855829,-9.94097],[-67.855854,-9.940939],[-67.855875,-9.940905],[-67.855893,-9.94087],[-67.855909,-9.940834],[-67.855914,-9.940817],[-67.855925,-9.940782],[-67.855929,-9.940772],[-67.855932,-9.940764],[-67.855939,-9.940747],[-67.855942,-9.940738],[-67.855954,-9.9407],[-67.855963,-9.940662],[-67.855968,-9.940623],[-67.85597,-9.940584],[-67.85597,-9.940578],[-67.855969,-9.940544],[-67.855966,-9.940508],[-67.85596,-9.940463],[-67.855952,-9.940425],[-67.85594,-9.940387],[-67.855927,-9.940356],[-67.855911,-9.940325],[-67.855895,-9.940295],[-67.855891,-9.94029],[-67.855926,-9.940282],[-67.85596,-9.940272],[-67.856027,-9.940249],[-67.856034,-9.940247],[-67.856045,-9.940242],[-67.85605,-9.94024],[-67.856064,-9.940247],[-67.856092,-9.940259],[-67.856127,-9.940269],[-67.856168,-9.940281],[-67.856183,-9.940291],[-67.856204,-9.940303],[-67.856239,-9.940321],[-67.856276,-9.940336],[-67.856282,-9.940339],[-67.856299,-9.940354],[-67.856331,-9.940378],[-67.856364,-9.940399],[-67.8564,-9.940418],[-67.856436,-9.940433],[-67.856481,-9.940446],[-67.856533,-9.940459],[-67.856547,-9.940467],[-67.856576,-9.94048],[-67.856605,-9.940492],[-67.856611,-9.940494],[-67.856664,-9.940512],[-67.856698,-9.940533],[-67.856704,-9.940536],[-67.85674,-9.940555],[-67.856777,-9.94057],[-67.856794,-9.940576],[-67.856876,-9.940602],[-67.856906,-9.94061],[-67.856936,-9.940616],[-67.856974,-9.940621],[-67.857014,-9.940623],[-67.857059,-9.940623],[-67.857099,-9.940621],[-67.857139,-9.940616],[-67.857192,-9.940604],[-67.857229,-9.940593],[-67.857247,-9.940588],[-67.857294,-9.940574],[-67.857331,-9.940559],[-67.857366,-9.940541],[-67.8574,-9.940519],[-67.857431,-9.940495],[-67.857459,-9.940471],[-67.857478,-9.940452],[-67.857506,-9.940421],[-67.857531,-9.94039],[-67.857552,-9.940357],[-67.857577,-9.940307],[-67.857596,-9.940262],[-67.857604,-9.940241],[-67.857616,-9.940204],[-67.857625,-9.940165],[-67.857628,-9.940143],[-67.857644,-9.940147],[-67.857661,-9.940156],[-67.857698,-9.940171],[-67.857737,-9.940182],[-67.857758,-9.940193],[-67.857794,-9.940208],[-67.857806,-9.940212],[-67.857811,-9.940214],[-67.857819,-9.940216],[-67.857848,-9.940225],[-67.857876,-9.940233],[-67.857905,-9.940239],[-67.857943,-9.940244],[-67.857983,-9.940246],[-67.857988,-9.940246],[-67.857997,-9.940246],[-67.858008,-9.940246],[-67.858026,-9.940246],[-67.858066,-9.940244],[-67.858106,-9.940239],[-67.858121,-9.940236],[-67.858151,-9.940232],[-67.858175,-9.940229],[-67.858214,-9.94022],[-67.858252,-9.940208],[-67.858288,-9.940193],[-67.858324,-9.940175],[-67.858328,-9.940172],[-67.858355,-9.940157],[-67.858386,-9.940136],[-67.858416,-9.940114],[-67.858445,-9.940087],[-67.858472,-9.940058],[-67.858496,-9.940027],[-67.858517,-9.939994],[-67.858534,-9.939962],[-67.858548,-9.939932],[-67.858565,-9.939893],[-67.858577,-9.939855],[-67.858586,-9.939816],[-67.858591,-9.939778],[-67.858593,-9.939739],[-67.858593,-9.939733],[-67.85859,-9.939686],[-67.858587,-9.939653],[-67.858582,-9.939621],[-67.85858,-9.939607],[-67.858573,-9.939574],[-67.858565,-9.939542],[-67.858555,-9.939512],[-67.85854,-9.939475],[-67.858521,-9.93944],[-67.8585,-9.939407],[-67.858496,-9.939403],[-67.858492,-9.939395],[-67.858474,-9.939369],[-67.858465,-9.939357],[-67.858458,-9.939347],[-67.858453,-9.939341],[-67.858447,-9.939331],[-67.85844,-9.939321],[-67.858439,-9.939294],[-67.858434,-9.939255],[-67.858425,-9.939216],[-67.858413,-9.939179],[-67.858408,-9.939165],[-67.858426,-9.939163],[-67.858427,-9.939163],[-67.858449,-9.939177],[-67.858452,-9.939179],[-67.858457,-9.939184],[-67.858477,-9.939199],[-67.858485,-9.939206],[-67.858497,-9.939216],[-67.858501,-9.939219],[-67.858532,-9.939243],[-67.858565,-9.939264],[-67.858592,-9.939279],[-67.858595,-9.939281],[-67.858615,-9.939292],[-67.858618,-9.939294],[-67.858621,-9.939296],[-67.85864,-9.939308],[-67.858657,-9.939318],[-67.858692,-9.939336],[-67.858714,-9.939345],[-67.858716,-9.939347],[-67.858728,-9.939354],[-67.85873,-9.939356],[-67.858759,-9.939383],[-67.858791,-9.939407],[-67.858824,-9.939428],[-67.85886,-9.939446],[-67.858904,-9.939466],[-67.85894,-9.939481],[-67.858947,-9.939484],[-67.858977,-9.939494],[-67.859,-9.939501],[-67.859009,-9.939518],[-67.859015,-9.939528],[-67.859036,-9.939561],[-67.85906,-9.939592],[-67.859087,-9.939621],[-67.859116,-9.939648],[-67.859159,-9.939679],[-67.859203,-9.939708],[-67.859225,-9.939722],[-67.85925,-9.939735],[-67.859264,-9.939742],[-67.859267,-9.939748],[-67.859288,-9.939781],[-67.859313,-9.939812],[-67.859333,-9.939834],[-67.859366,-9.939869],[-67.859403,-9.939903],[-67.85943,-9.939924],[-67.859459,-9.939943],[-67.859494,-9.939964],[-67.859503,-9.939969],[-67.859538,-9.939987],[-67.859575,-9.940002],[-67.859613,-9.940014],[-67.859652,-9.940023],[-67.859698,-9.940029],[-67.859741,-9.940032],[-67.859774,-9.940033],[-67.859811,-9.940031],[-67.859847,-9.940027],[-67.859884,-9.940021],[-67.85989,-9.94002],[-67.859929,-9.940012],[-67.859967,-9.94],[-67.860006,-9.939984],[-67.860041,-9.939967],[-67.860074,-9.93995],[-67.860108,-9.939929],[-67.860139,-9.939905],[-67.860157,-9.939889],[-67.860185,-9.939863],[-67.860221,-9.939826],[-67.860255,-9.939828],[-67.860272,-9.939828],[-67.860302,-9.939827],[-67.860316,-9.939827],[-67.860348,-9.939826],[-67.860391,-9.939823],[-67.860439,-9.939817],[-67.860478,-9.939808],[-67.860516,-9.939797],[-67.86055,-9.939783],[-67.860574,-9.939771],[-67.860591,-9.939765],[-67.860637,-9.939746],[-67.860677,-9.939726],[-67.860703,-9.939712],[-67.860736,-9.939692],[-67.860766,-9.939671],[-67.860794,-9.939654],[-67.860823,-9.939635],[-67.86085,-9.939614],[-67.860872,-9.939594],[-67.860899,-9.939577],[-67.86093,-9.939553],[-67.860946,-9.939539],[-67.86097,-9.939517],[-67.860986,-9.939506],[-67.861012,-9.939486],[-67.861041,-9.939459],[-67.861061,-9.939437],[-67.861068,-9.93943],[-67.861089,-9.939413],[-67.861105,-9.939404],[-67.86111,-9.939402],[-67.861138,-9.939384],[-67.861155,-9.939372],[-67.861169,-9.93937],[-67.861208,-9.939361],[-67.861246,-9.939349],[-67.861254,-9.939346],[-67.861261,-9.939344],[-67.861297,-9.939335],[-67.861339,-9.939322],[-67.861388,-9.939304],[-67.861395,-9.939302],[-67.861414,-9.939295],[-67.861418,-9.939293],[-67.861432,-9.939288],[-67.861464,-9.939275],[-67.861495,-9.93926],[-67.861547,-9.939231],[-67.861556,-9.939227],[-67.861595,-9.939202],[-67.861664,-9.939152],[-67.861691,-9.939131],[-67.861698,-9.939126],[-67.861722,-9.939104],[-67.861726,-9.939102],[-67.861769,-9.939063],[-67.861793,-9.93904],[-67.861816,-9.939016],[-67.86184,-9.938985],[-67.861861,-9.938951],[-67.861879,-9.938916],[-67.861895,-9.93888],[-67.861905,-9.938847],[-67.861917,-9.938806],[-67.861927,-9.938762],[-67.861932,-9.938723],[-67.861971,-9.938723],[-67.86202,-9.938721],[-67.862083,-9.938714],[-67.862226,-9.9387],[-67.862255,-9.938696],[-67.862342,-9.938682],[-67.862348,-9.938681],[-67.862384,-9.938674],[-67.862419,-9.938663],[-67.862435,-9.938657],[-67.862471,-9.938653],[-67.862487,-9.938651],[-67.862581,-9.938635],[-67.86258,-9.938648],[-67.862577,-9.938731],[-67.86257,-9.938811],[-67.862569,-9.938849],[-67.862571,-9.938888],[-67.862576,-9.938927],[-67.862582,-9.938958],[-67.862604,-9.939044],[-67.862618,-9.939089],[-67.862633,-9.939125],[-67.862651,-9.93916],[-67.862673,-9.939194],[-67.862697,-9.939225],[-67.862724,-9.939254],[-67.862753,-9.939281],[-67.862785,-9.939305],[-67.862818,-9.939326],[-67.862854,-9.939344],[-67.86289,-9.939359],[-67.862928,-9.939371],[-67.862967,-9.93938],[-67.862995,-9.939384],[-67.86306,-9.939391],[-67.86311,-9.939394],[-67.863191,-9.939394],[-67.863224,-9.939393],[-67.863322,-9.939386],[-67.863368,-9.93938],[-67.863379,-9.939378],[-67.863503,-9.939353],[-67.863536,-9.939345],[-67.863568,-9.939335],[-67.86359,-9.939327],[-67.863619,-9.939315],[-67.863737,-9.939279],[-67.863761,-9.939271],[-67.863774,-9.939266],[-67.863791,-9.93926],[-67.863795,-9.939276],[-67.863798,-9.939288],[-67.863801,-9.9393],[-67.863809,-9.939333],[-67.863819,-9.939366],[-67.863835,-9.939402],[-67.863839,-9.939411],[-67.863831,-9.939429],[-67.86382,-9.939467],[-67.863811,-9.939506],[-67.863806,-9.939538],[-67.863798,-9.939623],[-67.863795,-9.939663],[-67.863792,-9.939675],[-67.863791,-9.939682],[-67.863782,-9.939717],[-67.863765,-9.939777],[-67.863756,-9.939817],[-67.863755,-9.939824],[-67.863744,-9.939892],[-67.86374,-9.939928],[-67.863738,-9.939963],[-67.86374,-9.939994],[-67.863743,-9.940024],[-67.863749,-9.94007],[-67.863752,-9.940089],[-67.863758,-9.940119],[-67.863767,-9.94015],[-67.863777,-9.940179],[-67.863782,-9.940194],[-67.863797,-9.94023],[-67.863815,-9.940265],[-67.863837,-9.940298],[-67.863861,-9.94033],[-67.863895,-9.940366],[-67.863956,-9.940423],[-67.863978,-9.940443],[-67.86399,-9.940453],[-67.864075,-9.940518],[-67.8641,-9.940537],[-67.864127,-9.940553],[-67.864131,-9.940555],[-67.864192,-9.940589],[-67.864225,-9.940606],[-67.86426,-9.94062],[-67.864298,-9.940632],[-67.864337,-9.940641],[-67.86434,-9.940641],[-67.864435,-9.940657],[-67.86453,-9.940673],[-67.86457,-9.940678],[-67.864673,-9.940686],[-67.864709,-9.940687],[-67.864748,-9.940686],[-67.864788,-9.940681],[-67.864816,-9.940676],[-67.864841,-9.940681],[-67.864882,-9.940686],[-67.864945,-9.940692],[-67.864984,-9.940693],[-67.865009,-9.940692],[-67.865032,-9.940724],[-67.865056,-9.940754],[-67.865079,-9.940783],[-67.865088,-9.940794],[-67.865115,-9.940824],[-67.865141,-9.940849],[-67.86517,-9.940876],[-67.865184,-9.940887],[-67.865187,-9.940889],[-67.865196,-9.940901],[-67.865222,-9.94093],[-67.865252,-9.940956],[-67.865283,-9.94098],[-67.865317,-9.941002],[-67.865336,-9.941012],[-67.865339,-9.941013],[-67.865351,-9.941024],[-67.865378,-9.941045],[-67.865406,-9.941064],[-67.865445,-9.941087],[-67.865454,-9.941093],[-67.86549,-9.941111],[-67.865526,-9.941126],[-67.865562,-9.941138],[-67.865588,-9.941145],[-67.865591,-9.941146],[-67.865619,-9.94116],[-67.865648,-9.941171],[-67.865686,-9.941183],[-67.865725,-9.941192],[-67.865753,-9.941196],[-67.865793,-9.9412],[-67.86583,-9.941204],[-67.865858,-9.941207],[-67.865899,-9.941209],[-67.865926,-9.94121],[-67.865943,-9.94121],[-67.865998,-9.941208],[-67.866004,-9.941207],[-67.866033,-9.941211],[-67.866073,-9.941213],[-67.866094,-9.941212],[-67.866114,-9.94122],[-67.866154,-9.941232],[-67.866197,-9.941243],[-67.86623,-9.941251],[-67.866292,-9.941262],[-67.866296,-9.941263],[-67.866352,-9.941269],[-67.866444,-9.941274],[-67.866467,-9.941275],[-67.866494,-9.941274],[-67.866606,-9.941267],[-67.866659,-9.941261],[-67.866698,-9.941253],[-67.866736,-9.941241],[-67.866772,-9.941226],[-67.866808,-9.941208],[-67.866824,-9.941198],[-67.866881,-9.941162],[-67.866888,-9.941157],[-67.866907,-9.941145],[-67.866989,-9.941147],[-67.867003,-9.941147],[-67.867033,-9.941146],[-67.867063,-9.941143],[-67.867067,-9.941142],[-67.867083,-9.941147],[-67.8671,-9.941151],[-67.867107,-9.941154],[-67.867143,-9.941169],[-67.867181,-9.941181],[-67.867184,-9.941181],[-67.867198,-9.941193],[-67.867245,-9.941229],[-67.867271,-9.941247],[-67.867318,-9.941278],[-67.867322,-9.941282],[-67.867345,-9.941307],[-67.867374,-9.941334],[-67.86741,-9.941361],[-67.867416,-9.941365],[-67.867422,-9.941371],[-67.867438,-9.94139],[-67.867461,-9.941413],[-67.867485,-9.941436],[-67.867489,-9.941441],[-67.867516,-9.94147],[-67.867537,-9.941492],[-67.867567,-9.941518],[-67.867598,-9.941542],[-67.867632,-9.941563],[-67.867667,-9.941581],[-67.867704,-9.941596],[-67.867742,-9.941608],[-67.86778,-9.941617],[-67.86782,-9.941622],[-67.86786,-9.941624],[-67.867885,-9.941623],[-67.867895,-9.941622],[-67.867902,-9.941622],[-67.867922,-9.941621],[-67.867942,-9.94162],[-67.867982,-9.941615],[-67.86802,-9.941606],[-67.868058,-9.941594],[-67.868095,-9.941579],[-67.86813,-9.941561],[-67.868153,-9.941547],[-67.868173,-9.941534],[-67.868212,-9.941506],[-67.86825,-9.941474],[-67.868253,-9.941472],[-67.868283,-9.941445],[-67.868295,-9.941432],[-67.868321,-9.941438],[-67.86836,-9.941443],[-67.8684,-9.941445],[-67.86844,-9.941443],[-67.868479,-9.941438],[-67.8685,-9.941434],[-67.868558,-9.941421],[-67.868587,-9.941417],[-67.868606,-9.941414],[-67.868645,-9.941405],[-67.868683,-9.941394],[-67.868713,-9.941381],[-67.868742,-9.941367],[-67.868782,-9.941346],[-67.86879,-9.941342],[-67.868801,-9.941362],[-67.86882,-9.941392],[-67.868841,-9.94142],[-67.868846,-9.941426],[-67.868851,-9.941436],[-67.868873,-9.941469],[-67.868897,-9.941501],[-67.868924,-9.94153],[-67.868953,-9.941556],[-67.868976,-9.941574],[-67.869001,-9.941591],[-67.869069,-9.941634],[-67.869087,-9.941645],[-67.869122,-9.941663],[-67.869134,-9.941668],[-67.869143,-9.941673],[-67.869177,-9.94169],[-67.869211,-9.941704],[-67.869253,-9.941717],[-67.869307,-9.941731],[-67.869311,-9.941732],[-67.869374,-9.941748],[-67.869406,-9.941754],[-67.869434,-9.941758],[-67.869497,-9.941765],[-67.869516,-9.941766],[-67.86959,-9.941776],[-67.869603,-9.941778],[-67.86967,-9.941785],[-67.869718,-9.941788],[-67.869773,-9.941784],[-67.869815,-9.941779],[-67.869839,-9.941776],[-67.86986,-9.941771],[-67.869884,-9.941774],[-67.869941,-9.941778],[-67.869981,-9.941776],[-67.87002,-9.941771],[-67.870059,-9.941762],[-67.870097,-9.94175],[-67.870134,-9.941735],[-67.870169,-9.941717],[-67.870182,-9.941709],[-67.870216,-9.941689],[-67.870242,-9.941671],[-67.870267,-9.941651],[-67.870296,-9.941626],[-67.870325,-9.941594],[-67.87035,-9.941563],[-67.870371,-9.941529],[-67.87039,-9.941492],[-67.870408,-9.941454],[-67.870422,-9.94142],[-67.870434,-9.941382],[-67.870443,-9.941344],[-67.870448,-9.941305],[-67.87045,-9.941266],[-67.87045,-9.941262],[-67.870448,-9.941227],[-67.870447,-9.94122],[-67.870446,-9.941209],[-67.870445,-9.941183],[-67.870445,-9.941169],[-67.870439,-9.94113],[-67.870428,-9.941082],[-67.870427,-9.941076],[-67.870414,-9.941022],[-67.870407,-9.941],[-67.870403,-9.940981],[-67.870391,-9.940943],[-67.870374,-9.940902],[-67.870359,-9.940873],[-67.870351,-9.940851],[-67.870336,-9.940816],[-67.870329,-9.940802],[-67.870312,-9.940764],[-67.87031,-9.940761],[-67.870305,-9.940739],[-67.870287,-9.940679],[-67.870278,-9.94065],[-67.870259,-9.940608],[-67.870258,-9.94059],[-67.870253,-9.940551],[-67.870244,-9.940512],[-67.870232,-9.940475],[-67.87022,-9.940446],[-67.870208,-9.940418],[-67.870211,-9.940403],[-67.870214,-9.940391],[-67.870217,-9.940368],[-67.870224,-9.940312],[-67.870229,-9.940291],[-67.870244,-9.940315],[-67.870266,-9.940343],[-67.870293,-9.940372],[-67.870323,-9.940399],[-67.870354,-9.940423],[-67.870382,-9.940441],[-67.870392,-9.940454],[-67.870419,-9.940483],[-67.870448,-9.940509],[-67.870474,-9.940529],[-67.87048,-9.940533],[-67.870485,-9.940539],[-67.870487,-9.940544],[-67.870488,-9.940546],[-67.870503,-9.940583],[-67.870516,-9.940607],[-67.870522,-9.940634],[-67.870534,-9.940672],[-67.870549,-9.940708],[-67.870568,-9.940743],[-67.870589,-9.940776],[-67.870613,-9.940808],[-67.870639,-9.940836],[-67.870668,-9.940862],[-67.870726,-9.940911],[-67.870759,-9.940936],[-67.870792,-9.940957],[-67.870828,-9.940975],[-67.870864,-9.94099],[-67.870892,-9.940999],[-67.870921,-9.941007],[-67.870946,-9.941012],[-67.870956,-9.941015],[-67.870991,-9.941024],[-67.871081,-9.941041],[-67.871088,-9.941042],[-67.871128,-9.941048],[-67.871168,-9.941049],[-67.871207,-9.941048],[-67.871247,-9.941042],[-67.871262,-9.94104],[-67.871343,-9.941023],[-67.871372,-9.941015],[-67.871401,-9.941006],[-67.871462,-9.940985],[-67.871508,-9.940971],[-67.871535,-9.940963],[-67.871572,-9.940948],[-67.871607,-9.940929],[-67.871635,-9.940912],[-67.871662,-9.940892],[-67.871691,-9.94087],[-67.871701,-9.940861],[-67.87173,-9.940835],[-67.871744,-9.94082],[-67.871747,-9.940818],[-67.871779,-9.940793],[-67.871808,-9.940767],[-67.871835,-9.940738],[-67.871859,-9.940706],[-67.871881,-9.940673],[-67.871899,-9.940638],[-67.871914,-9.940602],[-67.871926,-9.940567],[-67.871934,-9.940532],[-67.871943,-9.940486],[-67.871944,-9.94048],[-67.871949,-9.940441],[-67.871951,-9.940403],[-67.871951,-9.940337],[-67.871951,-9.940325],[-67.871949,-9.940285],[-67.871944,-9.940246],[-67.871938,-9.940217],[-67.87193,-9.940189],[-67.871924,-9.940169],[-67.871918,-9.940145],[-67.871906,-9.940107],[-67.871901,-9.940094],[-67.871886,-9.940058],[-67.871873,-9.94001],[-67.871863,-9.939982],[-67.871861,-9.939977],[-67.87186,-9.939955],[-67.871855,-9.939924],[-67.871847,-9.939886],[-67.871835,-9.939848],[-67.87183,-9.939838],[-67.87184,-9.939807],[-67.871847,-9.939799],[-67.871869,-9.939785],[-67.871915,-9.939752],[-67.871944,-9.939725],[-67.871971,-9.939696],[-67.871976,-9.93969],[-67.872017,-9.939639],[-67.872062,-9.939607],[-67.872088,-9.939587],[-67.872118,-9.93956],[-67.872145,-9.939531],[-67.872169,-9.9395],[-67.87219,-9.939467],[-67.872196,-9.939457],[-67.872207,-9.939436],[-67.87221,-9.939431],[-67.872241,-9.939392],[-67.87227,-9.939349],[-67.872289,-9.939318],[-67.872314,-9.939292],[-67.872334,-9.939269],[-67.872358,-9.939238],[-67.87238,-9.939205],[-67.872391,-9.939182],[-67.872394,-9.93918],[-67.872406,-9.939162],[-67.872415,-9.939159],[-67.87245,-9.93914],[-67.872484,-9.939119],[-67.872515,-9.939095],[-67.872545,-9.939069],[-67.872572,-9.93904],[-67.872596,-9.939008],[-67.872617,-9.938975],[-67.872636,-9.93894],[-67.872651,-9.938904],[-67.872663,-9.938866],[-67.872671,-9.938827],[-67.872677,-9.938789],[-67.872678,-9.93875],[-67.872679,-9.938682],[-67.872677,-9.938642],[-67.872672,-9.938603],[-67.872663,-9.938565],[-67.872651,-9.938527],[-67.872636,-9.938491],[-67.872615,-9.938446],[-67.872591,-9.938393],[-67.872569,-9.93835],[-67.872558,-9.938333],[-67.87256,-9.938329],[-67.872568,-9.938316],[-67.872587,-9.938285],[-67.87259,-9.938279],[-67.872608,-9.938246],[-67.872609,-9.938244],[-67.872612,-9.938238],[-67.872614,-9.938236],[-67.872636,-9.938202],[-67.872646,-9.938185],[-67.872661,-9.938157],[-67.872681,-9.938116],[-67.8727,-9.938073],[-67.872709,-9.938044],[-67.872721,-9.938004],[-67.872732,-9.937957],[-67.872737,-9.937918],[-67.872739,-9.937879],[-67.872737,-9.937839],[-67.872735,-9.937826],[-67.872761,-9.937855],[-67.872791,-9.937882],[-67.872811,-9.937897],[-67.872835,-9.937915],[-67.87285,-9.937931],[-67.872892,-9.937971],[-67.872923,-9.937995],[-67.872957,-9.938016],[-67.872992,-9.938034],[-67.873029,-9.938049],[-67.873052,-9.938057],[-67.873171,-9.938093],[-67.873225,-9.938106],[-67.873259,-9.93811],[-67.873294,-9.938112],[-67.873482,-9.938116],[-67.873492,-9.938116],[-67.873531,-9.938115],[-67.873571,-9.93811],[-67.873604,-9.938102],[-67.873702,-9.938078],[-67.873745,-9.938065],[-67.873922,-9.938001],[-67.873959,-9.937986],[-67.873994,-9.937968],[-67.874014,-9.937956],[-67.874054,-9.93793],[-67.874095,-9.937922],[-67.874188,-9.937922],[-67.874266,-9.937923],[-67.874377,-9.937939],[-67.874411,-9.937943],[-67.874446,-9.937944],[-67.874458,-9.937944],[-67.87452,-9.937942],[-67.874533,-9.93795],[-67.874541,-9.937957],[-67.874557,-9.937971],[-67.874588,-9.937995],[-67.874622,-9.938016],[-67.874654,-9.938033],[-67.874688,-9.938047],[-67.87475,-9.938071],[-67.874809,-9.938108],[-67.874824,-9.938116],[-67.874859,-9.938135],[-67.874896,-9.93815],[-67.874905,-9.938153],[-67.875118,-9.938225],[-67.875163,-9.938237],[-67.875289,-9.938266],[-67.875301,-9.938268],[-67.875446,-9.938297],[-67.875456,-9.938299],[-67.875496,-9.938304],[-67.875536,-9.938306],[-67.875578,-9.938304],[-67.875667,-9.938296],[-67.875673,-9.938295],[-67.875718,-9.93829],[-67.875749,-9.938286],[-67.875784,-9.938279],[-67.875819,-9.938268],[-67.875863,-9.938253],[-67.875876,-9.938254],[-67.875892,-9.938254],[-67.875904,-9.938254],[-67.87599,-9.938251],[-67.876014,-9.93825],[-67.876056,-9.938247],[-67.876111,-9.938247],[-67.876151,-9.938245],[-67.876173,-9.938242],[-67.876198,-9.938252],[-67.876236,-9.938264],[-67.876275,-9.938273],[-67.876314,-9.938278],[-67.876353,-9.93828],[-67.876364,-9.93828],[-67.876362,-9.938289],[-67.876362,-9.938291],[-67.876354,-9.938338],[-67.87635,-9.938363],[-67.876342,-9.938433],[-67.876339,-9.938483],[-67.876339,-9.938531],[-67.876341,-9.938571],[-67.876346,-9.93861],[-67.876354,-9.938649],[-67.876366,-9.938686],[-67.876382,-9.938723],[-67.8764,-9.938758],[-67.876421,-9.938791],[-67.876446,-9.938822],[-67.876473,-9.938851],[-67.876502,-9.938878],[-67.876533,-9.938902],[-67.876567,-9.938923],[-67.876602,-9.938941],[-67.876639,-9.938956],[-67.876684,-9.93897],[-67.876716,-9.938978],[-67.876748,-9.938985],[-67.876762,-9.938987],[-67.876791,-9.938991],[-67.876824,-9.939],[-67.876863,-9.939008],[-67.876875,-9.93901],[-67.876982,-9.939026],[-67.877015,-9.93903],[-67.877048,-9.939031],[-67.877171,-9.939031],[-67.877244,-9.939032],[-67.877284,-9.93903],[-67.877324,-9.939025],[-67.877412,-9.939009],[-67.877415,-9.939008],[-67.877499,-9.938993],[-67.877535,-9.938985],[-67.877571,-9.938973],[-67.877617,-9.938954],[-67.87766,-9.938933],[-67.877682,-9.938936],[-67.877719,-9.938941],[-67.877757,-9.938943],[-67.877801,-9.938941],[-67.877881,-9.938933],[-67.877916,-9.938928],[-67.877946,-9.938922],[-67.877993,-9.93891],[-67.878041,-9.938896],[-67.878065,-9.938886],[-67.878129,-9.938859],[-67.878176,-9.938836],[-67.87821,-9.938814],[-67.878241,-9.93879],[-67.878271,-9.938764],[-67.878298,-9.938735],[-67.878322,-9.938703],[-67.878343,-9.93867],[-67.878362,-9.938635],[-67.878377,-9.938599],[-67.878389,-9.938561],[-67.878397,-9.938523],[-67.878402,-9.938486],[-67.87841,-9.9384],[-67.878412,-9.938358],[-67.878411,-9.938319],[-67.878405,-9.938279],[-67.878398,-9.938247],[-67.878394,-9.938229],[-67.878446,-9.938196],[-67.878474,-9.938178],[-67.8785,-9.938158],[-67.878523,-9.938138],[-67.878544,-9.938116],[-67.878628,-9.938025],[-67.87864,-9.938011],[-67.878664,-9.93798],[-67.878685,-9.937947],[-67.878697,-9.937925],[-67.878702,-9.937916],[-67.878714,-9.937889],[-67.878752,-9.937802],[-67.878761,-9.937779],[-67.878773,-9.937742],[-67.878776,-9.937731],[-67.87881,-9.937753],[-67.878839,-9.937768],[-67.878886,-9.937791],[-67.878929,-9.937808],[-67.878959,-9.937818],[-67.878995,-9.937828],[-67.879041,-9.937839],[-67.879081,-9.937844],[-67.879121,-9.937846],[-67.879148,-9.937845],[-67.879189,-9.937843],[-67.879241,-9.937837],[-67.87928,-9.937828],[-67.879318,-9.937816],[-67.879354,-9.937801],[-67.87939,-9.937783],[-67.879407,-9.937772],[-67.879451,-9.937745],[-67.879475,-9.937728],[-67.879498,-9.93771],[-67.879528,-9.937683],[-67.879555,-9.937654],[-67.879579,-9.937623],[-67.8796,-9.93759],[-67.879602,-9.937587],[-67.879625,-9.937547],[-67.879627,-9.937543],[-67.880266,-9.938113],[-67.880274,-9.938128],[-67.880277,-9.938132],[-67.880282,-9.938127],[-67.891115,-9.948127],[-67.89119,-9.947978],[-67.892226,-9.945905],[-67.89338,-9.946658],[-67.8941,-9.947066],[-67.894735,-9.947261],[-67.895262,-9.947572],[-67.895864,-9.947959],[-67.896842,-9.948645],[-67.89753,-9.949235],[-67.898055,-9.950017],[-67.898666,-9.950916],[-67.899325,-9.952282],[-67.899683,-9.952735],[-67.900157,-9.953253],[-67.900536,-9.953919],[-67.900917,-9.954175],[-67.901439,-9.95447],[-67.902026,-9.954701],[-67.902713,-9.954868],[-67.903042,-9.955005],[-67.903256,-9.955578],[-67.903426,-9.956089],[-67.904098,-9.958252],[-67.904257,-9.958967],[-67.90445,-9.95952],[-67.904873,-9.959913],[-67.905559,-9.960177],[-67.906245,-9.960279],[-67.906932,-9.960348],[-67.907374,-9.960732],[-67.908357,-9.961564],[-67.909506,-9.961964],[-67.909625,-9.962043],[-67.9101,-9.962283],[-67.910734,-9.962444],[-67.911633,-9.962339],[-67.912321,-9.96273],[-67.912875,-9.962931],[-67.913471,-9.962935],[-67.913696,-9.962902],[-67.914246,-9.962413],[-67.915041,-9.962222],[-67.916334,-9.962323],[-67.917129,-9.96225],[-67.917488,-9.961898],[-67.91765,-9.961505],[-67.917971,-9.961035],[-67.918489,-9.960684],[-67.919523,-9.960481],[-67.920742,-9.961455],[-67.921275,-9.961591],[-67.921886,-9.961629],[-67.922402,-9.961781],[-67.923269,-9.961783],[-67.924696,-9.961709],[-67.925563,-9.961715],[-67.925952,-9.961777],[-67.926279,-9.961957],[-67.926637,-9.962166],[-67.927054,-9.962436],[-67.927531,-9.962587],[-67.92801,-9.962561],[-67.928328,-9.96243],[-67.928839,-9.961885],[-67.929213,-9.961331],[-67.929572,-9.960549],[-67.930261,-9.959638],[-67.932667,-9.957755],[-67.933267,-9.95763],[-67.935173,-9.95837],[-67.935577,-9.958603],[-67.935922,-9.958968],[-67.936189,-9.959544],[-67.936359,-9.9601],[-67.936529,-9.960618],[-67.93672,-9.960906],[-67.937008,-9.961176],[-67.937528,-9.96139],[-67.938299,-9.961491],[-67.939226,-9.961497],[-67.944692,-9.961569],[-67.945074,-9.961666],[-67.94551,-9.961832],[-67.946,-9.962092],[-67.946951,-9.962966],[-67.947388,-9.963145],[-67.947865,-9.963243],[-67.94848,-9.963233],[-67.952213,-9.962816],[-67.952606,-9.962784],[-67.953615,-9.963127],[-68.003338,-10.003127],[-68.024171,-9.997571],[-68.04556,-10.009794],[-68.049264,-10.006218],[-68.065004,-9.98396],[-68.091949,-9.977294],[-68.117505,-9.990349],[-68.12806,-9.975071],[-68.157782,-9.964793],[-68.165282,-9.940349],[-68.160282,-9.931182],[-68.156393,-9.902571],[-68.098338,-9.915905],[-68.072504,-9.891738],[-68.037782,-9.882849],[-68.002782,-9.848405],[-67.980018,-9.84838]],[[-67.785378,-9.956317],[-67.785377,-9.956312],[-67.785383,-9.956316],[-67.785378,-9.956317]]]},"properties":{"uc_nome":"APA São Francisco","zona_codigo":"ZOA","zona_nome":"Zona de Amortecimento","cor":"#fbbf24","objectid_1":17,"nome":"SÃ£o Francisco","sigla":"Apa","grupo":"Unidade de Uso SustentÃ¡vel","categoria":"Ãrea de ProteÃ§Ã£o Ambiental","decreto":"12.310 (14/07/2005)","ano_criaca":"2005","municipio_":"Rio Branco, Bujari","plano_mane":"nÃ£o","instituica":"IMAC","area_ofici":"30004","perimeter":117362.658488,"area":300149412.103,"hectares":30014.9412104,"buff_dist":5000.0}},{"type":"Feature","geometry":{"type":"Polygon","coordinates":[[[-68.160508,-9.170898],[-68.119111,-9.189651],[-68.119072,-9.189669],[-68.077748,-9.208406],[-68.036336,-9.227121],[-68.036287,-9.227143],[-67.994864,-9.245885],[-67.992555,-9.246969],[-67.987294,-9.249743],[-67.982227,-9.252854],[-67.977375,-9.256288],[-67.972759,-9.260029],[-67.968399,-9.264062],[-67.964315,-9.268369],[-67.960522,-9.272933],[-67.957038,-9.277733],[-67.953877,-9.282749],[-67.951054,-9.28796],[-67.948579,-9.293343],[-67.946685,-9.298241],[-67.943296,-9.307829],[-67.943075,-9.308463],[-67.941486,-9.313551],[-67.939761,-9.319711],[-67.939603,-9.320281],[-67.938233,-9.32604],[-67.937245,-9.331876],[-67.936643,-9.337763],[-67.93643,-9.343678],[-67.936607,-9.349593],[-67.937173,-9.355484],[-67.938126,-9.361325],[-67.939462,-9.367093],[-67.941174,-9.372761],[-67.943256,-9.378306],[-67.945699,-9.383703],[-67.948493,-9.388931],[-67.951624,-9.393965],[-67.955081,-9.398786],[-67.958848,-9.403372],[-67.962909,-9.407703],[-67.967246,-9.411761],[-67.968977,-9.413198],[-67.9732,-9.417148],[-67.977796,-9.420916],[-67.98263,-9.424377],[-67.987682,-9.427517],[-67.990574,-9.429117],[-67.991708,-9.429717],[-67.994064,-9.430922],[-67.994328,-9.431042],[-67.996549,-9.43312],[-68.001146,-9.436887],[-68.00598,-9.440348],[-68.011033,-9.443487],[-68.016281,-9.446292],[-68.021703,-9.448749],[-68.027276,-9.450849],[-68.032974,-9.452583],[-68.038775,-9.453942],[-68.041597,-9.454413],[-68.042775,-9.455514],[-68.047372,-9.459281],[-68.052207,-9.462741],[-68.05726,-9.46588],[-68.062062,-9.468461],[-68.062747,-9.468804],[-68.063195,-9.469026],[-68.068618,-9.471483],[-68.074191,-9.473582],[-68.07989,-9.475315],[-68.085692,-9.476674],[-68.09157,-9.477653],[-68.09304,-9.477801],[-68.098497,-9.479079],[-68.104376,-9.480058],[-68.110307,-9.480653],[-68.116264,-9.480862],[-68.122222,-9.480683],[-68.128156,-9.480118],[-68.13404,-9.479169],[-68.139848,-9.477839],[-68.145557,-9.476135],[-68.151141,-9.474064],[-68.156576,-9.471635],[-68.16184,-9.468858],[-68.16691,-9.465744],[-68.171763,-9.462309],[-68.174079,-9.460493],[-68.174981,-9.460684],[-68.185911,-9.462944],[-68.186503,-9.463065],[-68.190179,-9.463676],[-68.193138,-9.467796],[-68.196909,-9.47238],[-68.200974,-9.476709],[-68.205315,-9.480764],[-68.209915,-9.484529],[-68.213731,-9.487297],[-68.225321,-9.49525],[-68.226342,-9.495941],[-68.231397,-9.499077],[-68.236648,-9.501879],[-68.242073,-9.504333],[-68.247648,-9.50643],[-68.253349,-9.50816],[-68.259152,-9.509516],[-68.265032,-9.510493],[-68.270964,-9.511085],[-68.276922,-9.511291],[-68.282881,-9.51111],[-68.288815,-9.510542],[-68.294699,-9.50959],[-68.300508,-9.508258],[-68.306216,-9.506551],[-68.3118,-9.504477],[-68.317235,-9.502045],[-68.322498,-9.499266],[-68.327567,-9.49615],[-68.332419,-9.492712],[-68.337035,-9.488966],[-68.341394,-9.484929],[-68.345434,-9.480666],[-68.375595,-9.446694],[-68.389658,-9.430862],[-68.406343,-9.412426],[-68.406973,-9.411722],[-68.410762,-9.407153],[-68.414242,-9.402348],[-68.417398,-9.397327],[-68.420216,-9.392112],[-68.420341,-9.391861],[-68.420861,-9.390809],[-68.425098,-9.390121],[-68.430904,-9.388787],[-68.43661,-9.387078],[-68.442191,-9.385002],[-68.447623,-9.382568],[-68.452884,-9.379786],[-68.45795,-9.376668],[-68.462799,-9.373228],[-68.467412,-9.369481],[-68.471767,-9.365441],[-68.475848,-9.361128],[-68.479635,-9.356558],[-68.483113,-9.351752],[-68.486267,-9.346731],[-68.489084,-9.341515],[-68.491551,-9.336128],[-68.493658,-9.330591],[-68.495396,-9.32493],[-68.496758,-9.319168],[-68.497737,-9.31333],[-68.498329,-9.30744],[-68.498532,-9.301525],[-68.498346,-9.29561],[-68.498327,-9.295331],[-68.498993,-9.292301],[-68.499972,-9.286463],[-68.500564,-9.280574],[-68.500768,-9.274658],[-68.500581,-9.268743],[-68.500006,-9.262852],[-68.499043,-9.257011],[-68.497699,-9.251245],[-68.495977,-9.245579],[-68.493887,-9.240036],[-68.491436,-9.234642],[-68.488635,-9.229418],[-68.485497,-9.224388],[-68.482034,-9.219572],[-68.478262,-9.214991],[-68.474196,-9.210665],[-68.472244,-9.208778],[-68.4581,-9.195502],[-68.458018,-9.194044],[-68.457444,-9.188153],[-68.456482,-9.182312],[-68.455138,-9.176546],[-68.453418,-9.170879],[-68.451329,-9.165337],[-68.448879,-9.159942],[-68.446079,-9.154718],[-68.442942,-9.149687],[-68.43948,-9.144871],[-68.43876,-9.143947],[-68.435004,-9.139386],[-68.433001,-9.137183],[-68.43271,-9.13685],[-68.428645,-9.132524],[-68.424305,-9.128471],[-68.420678,-9.125503],[-68.420289,-9.125031],[-68.416225,-9.120705],[-68.411885,-9.116652],[-68.407288,-9.112889],[-68.404575,-9.110892],[-68.401651,-9.108859],[-68.396599,-9.105725],[-68.391352,-9.102927],[-68.385932,-9.100475],[-68.380362,-9.098381],[-68.374667,-9.096653],[-68.36887,-9.095299],[-68.362996,-9.094325],[-68.357071,-9.093734],[-68.35112,-9.09353],[-68.345168,-9.093713],[-68.339241,-9.094282],[-68.333364,-9.095236],[-68.327562,-9.096569],[-68.321861,-9.098277],[-68.316284,-9.100351],[-68.313109,-9.101722],[-68.284737,-9.114613],[-68.243363,-9.133356],[-68.201952,-9.152104],[-68.201891,-9.152132],[-68.160508,-9.170898]],[[-68.352092,-9.189462],[-68.352857,-9.189945],[-68.35332,-9.189588],[-68.353988,-9.190055],[-68.354625,-9.190065],[-68.354405,-9.190657],[-68.354812,-9.19116],[-68.355243,-9.190988],[-68.356348,-9.191873],[-68.356322,-9.192704],[-68.356597,-9.193875],[-68.35748,-9.195419],[-68.358445,-9.195015],[-68.358482,-9.195652],[-68.359096,-9.196391],[-68.359908,-9.196174],[-68.360687,-9.196757],[-68.361981,-9.196453],[-68.362482,-9.197003],[-68.363223,-9.196196],[-68.364179,-9.196371],[-68.364216,-9.198289],[-68.365843,-9.198763],[-68.366077,-9.199252],[-68.366473,-9.198907],[-68.366582,-9.199508],[-68.367178,-9.199811],[-68.358618,-9.208967],[-68.349716,-9.22475],[-68.348053,-9.240166],[-68.361253,-9.245629],[-68.378017,-9.247692],[-68.393176,-9.258985],[-68.409722,-9.27452],[-68.408374,-9.276587],[-68.407326,-9.286743],[-68.405312,-9.290913],[-68.405663,-9.296283],[-68.40748,-9.301386],[-68.394334,-9.296765],[-68.396215,-9.292644],[-68.383088,-9.286747],[-68.356992,-9.280601],[-68.334182,-9.279153],[-68.311106,-9.290067],[-68.310715,-9.290617],[-68.311356,-9.290966],[-68.312921,-9.290441],[-68.312971,-9.290886],[-68.313757,-9.291872],[-68.313817,-9.292458],[-68.315093,-9.292516],[-68.315415,-9.293428],[-68.315894,-9.293777],[-68.316433,-9.29381],[-68.31716,-9.294561],[-68.316456,-9.294924],[-68.316472,-9.295206],[-68.316231,-9.295713],[-68.316464,-9.296348],[-68.317144,-9.296861],[-68.318293,-9.297102],[-68.318708,-9.29671],[-68.318833,-9.296807],[-68.318947,-9.297319],[-68.318675,-9.29855],[-68.318054,-9.298634],[-68.317774,-9.299019],[-68.317188,-9.299176],[-68.317284,-9.299929],[-68.31719,-9.300161],[-68.317526,-9.301449],[-68.317964,-9.302125],[-68.319066,-9.301651],[-68.319657,-9.302054],[-68.320833,-9.302357],[-68.321151,-9.304149],[-68.321661,-9.305043],[-68.321291,-9.305706],[-68.320492,-9.306377],[-68.320059,-9.307411],[-68.320763,-9.308052],[-68.32054,-9.30902],[-68.320271,-9.30992],[-68.314961,-9.319936],[-68.322162,-9.325749],[-68.322553,-9.334492],[-68.329689,-9.344985],[-68.334106,-9.347668],[-68.339886,-9.349387],[-68.338609,-9.351967],[-68.321638,-9.370715],[-68.307283,-9.386873],[-68.277111,-9.42085],[-68.265523,-9.412898],[-68.262171,-9.407519],[-68.265155,-9.370421],[-68.249468,-9.377001],[-68.239619,-9.384792],[-68.226797,-9.378881],[-68.223565,-9.37366],[-68.204477,-9.374403],[-68.193549,-9.372144],[-68.192325,-9.368777],[-68.155877,-9.356222],[-68.126183,-9.372531],[-68.118603,-9.386961],[-68.117323,-9.389403],[-68.116494,-9.390424],[-68.116285,-9.390359],[-68.116216,-9.390003],[-68.116379,-9.389685],[-68.117468,-9.388829],[-68.11748,-9.388333],[-68.117151,-9.38777],[-68.116769,-9.387568],[-68.116336,-9.387488],[-68.115675,-9.387252],[-68.115354,-9.38758],[-68.115447,-9.388396],[-68.115373,-9.388949],[-68.114962,-9.389038],[-68.114535,-9.388875],[-68.114176,-9.388298],[-68.114124,-9.387884],[-68.114257,-9.385459],[-68.114153,-9.385039],[-68.113676,-9.384994],[-68.113154,-9.385424],[-68.113194,-9.386695],[-68.112766,-9.387304],[-68.111997,-9.387497],[-68.111238,-9.38702],[-68.11103,-9.387204],[-68.111246,-9.388092],[-68.111117,-9.388609],[-68.110761,-9.388619],[-68.110151,-9.388005],[-68.110041,-9.387455],[-68.110176,-9.38659],[-68.109893,-9.386365],[-68.109238,-9.38658],[-68.108409,-9.387538],[-68.108144,-9.387553],[-68.107896,-9.38715],[-68.107789,-9.386236],[-68.107329,-9.386079],[-68.106472,-9.386185],[-68.106315,-9.386463],[-68.106906,-9.387146],[-68.106936,-9.387533],[-68.106577,-9.387671],[-68.104973,-9.386955],[-68.104659,-9.387868],[-68.103692,-9.38802],[-68.103007,-9.387678],[-68.102432,-9.386778],[-68.102636,-9.386284],[-68.104758,-9.385515],[-68.104666,-9.385019],[-68.103492,-9.383776],[-68.103557,-9.382723],[-68.103043,-9.382645],[-68.101668,-9.383833],[-68.101122,-9.383925],[-68.10064,-9.383382],[-68.100564,-9.382871],[-68.10023,-9.382311],[-68.098984,-9.38189],[-68.098767,-9.381347],[-68.099189,-9.380791],[-68.099208,-9.379506],[-68.09868,-9.378731],[-68.098689,-9.378172],[-68.099548,-9.37788],[-68.099611,-9.377477],[-68.098615,-9.376623],[-68.097852,-9.376343],[-68.097101,-9.377316],[-68.096786,-9.378802],[-68.096411,-9.379064],[-68.094946,-9.378905],[-68.094776,-9.378425],[-68.09502,-9.377631],[-68.094826,-9.377265],[-68.093834,-9.377099],[-68.093739,-9.376826],[-68.09397,-9.376445],[-68.093994,-9.37589],[-68.09341,-9.37555],[-68.091985,-9.375475],[-68.091585,-9.375327],[-68.091487,-9.375066],[-68.091611,-9.374788],[-68.092105,-9.374435],[-68.092692,-9.374371],[-68.093,-9.374143],[-68.092957,-9.373691],[-68.092539,-9.373324],[-68.091196,-9.372836],[-68.091002,-9.37259],[-68.090877,-9.37211],[-68.090878,-9.371794],[-68.091182,-9.370891],[-68.091084,-9.370629],[-68.090826,-9.370629],[-68.090364,-9.371243],[-68.089968,-9.371525],[-68.089637,-9.371491],[-68.089413,-9.371011],[-68.089377,-9.370101],[-68.089578,-9.369628],[-68.089957,-9.369416],[-68.090511,-9.369472],[-68.091324,-9.369958],[-68.091763,-9.369943],[-68.09212,-9.369672],[-68.092262,-9.369105],[-68.092441,-9.366624],[-68.092228,-9.366335],[-68.091652,-9.366263],[-68.09101,-9.366523],[-68.090755,-9.366522],[-68.089884,-9.366111],[-68.089533,-9.366154],[-68.089252,-9.366621],[-68.089007,-9.366707],[-68.088454,-9.366608],[-68.088267,-9.366743],[-68.088017,-9.367892],[-68.087742,-9.368115],[-68.087331,-9.368037],[-68.087085,-9.367803],[-68.087008,-9.366805],[-68.086565,-9.36627],[-68.086588,-9.365845],[-68.086534,-9.365486],[-68.086244,-9.365381],[-68.085453,-9.365777],[-68.085053,-9.365771],[-68.084963,-9.365681],[-68.084732,-9.363581],[-68.084167,-9.36234],[-68.083798,-9.362174],[-68.082753,-9.362379],[-68.082249,-9.362127],[-68.082003,-9.362243],[-68.081984,-9.362499],[-68.08245,-9.363123],[-68.082446,-9.363465],[-68.082058,-9.363696],[-68.081597,-9.364677],[-68.08137,-9.364677],[-68.08107,-9.364139],[-68.080634,-9.364138],[-68.080455,-9.364381],[-68.080662,-9.365041],[-68.080685,-9.365469],[-68.080531,-9.365749],[-68.08022,-9.365786],[-68.079903,-9.365515],[-68.079813,-9.364911],[-68.079659,-9.364802],[-68.079423,-9.364919],[-68.079621,-9.365713],[-68.079628,-9.366218],[-68.079292,-9.366289],[-68.078527,-9.365556],[-68.077827,-9.365879],[-68.076447,-9.365623],[-68.075047,-9.36479],[-68.07504,-9.363996],[-68.075877,-9.363295],[-68.075959,-9.362953],[-68.075525,-9.3626],[-68.074612,-9.362579],[-68.074523,-9.362047],[-68.074105,-9.361929],[-68.07295,-9.36262],[-68.07214,-9.363385],[-68.071686,-9.363519],[-68.071279,-9.363031],[-68.070929,-9.361154],[-68.0706,-9.360414],[-68.070218,-9.360521],[-68.069589,-9.361746],[-68.069026,-9.361735],[-68.068827,-9.361167],[-68.069075,-9.360175],[-68.068923,-9.359444],[-68.068379,-9.359037],[-68.067724,-9.359369],[-68.067677,-9.360262],[-68.06805,-9.361706],[-68.067677,-9.361858],[-68.066547,-9.36153],[-68.066048,-9.361691],[-68.066324,-9.363703],[-68.066149,-9.364325],[-68.065823,-9.364252],[-68.064901,-9.362779],[-68.064201,-9.362796],[-68.063219,-9.363271],[-68.062067,-9.363079],[-68.061679,-9.363709],[-68.061262,-9.363626],[-68.061181,-9.363166],[-68.06082,-9.362336],[-68.060232,-9.361676],[-68.059796,-9.36163],[-68.059257,-9.362764],[-68.058926,-9.362935],[-68.057527,-9.362958],[-68.057263,-9.363309],[-68.057321,-9.365158],[-68.056785,-9.365292],[-68.056423,-9.364867],[-68.056313,-9.363839],[-68.056639,-9.362397],[-68.057304,-9.361488],[-68.057274,-9.361019],[-68.056957,-9.360738],[-68.056557,-9.360719],[-68.05582,-9.361385],[-68.055393,-9.361284],[-68.055431,-9.360815],[-68.056369,-9.359934],[-68.05763,-9.360082],[-68.058003,-9.359957],[-68.058136,-9.359569],[-68.057729,-9.358919],[-68.056849,-9.358619],[-68.055768,-9.35867],[-68.052303,-9.360277],[-68.051589,-9.360364],[-68.051387,-9.36019],[-68.051361,-9.359899],[-68.051555,-9.359512],[-68.053075,-9.358538],[-68.053339,-9.358043],[-68.05337,-9.3574],[-68.05311,-9.356926],[-68.052812,-9.356854],[-68.052308,-9.357072],[-68.051474,-9.357766],[-68.051155,-9.357823],[-68.050975,-9.357724],[-68.050828,-9.357447],[-68.050932,-9.357081],[-68.051498,-9.356369],[-68.051486,-9.355993],[-68.051135,-9.355939],[-68.050182,-9.356169],[-68.049935,-9.355905],[-68.050096,-9.355619],[-68.051329,-9.354774],[-68.051657,-9.354204],[-68.051523,-9.353918],[-68.051195,-9.353743],[-68.049645,-9.353506],[-68.049262,-9.352956],[-68.049015,-9.352996],[-68.048761,-9.353598],[-68.048426,-9.353883],[-68.04805,-9.354783],[-68.047799,-9.354792],[-68.047597,-9.354514],[-68.047621,-9.353898],[-68.047886,-9.35331],[-68.04779,-9.352845],[-68.047615,-9.352738],[-68.047232,-9.353022],[-68.046284,-9.353149],[-68.04579,-9.352831],[-68.045743,-9.352161],[-68.045883,-9.351876],[-68.046027,-9.351756],[-68.046454,-9.351681],[-68.046562,-9.351462],[-68.046495,-9.351241],[-68.044977,-9.350589],[-68.044342,-9.350579],[-68.044038,-9.350334],[-68.043896,-9.349476],[-68.043677,-9.349214],[-68.04346,-9.34939],[-68.043432,-9.350407],[-68.04404,-9.351267],[-68.04403,-9.351789],[-68.043792,-9.351956],[-68.043242,-9.351988],[-68.042683,-9.351785],[-68.04222,-9.3509],[-68.042395,-9.35021],[-68.042293,-9.348729],[-68.040848,-9.347875],[-68.040552,-9.347496],[-68.040095,-9.347377],[-68.039112,-9.347576],[-68.038927,-9.347322],[-68.038334,-9.347371],[-68.03818,-9.347749],[-68.039529,-9.350066],[-68.039121,-9.350443],[-68.037698,-9.350431],[-68.036582,-9.349763],[-68.03583,-9.347792],[-68.035458,-9.347572],[-68.035118,-9.347756],[-68.035104,-9.349842],[-68.03457,-9.349925],[-68.033437,-9.349325],[-68.032931,-9.348709],[-68.032963,-9.34791],[-68.033293,-9.347818],[-68.033927,-9.34824],[-68.034707,-9.34799],[-68.034784,-9.347561],[-68.034278,-9.347013],[-68.034222,-9.345802],[-68.033824,-9.345775],[-68.032657,-9.346772],[-68.031996,-9.346695],[-68.031972,-9.346131],[-68.032815,-9.344796],[-68.032368,-9.344063],[-68.031394,-9.344128],[-68.030399,-9.345345],[-68.029763,-9.34573],[-68.027483,-9.343938],[-68.029207,-9.337778],[-68.032594,-9.328189],[-68.074026,-9.309444],[-68.115492,-9.290705],[-68.156871,-9.271943],[-68.198285,-9.253182],[-68.239686,-9.234408],[-68.281108,-9.215655],[-68.322536,-9.196888],[-68.350956,-9.183974],[-68.351126,-9.184375],[-68.351759,-9.184549],[-68.352042,-9.185475],[-68.352054,-9.186205],[-68.35226,-9.187],[-68.351629,-9.187187],[-68.352194,-9.188378],[-68.352092,-9.189462]]]},"properties":{"uc_nome":"Floresta Estadual do Antimary","zona_codigo":"ZOA","zona_nome":"Zona de Amortecimento","cor":"#fbbf24","propriet":"Governo do Estado do Acre","perimeter":313778.878146,"hectares":145418.4569,"buff_dist":10000.0,"area":1454184569.0,"acres":359336.832647,"fid_limite":-1}},{"type":"Feature","geometry":{"type":"Polygon","coordinates":[[[-68.140743,-9.279256],[-68.140885,-9.280236],[-68.14153,-9.28258],[-68.141714,-9.282914],[-68.143163,-9.285546],[-68.143186,-9.285588],[-68.146898,-9.285254],[-68.151132,-9.287682],[-68.151503,-9.289192],[-68.152917,-9.292571],[-68.153065,-9.293824],[-68.153057,-9.295903],[-68.153203,-9.297078],[-68.152629,-9.299116],[-68.148686,-9.302499],[-68.14627,-9.302774],[-68.146432,-9.306525],[-68.148793,-9.311717],[-68.150256,-9.313249],[-68.152274,-9.314624],[-68.169545,-9.314111],[-68.171444,-9.312646],[-68.172785,-9.310999],[-68.173237,-9.30928],[-68.173545,-9.305715],[-68.173611,-9.304319],[-68.174997,-9.300539],[-68.176314,-9.298881],[-68.177757,-9.298573],[-68.180625,-9.298764],[-68.183753,-9.298748],[-68.184941,-9.297504],[-68.185383,-9.295652],[-68.185103,-9.293157],[-68.185051,-9.291084],[-68.185434,-9.29034],[-68.187509,-9.288244],[-68.187726,-9.288171],[-68.188068,-9.286564],[-68.187961,-9.284679],[-68.188255,-9.283539],[-68.189454,-9.281244],[-68.189853,-9.280481],[-68.191519,-9.277993],[-68.191813,-9.276924],[-68.191682,-9.274712],[-68.191115,-9.273424],[-68.191052,-9.273393],[-68.190957,-9.272938],[-68.19026,-9.272278],[-68.188197,-9.268877],[-68.186836,-9.268192],[-68.185983,-9.267862],[-68.184554,-9.265467],[-68.180395,-9.26423],[-68.178964,-9.263437],[-68.177993,-9.262378],[-68.176146,-9.263214],[-68.140743,-9.279256]]]},"properties":{"uc_nome":"Floresta Estadual do Antimary","zona_codigo":"ZOC","zona_nome":"Zona de Conservação","cor":"#166534","perimeter":19639.8015046,"hectares":1957.82903388,"area":19578290.3388,"acres":4837.90090264}},{"type":"Feature","geometry":{"type":"Polygon","coordinates":[[[-68.299843,-9.32733],[-68.287043,-9.327192],[-68.286236,-9.333482],[-68.299041,-9.333616],[-68.299843,-9.32733]]]},"properties":{"uc_nome":"Floresta Estadual do Antimary","zona_codigo":"ZPO","zona_nome":"Zona Populacional","cor":"#7c3aed","propriedad":"Segundo Ponto","n°_lote":"Lote 12","proprietar":"Rosemildo Ferreira de Araújo","hectares":97.8817309996,"perimeter":4213.8245846,"area":978817.309996,"acres":241.871024773,"situacao":"Delimitado"}},{"type":"Feature","geometry":{"type":"Polygon","coordinates":[[[-68.30665,-9.33344],[-68.29779,-9.333635],[-68.296838,-9.341759],[-68.298733,-9.342299],[-68.305719,-9.342971],[-68.30665,-9.33344]]]},"properties":{"uc_nome":"Floresta Estadual do Antimary","zona_codigo":"ZPO","zona_nome":"Zona Populacional","cor":"#7c3aed","propriedad":"Primeiro Ponto","n°_lote":"Lote 11","proprietar":"José Ribamar Ferreira de Araújo","hectares":97.1842985622,"perimeter":3923.68122736,"area":971842.985622,"acres":240.147631688,"situacao":"Delimitado"}},{"type":"Feature","geometry":{"type":"Polygon","coordinates":[[[-68.328155,-9.360682],[-68.327059,-9.351744],[-68.318061,-9.352844],[-68.319141,-9.361757],[-68.328155,-9.360682]]]},"properties":{"uc_nome":"Floresta Estadual do Antimary","zona_codigo":"ZPO","zona_nome":"Zona Populacional","cor":"#7c3aed","propriedad":"Boa Fé","n°_lote":"Lote 10","proprietar":"Emília Pessoa de Lima","hectares":99.0322315474,"perimeter":3980.60287526,"area":990322.315474,"acres":244.713973541,"situacao":"Delimitado"}},{"type":"Feature","geometry":{"type":"Polygon","coordinates":[[[-68.297721,-9.353734],[-68.284587,-9.3565],[-68.284459,-9.361845],[-68.295387,-9.362123],[-68.297721,-9.353734]]]},"properties":{"uc_nome":"Floresta Estadual do Antimary","zona_codigo":"ZPO","zona_nome":"Zona Populacional","cor":"#7c3aed","propriedad":"Araçagi","n°_lote":"Lote 09","proprietar":"José Nilton Soares de Lima","hectares":98.4484800993,"perimeter":4228.14699573,"area":984484.800993,"acres":243.271492298,"situacao":"Delimitado"}},{"type":"Feature","geometry":{"type":"Polygon","coordinates":[[[-68.296851,-9.371188],[-68.295387,-9.362123],[-68.284459,-9.361845],[-68.287071,-9.369017],[-68.296851,-9.371188]]]},"properties":{"uc_nome":"Floresta Estadual do Antimary","zona_codigo":"ZPO","zona_nome":"Zona Populacional","cor":"#7c3aed","propriedad":"Araçagi I","n°_lote":"Lote 08","proprietar":"Deijane Araújo Pinto","hectares":99.0267745547,"perimeter":4159.13695703,"area":990267.745547,"acres":244.700489018,"situacao":"Delimitado"}},{"type":"Feature","geometry":{"type":"Polygon","coordinates":[[[-68.290851,-9.39446],[-68.294479,-9.401293],[-68.304694,-9.389769],[-68.299827,-9.38471],[-68.298929,-9.388633],[-68.29613,-9.39219],[-68.290851,-9.39446]]]},"properties":{"uc_nome":"Floresta Estadual do Antimary","zona_codigo":"ZPO","zona_nome":"Zona Populacional","cor":"#7c3aed","propriedad":"Cruz II","n°_lote":"Lote 05","proprietar":"Francisco Batista de Souza","conjuge":"Raimunda Lira de Souza","hectares":100.526974591,"perimeter":4900.96325569,"area":1005269.74591,"acres":248.407564039,"situacao":"Delimitado"}},{"type":"Feature","geometry":{"type":"Polygon","coordinates":[[[-68.288314,-9.389681],[-68.290851,-9.39446],[-68.29613,-9.39219],[-68.298929,-9.388633],[-68.299827,-9.38471],[-68.296581,-9.381328],[-68.288314,-9.389681]]]},"properties":{"uc_nome":"Floresta Estadual do Antimary","zona_codigo":"ZPO","zona_nome":"Zona Populacional","cor":"#7c3aed","propriedad":"Cruz I","n°_lote":"Lote 06","proprietar":"Thaiany Heloyse Nascimento da Silva","hectares":98.0944863006,"perimeter":3984.68448324,"area":980944.863006,"acres":242.396754571,"situacao":"Delimitado"}},{"type":"Feature","geometry":{"type":"Polygon","coordinates":[[[-68.300133,-9.37193],[-68.293547,-9.378173],[-68.299827,-9.38471],[-68.306417,-9.378477],[-68.300133,-9.37193]]]},"properties":{"uc_nome":"Floresta Estadual do Antimary","zona_codigo":"ZPO","zona_nome":"Zona Populacional","cor":"#7c3aed","propriedad":"Cruz","n°_lote":"Lote 07","proprietar":"Nilra Ferreira de Oliveira","apelido":"*","conjuge":"Reginaldo Pereira Soares","hectares":99.8963177389,"perimeter":3997.92615599,"area":998963.177389,"acres":246.84917702,"situacao":"Delimitado"}},{"type":"Feature","geometry":{"type":"Polygon","coordinates":[[[-68.277111,-9.42085],[-68.291099,-9.405081],[-68.284843,-9.39928],[-68.284764,-9.409883],[-68.277137,-9.412597],[-68.277111,-9.42085]]]},"properties":{"uc_nome":"Floresta Estadual do Antimary","zona_codigo":"ZPO","zona_nome":"Zona Populacional","cor":"#7c3aed","propriedad":"Limeira","n°_lote":"Lote 01","proprietar":"Ediberto Oliveira Macedo","hectares":98.5799107054,"perimeter":6237.84400292,"area":985799.107054,"acres":243.596264398,"situacao":"Delimitado"}},{"type":"Feature","geometry":{"type":"Polygon","coordinates":[[[-68.277137,-9.412597],[-68.284764,-9.409883],[-68.284843,-9.39928],[-68.277128,-9.401884],[-68.277137,-9.412597]]]},"properties":{"uc_nome":"Floresta Estadual do Antimary","zona_codigo":"ZPO","zona_nome":"Zona Populacional","cor":"#7c3aed","propriedad":"Serra Azul","n°_lote":"Lote 02","proprietar":"José Ribamar Freitas dos Santos","hectares":99.1458404134,"perimeter":4141.17654604,"area":991458.404134,"acres":244.994707162,"situacao":"Delimitado"}},{"type":"Feature","geometry":{"type":"Polygon","coordinates":[[[-68.272056,-9.345592],[-68.282813,-9.34616],[-68.283214,-9.338666],[-68.272442,-9.338098],[-68.272056,-9.345592]]]},"properties":{"uc_nome":"Floresta Estadual do Antimary","zona_codigo":"ZPO","zona_nome":"Zona Populacional","cor":"#7c3aed","propriedad":"Canto do Gavião","n°_lote":"Lote 13","proprietar":"Maria Cliciane Alves Aguiar","hectares":98.2218630165,"perimeter":4027.02894343,"area":982218.630165,"acres":242.711509291,"situacao":"Delimitado"}},{"type":"Feature","geometry":{"type":"Polygon","coordinates":[[[-68.271908,-9.345165],[-68.262899,-9.344655],[-68.262429,-9.35142],[-68.262323,-9.35365],[-68.271394,-9.354125],[-68.271908,-9.345165]]]},"properties":{"uc_nome":"Floresta Estadual do Antimary","zona_codigo":"ZPO","zona_nome":"Zona Populacional","cor":"#7c3aed","propriedad":"Esperança I","n°_lote":"Lote 14","proprietar":"Francisco Lira de Souza","hectares":99.0746929473,"perimeter":3977.41880825,"area":990746.929473,"acres":244.818897945,"situacao":"Delimitado"}},{"type":"Feature","geometry":{"type":"Polygon","coordinates":[[[-68.262429,-9.35142],[-68.262899,-9.344655],[-68.263029,-9.342454],[-68.254019,-9.341832],[-68.253393,-9.350799],[-68.262429,-9.35142]]]},"properties":{"uc_nome":"Floresta Estadual do Antimary","zona_codigo":"ZPO","zona_nome":"Zona Populacional","cor":"#7c3aed","propriedad":"Esperança","n°_lote":"Lote 15","proprietar":"José Lira de Souza","hectares":98.7888931032,"perimeter":3973.8790215,"area":987888.931032,"acres":244.11267115,"situacao":"Delimitado"}},{"type":"Feature","geometry":{"type":"Polygon","coordinates":[[[-68.239545,-9.325739],[-68.223623,-9.323801],[-68.221443,-9.329148],[-68.239736,-9.329733],[-68.239545,-9.325739]]]},"properties":{"uc_nome":"Floresta Estadual do Antimary","zona_codigo":"ZPO","zona_nome":"Zona Populacional","cor":"#7c3aed","propriedad":"Apertado I","n°_lote":"Lote 29","proprietar":"Antonio José da Conceição","hectares":98.5512967728,"perimeter":4851.68212272,"area":985512.967728,"acres":243.525557831,"situacao":"Delimitado"}},{"type":"Feature","geometry":{"type":"Polygon","coordinates":[[[-68.223623,-9.323801],[-68.206599,-9.317248],[-68.204881,-9.321453],[-68.22191,-9.328003],[-68.223623,-9.323801]]]},"properties":{"uc_nome":"Floresta Estadual do Antimary","zona_codigo":"ZPO","zona_nome":"Zona Populacional","cor":"#7c3aed","propriedad":"Apertado","n°_lote":"Lote 30","proprietar":"Raimundo Nonato da Conceição","hectares":100.569629969,"perimeter":5013.90244636,"area":1005696.29969,"acres":248.512967774,"situacao":"Delimitado"}},{"type":"Feature","geometry":{"type":"Polygon","coordinates":[[[-68.220194,-9.332212],[-68.22191,-9.328003],[-68.204881,-9.321453],[-68.20323,-9.325689],[-68.220194,-9.332212]]]},"properties":{"uc_nome":"Floresta Estadual do Antimary","zona_codigo":"ZPO","zona_nome":"Zona Populacional","cor":"#7c3aed","propriedad":"Apertado II","n°_lote":"Lote 31","proprietar":"Manoela Conceição","apelido":"*","conjuge":"João Paulo Cavalcante de Lima (Falecido)","hectares":100.506188771,"perimeter":5007.56639444,"area":1005061.88771,"acres":248.356201161,"situacao":"Delimitado"}},{"type":"Feature","geometry":{"type":"Polygon","coordinates":[[[-68.232084,-9.329538],[-68.219771,-9.341637],[-68.223853,-9.344521],[-68.23585,-9.332083],[-68.232084,-9.329538]]]},"properties":{"uc_nome":"Floresta Estadual do Antimary","zona_codigo":"ZPO","zona_nome":"Zona Populacional","cor":"#7c3aed","propriedad":"Duas Irmãs","n°_lote":"Lote 32","proprietar":"José Leonço da Costa","conjuge":"Flávia Pereira da Silva","hectares":98.522148873,"perimeter":4856.94512987,"area":985221.48873,"acres":243.453531802,"situacao":"Delimitado"}},{"type":"Feature","geometry":{"type":"Polygon","coordinates":[[[-68.227946,-9.347411],[-68.239651,-9.334628],[-68.23585,-9.332083],[-68.223853,-9.344521],[-68.227946,-9.347411]]]},"properties":{"uc_nome":"Floresta Estadual do Antimary","zona_codigo":"ZPO","zona_nome":"Zona Populacional","cor":"#7c3aed","propriedad":"Carrasco","n°_lote":"Lote 33","proprietar":"Evilásio Nogueira da Costa","conjuge":"Maria das Dores Leonço","hectares":99.5420987714,"perimeter":4869.91485568,"area":995420.987714,"acres":245.973882889,"situacao":"Delimitado"}},{"type":"Feature","geometry":{"type":"Polygon","coordinates":[[[-68.239651,-9.334628],[-68.227946,-9.347411],[-68.234361,-9.347903],[-68.24469,-9.336898],[-68.239651,-9.334628]]]},"properties":{"uc_nome":"Floresta Estadual do Antimary","zona_codigo":"ZPO","zona_nome":"Zona Populacional","cor":"#7c3aed","propriedad":"Carrasco II","n°_lote":"Lote 34","proprietar":"Raimundo Nonato Leonço da Costa","conjuge":"Maria Regiane de Lima Melo","hectares":101.184227261,"perimeter":4888.29967187,"area":1011842.27261,"acres":250.031670758,"situacao":"Delimitado"}},{"type":"Feature","geometry":{"type":"Polygon","coordinates":[[[-68.242443,-9.297125],[-68.228615,-9.28893],[-68.226772,-9.293487],[-68.239568,-9.302071],[-68.242443,-9.297125]]]},"properties":{"uc_nome":"Floresta Estadual do Antimary","zona_codigo":"ZPO","zona_nome":"Zona Populacional","cor":"#7c3aed","propriedad":"Nova Olinda","n°_lote":"Lote 25","proprietar":"Francisca Camilo de Assis","hectares":100.849994734,"perimeter":4639.02713586,"area":1008499.94734,"acres":249.205764197,"situacao":"Delimitado"}},{"type":"Feature","geometry":{"type":"Polygon","coordinates":[[[-68.240056,-9.315586],[-68.240283,-9.311172],[-68.229965,-9.303059],[-68.224963,-9.308386],[-68.240056,-9.315586]]]},"properties":{"uc_nome":"Floresta Estadual do Antimary","zona_codigo":"ZPO","zona_nome":"Zona Populacional","cor":"#7c3aed","propriedad":"Castanheira II","n°_lote":"Lote 26","proprietar":"Adayana Silva de Lima","hectares":99.4631003988,"perimeter":4578.35553106,"area":994631.003988,"acres":245.778673659,"situacao":"Delimitado"}},{"type":"Feature","geometry":{"type":"Polygon","coordinates":[[[-68.249826,-9.320253],[-68.238158,-9.31468],[-68.235396,-9.320385],[-68.247105,-9.32598],[-68.249826,-9.320253]]]},"properties":{"uc_nome":"Floresta Estadual do Antimary","zona_codigo":"ZPO","zona_nome":"Zona Populacional","cor":"#7c3aed","propriedad":"Boa União I","n°_lote":"Lote 27","proprietar":"Valdeci Pereira da Silva","hectares":99.7174285834,"perimeter":4248.95613712,"area":997174.285834,"acres":246.40713229,"situacao":"Delimitado"}},{"type":"Feature","geometry":{"type":"Polygon","coordinates":[[[-68.214634,-9.297012],[-68.196936,-9.299622],[-68.19761,-9.304134],[-68.215309,-9.301512],[-68.214634,-9.297012]]]},"properties":{"uc_nome":"Floresta Estadual do Antimary","zona_codigo":"ZPO","zona_nome":"Zona Populacional","cor":"#7c3aed","propriedad":"Boa União","n°_lote":"Lote 28","proprietar":"José Pires da Silva","hectares":98.9932261681,"perimeter":4937.97534727,"area":989932.261681,"acres":244.617589149,"situacao":"Delimitado"}},{"type":"Feature","geometry":{"type":"Polygon","coordinates":[[[-68.283765,-9.283871],[-68.281003,-9.278939],[-68.269491,-9.289211],[-68.273328,-9.293237],[-68.283765,-9.283871]]]},"properties":{"uc_nome":"Floresta Estadual do Antimary","zona_codigo":"ZPO","zona_nome":"Zona Populacional","cor":"#7c3aed","propriedad":"São Pedro II","n°_lote":"Lote 20","proprietar":"Valdenir Freitas dos Santos","hectares":99.0347155717,"perimeter":4481.44854961,"area":990347.155717,"acres":244.720111698,"situacao":"Delimitado"}},{"type":"Feature","geometry":{"type":"Polygon","coordinates":[[[-68.274435,-9.271698],[-68.278696,-9.277176],[-68.288103,-9.277665],[-68.286876,-9.268888],[-68.274435,-9.271698]]]},"properties":{"uc_nome":"Floresta Estadual do Antimary","zona_codigo":"ZPO","zona_nome":"Zona Populacional","cor":"#7c3aed","propriedad":"São Pedro","n°_lote":"Lote 21","proprietar":"Marivaldo Rodrigues de Freitas","hectares":98.4220167772,"perimeter":4181.22307502,"area":984220.167772,"acres":243.206100005,"situacao":"Delimitado"}},{"type":"Feature","geometry":{"type":"Polygon","coordinates":[[[-68.26368,-9.245798],[-68.255213,-9.242138],[-68.250264,-9.250091],[-68.259174,-9.253038],[-68.26368,-9.245798]]]},"properties":{"uc_nome":"Floresta Estadual do Antimary","zona_codigo":"ZPO","zona_nome":"Zona Populacional","cor":"#7c3aed","propriedad":"Japão","n°_lote":"Lote 22","proprietar":"Roneudo Barreto de Souza","hectares":99.129674675,"perimeter":4020.80407552,"area":991296.74675,"acres":244.954760753,"situacao":"Delimitado"}},{"type":"Feature","geometry":{"type":"Polygon","coordinates":[[[-68.243855,-9.239204],[-68.232959,-9.24614],[-68.236388,-9.251485],[-68.2473,-9.244547],[-68.243855,-9.239204]]]},"properties":{"uc_nome":"Floresta Estadual do Antimary","zona_codigo":"ZPO","zona_nome":"Zona Populacional","cor":"#7c3aed","propriedad":"Oriente","n°_lote":"Lote 23","proprietar":"Ronaleudo Barreto de Souza","hectares":99.7405843659,"perimeter":4247.20308572,"area":997405.843659,"acres":246.464351475,"situacao":"Delimitado"}},{"type":"Feature","geometry":{"type":"Polygon","coordinates":[[[-68.240227,-9.254196],[-68.236388,-9.251485],[-68.23267,-9.269714],[-68.236821,-9.270814],[-68.240227,-9.254196]]]},"properties":{"uc_nome":"Floresta Estadual do Antimary","zona_codigo":"ZPO","zona_nome":"Zona Populacional","cor":"#7c3aed","propriedad":"Cantinho","n°_lote":"Lote 24","proprietar":"Francisco Ferreira dos Santos","hectares":92.7873874512,"perimeter":4920.89045246,"area":927873.874512,"acres":229.282627715,"situacao":"Delimitado"}},{"type":"Feature","geometry":{"type":"Polygon","coordinates":[[[-68.317233,-9.296355],[-68.311911,-9.307093],[-68.31856,-9.313164],[-68.320271,-9.30992],[-68.319848,-9.310285],[-68.319543,-9.310396],[-68.318581,-9.309893],[-68.318479,-9.309313],[-68.31874,-9.308942],[-68.318916,-9.308066],[-68.318857,-9.307571],[-68.319277,-9.30663],[-68.320838,-9.306696],[-68.320956,-9.305937],[-68.321291,-9.305706],[-68.321661,-9.305043],[-68.321151,-9.304149],[-68.320833,-9.302357],[-68.319642,-9.302048],[-68.319066,-9.301651],[-68.317939,-9.302109],[-68.317513,-9.301449],[-68.317174,-9.30016],[-68.317284,-9.299929],[-68.317188,-9.299176],[-68.317962,-9.298983],[-68.318713,-9.29853],[-68.318869,-9.297194],[-68.317738,-9.296989],[-68.317233,-9.296355]]]},"properties":{"uc_nome":"Floresta Estadual do Antimary","zona_codigo":"ZPO","zona_nome":"Zona Populacional","cor":"#7c3aed","propriedad":"Canaã","n°_lote":"Lote 16","proprietar":"Ana Irla Freitas Silva","apelido":"*","conjuge":"Marenilson Gomes Barbosa","hectares":89.9374597544,"perimeter":5260.30328452,"area":899374.597544,"acres":222.240303008,"situacao":"Delimitado"}},{"type":"Feature","geometry":{"type":"Polygon","coordinates":[[[-68.328142,-9.277421],[-68.320926,-9.272039],[-68.315561,-9.279142],[-68.322801,-9.284535],[-68.328142,-9.277421]]]},"properties":{"uc_nome":"Floresta Estadual do Antimary","zona_codigo":"ZPO","zona_nome":"Zona Populacional","cor":"#7c3aed","propriedad":"Centrin","n°_lote":"Lote 17","proprietar":"Francisco Vital da Conceição Costa","apelido":"*","hectares":97.4200747982,"perimeter":3948.12957792,"area":974200.747982,"acres":240.730247456,"situacao":"Delimitado"}},{"type":"Feature","geometry":{"type":"Polygon","coordinates":[[[-68.312383,-9.278899],[-68.303249,-9.278199],[-68.301269,-9.28713],[-68.306921,-9.289571],[-68.312383,-9.278899]]]},"properties":{"uc_nome":"Floresta Estadual do Antimary","zona_codigo":"ZPO","zona_nome":"Zona Populacional","cor":"#7c3aed","propriedad":"Castanheira II","n°_lote":"Lote 18","proprietar":"Raimundo Tavares da Silva","hectares":95.1055480299,"perimeter":4018.14326413,"area":951055.480299,"acres":235.010927256,"situacao":"Delimitado"}},{"type":"Feature","geometry":{"type":"Polygon","coordinates":[[[-68.307258,-9.294039],[-68.305629,-9.291065],[-68.304152,-9.291053],[-68.294983,-9.297882],[-68.303206,-9.304084],[-68.307258,-9.294039]]]},"properties":{"uc_nome":"Floresta Estadual do Antimary","zona_codigo":"ZPO","zona_nome":"Zona Populacional","cor":"#7c3aed","propriedad":"Primavera","n°_lote":"Lote 19","proprietar":"Sanderlei Pereira da Silva Souza","hectares":97.5814365196,"perimeter":4125.88220494,"area":975814.365196,"acres":241.128980953,"situacao":"Delimitado"}},{"type":"Feature","geometry":{"type":"Polygon","coordinates":[[[-68.19329,-9.338948],[-68.187883,-9.33862],[-68.186952,-9.3536],[-68.192379,-9.353922],[-68.19329,-9.338948]]]},"properties":{"uc_nome":"Floresta Estadual do Antimary","zona_codigo":"ZPO","zona_nome":"Zona Populacional","cor":"#7c3aed","propriedad":"Patoá","n°_lote":"Lote 35","proprietar":"Francisco Pires de Souza","hectares":98.8790636144,"perimeter":4510.18059705,"area":988790.636144,"acres":244.335487336,"situacao":"Delimitado"}},{"type":"Feature","geometry":{"type":"Polygon","coordinates":[[[-68.271484,-9.382099],[-68.264247,-9.381535],[-68.263375,-9.392348],[-68.270635,-9.392908],[-68.271484,-9.382099]]]},"properties":{"uc_nome":"Floresta Estadual do Antimary","zona_codigo":"ZPO","zona_nome":"Zona Populacional","cor":"#7c3aed","propriedad":"Três Irmãs","n°_lote":"Lote 04","proprietar":"Edvanda Camilo de Assis","conjuge":"Raimundo Nonato Nascimento da Silva","hectares":95.7266587323,"perimeter":3994.82853684,"area":957266.587323,"acres":236.545725226,"situacao":"Delimitado"}},{"type":"Feature","geometry":{"type":"Polygon","coordinates":[[[-68.284843,-9.39928],[-68.278033,-9.390617],[-68.270929,-9.392909],[-68.277128,-9.401884],[-68.284843,-9.39928]]]},"properties":{"uc_nome":"Floresta Estadual do Antimary","zona_codigo":"ZPO","zona_nome":"Zona Populacional","cor":"#7c3aed","propriedad":"Morada Nova","n°_lote":"Lote 03","proprietar":"Jamilo Barbosa Camilo","conjuge":"Antonia da Silva Soares Filha","hectares":98.661958304,"perimeter":4133.34693721,"area":986619.58304,"acres":243.79900843,"situacao":"Delimitado"}},{"type":"Feature","geometry":{"type":"Polygon","coordinates":[[[-68.17945,-9.359588],[-68.162247,-9.353649],[-68.160755,-9.357903],[-68.177967,-9.363832],[-68.17945,-9.359588]]]},"properties":{"uc_nome":"Floresta Estadual do Antimary","zona_codigo":"ZPO","zona_nome":"Zona Populacional","cor":"#7c3aed","propriedad":"Patoá I","n°_lote":"Lote 36","proprietar":"Creilson da Silva Cavalcante","hectares":99.4888774839,"perimeter":4995.3428942,"area":994888.774839,"acres":245.842370224,"situacao":"Não delimitado"}},{"type":"Feature","geometry":{"type":"Polygon","coordinates":[[[-68.091904,-9.328636],[-68.095854,-9.310979],[-68.09141,-9.309999],[-68.08746,-9.327656],[-68.091904,-9.328636]]]},"properties":{"uc_nome":"Floresta Estadual do Antimary","zona_codigo":"ZPO","zona_nome":"Zona Populacional","cor":"#7c3aed","propriedad":"Cajueiro I","n°_lote":"Lote 37","proprietar":"Iracilda Ferreira do Santos","hectares":99.9999999987,"perimeter":4999.99999998,"area":999999.999987,"acres":247.105381464,"situacao":"Não delimitado"}},{"type":"Feature","geometry":{"type":"Polygon","coordinates":[[[-68.134197,-9.342905],[-68.141433,-9.349394],[-68.147139,-9.343684],[-68.140282,-9.33671],[-68.134197,-9.342905]]]},"properties":{"uc_nome":"Floresta Estadual do Antimary","zona_codigo":"ZPO","zona_nome":"Zona Populacional","cor":"#7c3aed","propriedad":"Gameleira","n°_lote":"Lote 38","proprietar":"Valdomiro da Silva Gomes","hectares":99.1257850331,"perimeter":3995.03207626,"area":991257.850331,"acres":244.945149238,"situacao":"Não delimitado"}},{"type":"Feature","geometry":{"type":"Polygon","coordinates":[[[-68.113738,-9.339624],[-68.131052,-9.334017],[-68.12964,-9.329717],[-68.112326,-9.335325],[-68.113738,-9.339624]]]},"properties":{"uc_nome":"Floresta Estadual do Antimary","zona_codigo":"ZPO","zona_nome":"Zona Populacional","cor":"#7c3aed","propriedad":"Pau Pelado","n°_lote":"Lote 39","proprietar":"Edilson da Silva Carneiro","hectares":99.999999999,"perimeter":4999.99999998,"area":999999.99999,"acres":247.105381465,"situacao":"Não delimitado"}},{"type":"Feature","geometry":{"type":"Polygon","coordinates":[[[-68.188871,-9.332812],[-68.19791,-9.31711],[-68.193958,-9.314865],[-68.184918,-9.330568],[-68.188871,-9.332812]]]},"properties":{"uc_nome":"Floresta Estadual do Antimary","zona_codigo":"ZPO","zona_nome":"Zona Populacional","cor":"#7c3aed","propriedad":"Boa União III","n°_lote":"Lote 40","proprietar":"Raimundo Teixeira de Almeida","hectares":99.9999999996,"perimeter":4999.99999999,"area":999999.999996,"acres":247.105381466,"situacao":"Não delimitado"}},{"type":"Feature","geometry":{"type":"Polygon","coordinates":[[[-68.184918,-9.330568],[-68.193958,-9.314865],[-68.190013,-9.312659],[-68.180974,-9.328361],[-68.184918,-9.330568]]]},"properties":{"uc_nome":"Floresta Estadual do Antimary","zona_codigo":"ZPO","zona_nome":"Zona Populacional","cor":"#7c3aed","propriedad":"Boa União II","n°_lote":"Lote 41","proprietar":"Manoel Oliveira da Silva","hectares":99.4301497512,"perimeter":4994.3225164,"area":994301.497512,"acres":245.697250836,"situacao":"Não delimitado"}},{"type":"Feature","geometry":{"type":"Polygon","coordinates":[[[-68.142335,-9.298661],[-68.146387,-9.296599],[-68.138058,-9.280474],[-68.134014,-9.282308],[-68.142335,-9.298661]]]},"properties":{"uc_nome":"Floresta Estadual do Antimary","zona_codigo":"ZPO","zona_nome":"Zona Populacional","cor":"#7c3aed","propriedad":"Bom Futuro","n°_lote":"Lote 42","proprietar":"Proprietar\tDayane Lima da Silva","hectares":99.5288477453,"perimeter":5018.34473457,"area":995288.477453,"acres":245.941138891,"situacao":"Não delimitado"}},{"type":"Feature","geometry":{"type":"Polygon","coordinates":[[[-68.128988,-9.304387],[-68.121207,-9.288114],[-68.117066,-9.289991],[-68.124812,-9.306247],[-68.128988,-9.304387]]]},"properties":{"uc_nome":"Floresta Estadual do Antimary","zona_codigo":"ZPO","zona_nome":"Zona Populacional","cor":"#7c3aed","propriedad":"Cachorra Magra","n°_lote":"Lote 43","proprietar":"Raimundo Silva de Oliveira","hectares":99.7698564155,"perimeter":4983.3440297,"area":997698.564155,"acres":246.536684285,"situacao":"Não delimitado"}},{"type":"Feature","geometry":{"type":"Polygon","coordinates":[[[-68.133142,-9.302535],[-68.12537,-9.286226],[-68.122482,-9.287536],[-68.121207,-9.288114],[-68.128988,-9.304387],[-68.133142,-9.302535]]]},"properties":{"uc_nome":"Floresta Estadual do Antimary","zona_codigo":"ZPO","zona_nome":"Zona Populacional","cor":"#7c3aed","propriedad":"Cachorra Magra III","n°_lote":"Lote 44","proprietar":"Luiz de Morais Lima","hectares":99.9341865554,"perimeter":4989.82180484,"area":999341.865554,"acres":246.942752904,"situacao":"Não delimitado"}},{"type":"Feature","geometry":{"type":"Polygon","coordinates":[[[-68.074452,-9.309251],[-68.076364,-9.313296],[-68.092999,-9.305835],[-68.091054,-9.301749],[-68.074452,-9.309251]]]},"properties":{"uc_nome":"Floresta Estadual do Antimary","zona_codigo":"ZPO","zona_nome":"Zona Populacional","cor":"#7c3aed","propriedad":"Caetano","n°_lote":"Lote 45","proprietar":"Alberlindo Cavalcante de Souza","apelido":"ccc","hectares":99.5685281648,"perimeter":5001.78012703,"area":995685.281648,"acres":246.039191343,"situacao":"Não delimitado"}},{"type":"Feature","geometry":{"type":"Polygon","coordinates":[[[-68.091054,-9.301749],[-68.092999,-9.305835],[-68.109514,-9.298217],[-68.107847,-9.29416],[-68.091054,-9.301749]]]},"properties":{"uc_nome":"Floresta Estadual do Antimary","zona_codigo":"ZPO","zona_nome":"Zona Populacional","cor":"#7c3aed","propriedad":"Boeiro","n°_lote":"Lote 46","proprietar":"Franceildo da Silva Cardoso","hectares":99.0178438403,"perimeter":5010.53894613,"area":990178.438403,"acres":244.678420742,"situacao":"Não delimitado"}},{"type":"Feature","geometry":{"type":"Polygon","coordinates":[[[-68.039841,-9.324911],[-68.041757,-9.328932],[-68.058393,-9.321472],[-68.056478,-9.317384],[-68.039841,-9.324911]]]},"properties":{"uc_nome":"Floresta Estadual do Antimary","zona_codigo":"ZPO","zona_nome":"Zona Populacional","cor":"#7c3aed","propriedad":"Ladeira","n°_lote":"Lote 47","proprietar":"Geraldo Barbosa da Silva","hectares":99.3417499341,"perimeter":5002.93658666,"area":993417.499341,"acres":245.478810131,"situacao":"Não delimitado"}},{"type":"Feature","geometry":{"type":"Polygon","coordinates":[[[-68.047014,-9.337625],[-68.041203,-9.335644],[-68.036582,-9.349763],[-68.037698,-9.350431],[-68.039121,-9.350443],[-68.039529,-9.350066],[-68.03818,-9.347749],[-68.038334,-9.347371],[-68.038927,-9.347322],[-68.039112,-9.347576],[-68.040095,-9.347377],[-68.040552,-9.347496],[-68.040848,-9.347875],[-68.042293,-9.348729],[-68.042395,-9.35021],[-68.04222,-9.3509],[-68.042683,-9.351785],[-68.043242,-9.351988],[-68.043792,-9.351956],[-68.04403,-9.351789],[-68.04404,-9.351267],[-68.043432,-9.350407],[-68.04346,-9.34939],[-68.043223,-9.348834],[-68.047014,-9.337625]]]},"properties":{"uc_nome":"Floresta Estadual do Antimary","zona_codigo":"ZPO","zona_nome":"Zona Populacional","cor":"#7c3aed","propriedad":"Planeta","n°_lote":"Lote 48","proprietar":"Eriberto Alencar de Souza","hectares":99.0643064703,"perimeter":5689.53337507,"area":990643.064703,"acres":244.793232401,"situacao":"Não delimitado"}},{"type":"Feature","geometry":{"type":"Polygon","coordinates":[[[-68.067681,-9.360174],[-68.06477,-9.357848],[-68.066645,-9.353645],[-68.066334,-9.353415],[-68.063089,-9.351017],[-68.059748,-9.355534],[-68.058035,-9.354299],[-68.054924,-9.359062],[-68.055768,-9.35867],[-68.056849,-9.358619],[-68.057729,-9.358919],[-68.058136,-9.359569],[-68.058003,-9.359957],[-68.05763,-9.360082],[-68.056369,-9.359934],[-68.055431,-9.360815],[-68.055393,-9.361284],[-68.05582,-9.361385],[-68.056557,-9.360719],[-68.056957,-9.360738],[-68.057274,-9.361019],[-68.057304,-9.361488],[-68.056639,-9.362397],[-68.056313,-9.363839],[-68.056423,-9.364867],[-68.056785,-9.365292],[-68.057321,-9.365158],[-68.057263,-9.363309],[-68.057527,-9.362958],[-68.058926,-9.362935],[-68.059257,-9.362764],[-68.059796,-9.36163],[-68.060232,-9.361676],[-68.06082,-9.362336],[-68.061181,-9.363166],[-68.061262,-9.363626],[-68.061679,-9.363709],[-68.062067,-9.363079],[-68.062317,-9.36312],[-68.063915,-9.360539],[-68.067681,-9.360174]]]},"properties":{"uc_nome":"Floresta Estadual do Antimary","zona_codigo":"ZPO","zona_nome":"Zona Populacional","cor":"#7c3aed","propriedad":"Limoeiro Velho","n°_lote":"Lote 49","proprietar":"Rosenir Silva da Cruz","hectares":99.7389817742,"perimeter":6329.93040384,"area":997389.817742,"acres":246.460391385,"situacao":"Não delimitado"}},{"type":"Feature","geometry":{"type":"Polygon","coordinates":[[[-68.090468,-9.355999],[-68.089899,-9.355865],[-68.084167,-9.36234],[-68.084732,-9.363581],[-68.084963,-9.365681],[-68.085053,-9.365771],[-68.085453,-9.365777],[-68.086244,-9.365381],[-68.086534,-9.365486],[-68.086588,-9.365845],[-68.086565,-9.36627],[-68.087008,-9.366805],[-68.087085,-9.367803],[-68.087331,-9.368037],[-68.087742,-9.368115],[-68.088017,-9.367892],[-68.088267,-9.366743],[-68.088454,-9.366608],[-68.089007,-9.366707],[-68.089252,-9.366621],[-68.089533,-9.366154],[-68.089884,-9.366111],[-68.090755,-9.366522],[-68.09101,-9.366523],[-68.091652,-9.366263],[-68.092095,-9.366319],[-68.095857,-9.361715],[-68.095104,-9.359908],[-68.093405,-9.35791],[-68.091061,-9.356362],[-68.090468,-9.355999]]]},"properties":{"uc_nome":"Floresta Estadual do Antimary","zona_codigo":"ZPO","zona_nome":"Zona Populacional","cor":"#7c3aed","propriedad":"São Sebastião","n°_lote":"Lote 50","proprietar":"Francisco Ecildo de Lima","hectares":99.3738748174,"perimeter":4138.04807656,"area":993738.748174,"acres":245.558192446,"situacao":"Não delimitado"}},{"type":"Feature","geometry":{"type":"Polygon","coordinates":[[[-68.116499,-9.375927],[-68.111688,-9.373606],[-68.104666,-9.385019],[-68.104758,-9.385515],[-68.102636,-9.386284],[-68.102432,-9.386778],[-68.103007,-9.387678],[-68.103692,-9.38802],[-68.104659,-9.387868],[-68.104973,-9.386955],[-68.106577,-9.387671],[-68.106936,-9.387533],[-68.106906,-9.387146],[-68.106315,-9.386463],[-68.106472,-9.386185],[-68.107329,-9.386079],[-68.107789,-9.386236],[-68.107896,-9.38715],[-68.108144,-9.387553],[-68.108409,-9.387538],[-68.109238,-9.38658],[-68.109893,-9.386365],[-68.110176,-9.38659],[-68.110041,-9.387455],[-68.116499,-9.375927]]]},"properties":{"uc_nome":"Floresta Estadual do Antimary","zona_codigo":"ZPO","zona_nome":"Zona Populacional","cor":"#7c3aed","propriedad":"Duas Barracas I","n°_lote":"Lote 51","proprietar":"Agenor Nascimento Barreto","hectares":99.4645505037,"perimeter":5400.63631445,"area":994645.505037,"acres":245.782256947,"situacao":"Não delimitado"}},{"type":"Feature","geometry":{"type":"Polygon","coordinates":[[[-68.26518,-9.370396],[-68.263437,-9.366275],[-68.246644,-9.373277],[-68.248457,-9.377426],[-68.248579,-9.377705],[-68.249461,-9.377007],[-68.249468,-9.377001],[-68.265155,-9.370421],[-68.26518,-9.370396]]]},"properties":{"uc_nome":"Floresta Estadual do Antimary","zona_codigo":"ZPO","zona_nome":"Zona Populacional","cor":"#7c3aed","propriedad":"Sororoca I","n°_lote":"Lote 52","proprietar":"Josias Vasconcelos de Souza","hectares":99.6299003667,"perimeter":5026.50258747,"area":996299.003667,"acres":246.190845356,"situacao":"Não delimitado"}},{"type":"Feature","geometry":{"type":"Polygon","coordinates":[[[-68.162247,-9.353649],[-68.17945,-9.359588],[-68.18095,-9.35531],[-68.163747,-9.349371],[-68.162247,-9.353649]]]},"properties":{"uc_nome":"Floresta Estadual do Antimary","zona_codigo":"ZPO","zona_nome":"Zona Populacional","cor":"#7c3aed","propriedad":"Patoá III","n°_lote":"Lote 53","proprietar":"Clemilda Pedroza da Silva","hectares":100.182559692,"perimeter":5001.82578193,"area":1001825.59692,"acres":247.556496291,"situacao":"Não delimitado"}},{"type":"Feature","geometry":{"type":"Polygon","coordinates":[[[-68.196598,-9.258762],[-68.194889,-9.254721],[-68.17794,-9.262399],[-68.179872,-9.266456],[-68.196598,-9.258762]]]},"properties":{"uc_nome":"Floresta Estadual do Antimary","zona_codigo":"ZPO","zona_nome":"Zona Populacional","cor":"#7c3aed","propriedad":"Limão","n°_lote":"Lote 54","proprietar":"José Pires da Silva","hectares":99.7987485627,"perimeter":5051.78102895,"area":997987.485627,"acres":246.608078335,"situacao":"Não delimitado"}},{"type":"Feature","geometry":{"type":"Polygon","coordinates":[[[-68.104666,-9.385019],[-68.111688,-9.373606],[-68.10673,-9.371105],[-68.102307,-9.376211],[-68.101325,-9.378775],[-68.100005,-9.380031],[-68.099189,-9.380791],[-68.098767,-9.381347],[-68.098984,-9.38189],[-68.10023,-9.382311],[-68.100564,-9.382871],[-68.10064,-9.383382],[-68.101122,-9.383925],[-68.101668,-9.383833],[-68.103043,-9.382645],[-68.103557,-9.382723],[-68.103492,-9.383776],[-68.104666,-9.385019]]]},"properties":{"uc_nome":"Floresta Estadual do Antimary","zona_codigo":"ZPO","zona_nome":"Zona Populacional","cor":"#7c3aed","propriedad":"Poção","n°_lote":"Lote 55","proprietar":"Arnor Nascimento Barreto","hectares":99.9595783975,"perimeter":4579.56519468,"area":999595.783975,"acres":247.005497512,"situacao":"Não delimitado"}},{"type":"Feature","geometry":{"type":"Polygon","coordinates":[[[-68.110041,-9.387455],[-68.110151,-9.388005],[-68.110761,-9.388619],[-68.111117,-9.388609],[-68.111246,-9.388092],[-68.11103,-9.387204],[-68.111238,-9.38702],[-68.111997,-9.387497],[-68.112766,-9.387304],[-68.113194,-9.386695],[-68.113154,-9.385424],[-68.113676,-9.384994],[-68.114153,-9.385039],[-68.114257,-9.385459],[-68.114124,-9.387884],[-68.114176,-9.388298],[-68.114535,-9.388875],[-68.114962,-9.389038],[-68.115373,-9.388949],[-68.115447,-9.388396],[-68.115354,-9.38758],[-68.115675,-9.387252],[-68.116336,-9.387488],[-68.116769,-9.387568],[-68.117151,-9.38777],[-68.11748,-9.388333],[-68.117468,-9.388829],[-68.116379,-9.389685],[-68.116216,-9.390003],[-68.116285,-9.390359],[-68.116494,-9.390424],[-68.117323,-9.389403],[-68.118603,-9.386961],[-68.122802,-9.378967],[-68.116499,-9.375927],[-68.110041,-9.387455]]]},"properties":{"uc_nome":"Floresta Estadual do Antimary","zona_codigo":"ZPO","zona_nome":"Zona Populacional","cor":"#7c3aed","propriedad":"Duas Barracas","n°_lote":"Lote 56","proprietar":"Donato Barreto","hectares":100.807447034,"perimeter":5890.12749347,"area":1008074.47034,"acres":249.10062654,"situacao":"Não delimitado"}},{"type":"Feature","geometry":{"type":"Polygon","coordinates":[[[-68.350956,-9.183974],[-68.322536,-9.196888],[-68.281108,-9.215655],[-68.279549,-9.216361],[-68.28008,-9.217134],[-68.280404,-9.218284],[-68.281306,-9.219356],[-68.284512,-9.222164],[-68.287786,-9.227598],[-68.286426,-9.234402],[-68.284429,-9.237182],[-68.283338,-9.24013],[-68.282652,-9.24464],[-68.281737,-9.245948],[-68.282644,-9.246199],[-68.284869,-9.247032],[-68.288082,-9.248609],[-68.290146,-9.248948],[-68.295543,-9.247927],[-68.296937,-9.245621],[-68.30589,-9.255025],[-68.305137,-9.256662],[-68.30429,-9.260515],[-68.302454,-9.263951],[-68.300247,-9.265964],[-68.303938,-9.26585],[-68.306939,-9.264579],[-68.311537,-9.264747],[-68.314307,-9.265684],[-68.317795,-9.265348],[-68.320733,-9.265458],[-68.323733,-9.26649],[-68.32864,-9.270006],[-68.334182,-9.279153],[-68.356992,-9.280601],[-68.383088,-9.286747],[-68.396215,-9.292644],[-68.394334,-9.296765],[-68.40748,-9.301386],[-68.405663,-9.296283],[-68.405312,-9.290913],[-68.407326,-9.286743],[-68.408374,-9.276587],[-68.409722,-9.27452],[-68.393176,-9.258985],[-68.378017,-9.247692],[-68.361253,-9.245629],[-68.348053,-9.240166],[-68.349716,-9.22475],[-68.358618,-9.208967],[-68.367178,-9.199811],[-68.366582,-9.199508],[-68.366473,-9.198907],[-68.366077,-9.199252],[-68.365843,-9.198763],[-68.364216,-9.198289],[-68.364179,-9.196371],[-68.363223,-9.196196],[-68.362482,-9.197003],[-68.361981,-9.196453],[-68.360687,-9.196757],[-68.359908,-9.196174],[-68.359096,-9.196391],[-68.358482,-9.195652],[-68.358445,-9.195015],[-68.35748,-9.195419],[-68.356597,-9.193875],[-68.356322,-9.192704],[-68.356348,-9.191873],[-68.355243,-9.190988],[-68.354812,-9.19116],[-68.354405,-9.190657],[-68.354625,-9.190065],[-68.353988,-9.190055],[-68.35332,-9.189588],[-68.352857,-9.189945],[-68.352092,-9.189462],[-68.352194,-9.188378],[-68.351629,-9.187187],[-68.35226,-9.187],[-68.352054,-9.186205],[-68.352042,-9.185475],[-68.351759,-9.184549],[-68.351126,-9.184375],[-68.350956,-9.183974]]]},"properties":{"uc_nome":"Floresta Estadual do Antimary","zona_codigo":"ZUC","zona_nome":"Zona de Uso Conflitante","cor":"#dc2626","propriet":"Área de Contingência","perimeter":50277.0996661,"hectares":7998.90998552,"area":79989099.8552,"acres":19765.7370329}}]}